ComplaintId,text,Category,FamilyId,augmentation,source_id
236,Hi support — Repair appointment canceled by vendor twice without offering new date.,warranty_repair,template:warranty_repair:7,original,236
236_pidgin,"Make una hear me o, how far support — Repair appointment canceled by vendor twice without offering new date.",warranty_repair,aug:pidgin:template:warranty_repair:7,pidgin,236
236_yoruba,Mo ní pé Hi support — Repair appointment canceled by vendor twice without offering new date.,warranty_repair,aug:yoruba:template:warranty_repair:7,yoruba,236
236_igbo,"Nna, Hi support — Repair appointment canceled by vendor twice without offering new date.",warranty_repair,aug:igbo:template:warranty_repair:7,igbo,236
236_hausa,Hi support — Repair appointment canceled by vendor twice without offering new date. Don Allah ku taimake ni.,warranty_repair,aug:hausa:template:warranty_repair:7,hausa,236
230,Do you offer student pricing on annual software licenses?,general_inquiry,template:general_inquiry:1,original,230
230_pidgin,I wan ask about Do you offer student pricing on annual software licenses?,general_inquiry,aug:pidgin:template:general_inquiry:1,pidgin,230
230_yoruba,Ó ṣeé ṣe kí Do you offer student pricing on annual software licenses? Ẹ ṣe iranlọwọ fún mi.,general_inquiry,aug:yoruba:template:general_inquiry:1,yoruba,230
230_hausa,Do you offer student pricing on annual software licenses? Don Allah ku taimake ni.,general_inquiry,aug:hausa:template:general_inquiry:1,hausa,230
267,"Hello, The laptop screen flickers after only two weeks of normal use.",product_defect,template:product_defect:0,original,267
267_pidgin,"how far, The laptop screen flickers after only two weeks of normal use. Make e work well abeg.",product_defect,aug:pidgin:template:product_defect:0,pidgin,267
267_yoruba,"Ẹ jọ̀wọ́, Hello, The laptop screen flickers after only two weeks of normal use.",product_defect,aug:yoruba:template:product_defect:0,yoruba,267
267_igbo,"Biko kwe ka m kwuo na kedu, The laptop screen flickers after only two weeks of normal use. Obi adịghị m mma.",product_defect,aug:igbo:template:product_defect:0,igbo,267
267_hausa,"Ina roko, sannu, The laptop screen flickers after only two weeks of normal use.",product_defect,aug:hausa:template:product_defect:0,hausa,267
141,"Hello, I see an unknown recurring charge labeled premium support on my statement.",billing,template:billing:5,original,141
141_pidgin,"Dem dey charge me Hello, I see an unknown recurring charge labeled premium support on my... wey I no authorize.",billing,aug:pidgin:template:billing:5,pidgin,141
141_yoruba,"Ẹ jọ̀wọ́, bawo ni, I see an unknown recurring charge labeled premium support on my statement.",billing,aug:yoruba:template:billing:5,yoruba,141
141_igbo,"Biko kwe ka m kwuo na Hello, I see an unknown recurring charge labeled premium support on my statement.",billing,aug:igbo:template:billing:5,igbo,141
141_hausa,"Ina roko, Hello, I see an unknown recurring charge labeled premium support on my statement.",billing,aug:hausa:template:billing:5,hausa,141
272,Writing to complain: Auto-renew toggled back on after software update without consent. Please advise.,subscription_cancel,template:subscription_cancel:7,original,272
272_pidgin,Writing to complain: Auto-renew toggled back on after software update without consent. abeg advise.,subscription_cancel,aug:pidgin:template:subscription_cancel:7,pidgin,272
272_yoruba,Writing to complain: Auto-renew toggled back on after software update without consent. jọ̀wọ́ advise.,subscription_cancel,aug:yoruba:template:subscription_cancel:7,yoruba,272
272_igbo,Writing to complain: Auto-renew toggled back on after software update without consent. biko advise. Obi adịghị m mma.,subscription_cancel,aug:igbo:template:subscription_cancel:7,igbo,272
272_hausa,"Ina roko, Writing to complain: Auto-renew toggled back on after software update without consent. Please advise.",subscription_cancel,aug:hausa:template:subscription_cancel:7,hausa,272
64,"Hello, Auto-renew toggled back on after software update without consent.",subscription_cancel,template:subscription_cancel:7,original,64
64_pidgin,"how far, Auto-renew toggled back on after software update without consent. I don tire for this matter.",subscription_cancel,aug:pidgin:template:subscription_cancel:7,pidgin,64
64_yoruba,"bawo ni, Auto-renew toggled back on after software update without consent. Ẹ ṣe iranlọwọ fún mi.",subscription_cancel,aug:yoruba:template:subscription_cancel:7,yoruba,64
64_igbo,"Kedu ihe mere na Hello, Auto-renew toggled back on after software update without consent. Obi adịghị m mma.",subscription_cancel,aug:igbo:template:subscription_cancel:7,igbo,64
64_hausa,"Wannan ba daidai ba ne, sannu, Auto-renew toggled back on after software update without consent.",subscription_cancel,aug:hausa:template:subscription_cancel:7,hausa,64
39,Writing to complain: Warranty inspection completed but authorized repair was never scheduled. Please advise.,warranty_repair,overlap:1,original,39
39_pidgin,"Na unfair o, Writing to complain: Warranty inspection completed but authorized repair was never scheduled. Please advise. Make e work well abeg.",warranty_repair,aug:pidgin:overlap:1,pidgin,39
39_yoruba,Writing to complain: Warranty inspection completed but authorized repair was never scheduled. jọ̀wọ́ advise.,warranty_repair,aug:yoruba:overlap:1,yoruba,39
39_igbo,"Nna, Writing to complain: Warranty inspection completed but authorized repair was never scheduled. biko advise. Biko nyere m aka.",warranty_repair,aug:igbo:overlap:1,igbo,39
39_hausa,"Don Allah, Writing to complain: Warranty inspection completed but authorized repair was never scheduled. Please advise.",warranty_repair,aug:hausa:overlap:1,hausa,39
301,Writing to complain: Return approved weeks ago but reimbursement still not issued. Please advise.,refund_return,overlap:3,original,301
301_pidgin,"Na unfair o, Writing to complain: Return approved weeks ago but reimbursement still not issued. Please advise. Make e work well abeg.",refund_return,aug:pidgin:overlap:3,pidgin,301
301_yoruba,"E jọ, Writing to complain: Return approved weeks ago but reimbursement still not issued. jọ̀wọ́ advise. Mo ti rẹ.",refund_return,aug:yoruba:overlap:3,yoruba,301
301_igbo,Biko kwe ka m kwuo na Writing to complain: Return approved weeks ago but reimbursement still not issued. biko advise.,refund_return,aug:igbo:overlap:3,igbo,301
301_hausa,"Ina roko, Writing to complain: Return approved weeks ago but reimbursement still not issued. Please advise. Don Allah ku taimake ni.",refund_return,aug:hausa:overlap:3,hausa,301
374,Writing to complain: Support quoted one price on chat but checkout billed a higher amount. Please advise.,billing,confusable:11,original,374
374_pidgin,Writing to complain: support quoted one price on chat but checkout billed a higher amount. abeg advise.,billing,aug:pidgin:confusable:11,pidgin,374
374_yoruba,Writing to complain: Support quoted one price on chat but checkout billed a higher amount. jọ̀wọ́ advise. Mo ti rẹ.,billing,aug:yoruba:confusable:11,yoruba,374
374_igbo,Writing to complain: Support quoted one price on chat but checkout billed a higher amount. biko advise. Obi adịghị m mma.,billing,aug:igbo:confusable:11,igbo,374
374_hausa,"Wannan ba daidai ba ne, Writing to complain: Support quoted one price on chat but checkout billed a higher amount. Please advise.",billing,aug:hausa:confusable:11,hausa,374
76,"Hello, Bluetooth headphones stop pairing after the latest firmware update.",product_defect,template:product_defect:1,original,76
76_pidgin,"The thing don spoil, Hello, Bluetooth headphones stop pairing after the latest firmware update",product_defect,aug:pidgin:template:product_defect:1,pidgin,76
76_yoruba,"E jọ, Hello, Bluetooth headphones stop pairing after the latest firmware update. Mo ti rẹ.",product_defect,aug:yoruba:template:product_defect:1,yoruba,76
76_igbo,"Biko kwe ka m kwuo na kedu, Bluetooth headphones stop pairing after the latest firmware update.",product_defect,aug:igbo:template:product_defect:1,igbo,76
76_hausa,"Don Allah, sannu, Bluetooth headphones stop pairing after the latest firmware update. Don Allah ku taimake ni.",product_defect,aug:hausa:template:product_defect:1,hausa,76
228,Cancellation effective next year according to agent though terms say monthly.,subscription_cancel,template:subscription_cancel:4,original,228
228_pidgin,"I cancel am but dem still dey charge me, Cancellation effective next year according to agent though terms say monthly",subscription_cancel,aug:pidgin:template:subscription_cancel:4,pidgin,228
228_yoruba,"Ẹ jọ̀wọ́, Cancellation effective next year according to agent though terms say monthly.",subscription_cancel,aug:yoruba:template:subscription_cancel:4,yoruba,228
228_igbo,Cancellation effective next year according to agent though terms say monthly. Biko nyere m aka.,subscription_cancel,aug:igbo:template:subscription_cancel:4,igbo,228
228_hausa,"Wannan ba daidai ba ne, Cancellation effective next year according to agent though terms say monthly. Na gaji da wannan.",subscription_cancel,aug:hausa:template:subscription_cancel:4,hausa,228
322,Hi support — Merged family plan removed my profile and purchase history.,account_access,template:account_access:3,original,322
322_pidgin,Omo Hi support — Merged family plan removed my profile and purchase history. This one no good at all.,account_access,aug:pidgin:template:account_access:3,pidgin,322
322_yoruba,"E jọ, Hi support — Merged family plan removed my profile and purchase history.",account_access,aug:yoruba:template:account_access:3,yoruba,322
322_hausa,"Ina roko, Hi support — Merged family plan removed my profile and purchase history. Na gaji da wannan.",account_access,aug:hausa:template:account_access:3,hausa,322
89,Auto-renew toggled back on after software update without consent.,subscription_cancel,template:subscription_cancel:7,original,89
89_pidgin,Abeg Auto-renew toggled back on after software update without consent. This one no good at all.,subscription_cancel,aug:pidgin:template:subscription_cancel:7,pidgin,89
89_yoruba,"E jọ, Auto-renew toggled back on after software update without consent. Mo ti rẹ.",subscription_cancel,aug:yoruba:template:subscription_cancel:7,yoruba,89
89_hausa,"Ina roko, Auto-renew toggled back on after software update without consent.",subscription_cancel,aug:hausa:template:subscription_cancel:7,hausa,89
98,Account locked after three attempts though credentials are correct.,account_access,template:account_access:2,original,98
98_pidgin,Account locked after three attempts though credentials are correct. Make e work well abeg.,account_access,aug:pidgin:template:account_access:2,pidgin,98
98_yoruba,"E jọ, àkọọlì locked after three attempts though credentials are correct.",account_access,aug:yoruba:template:account_access:2,yoruba,98
98_igbo,"Nna, akaụntụ locked after three attempts though credentials are correct. Obi adịghị m mma.",account_access,aug:igbo:template:account_access:2,igbo,98
98_hausa,"Ina roko, asusu locked after three attempts though credentials are correct.",account_access,aug:hausa:template:account_access:2,hausa,98
253,Writing to complain: Manufacturer warranty claim rejected citing user damage without inspection. Please advise.,warranty_repair,template:warranty_repair:0,original,253
253_pidgin,Writing to complain: Manufacturer warranty claim rejected citing user damage without inspection. abeg advise.,warranty_repair,aug:pidgin:template:warranty_repair:0,pidgin,253
253_yoruba,"Ẹ jọ̀wọ́, Writing to complain: Manufacturer warranty claim rejected citing user damage without inspection. jọ̀wọ́ advise. Mo ti rẹ.",warranty_repair,aug:yoruba:template:warranty_repair:0,yoruba,253
253_igbo,"Nna, Writing to complain: Manufacturer warranty claim rejected citing user damage without inspection. biko advise. Obi adịghị m mma.",warranty_repair,aug:igbo:template:warranty_repair:0,igbo,253
253_hausa,"Wannan ba daidai ba ne, Writing to complain: Manufacturer warranty claim rejected citing user damage without inspection. Please advise. Na gaji da wannan.",warranty_repair,aug:hausa:template:warranty_repair:0,hausa,253
346,Case update: Card charged for renewal though I'm reporting that I submitted cancellation before trial ended. Please advise.,subscription_cancel,overlap:8,original,346
346_pidgin,"I cancel am but dem still dey charge me, Case update: Card charged for renewal though I'm reporting that I submitted...",subscription_cancel,aug:pidgin:overlap:8,pidgin,346
346_yoruba,Mo ní pé Case update: Card charged for renewal though I'm reporting that I submitted cancellation before trial ended. Please advise.,subscription_cancel,aug:yoruba:overlap:8,yoruba,346
346_igbo,Kedu ihe mere na Case update: Card charged for renewal though I'm reporting that I submitted cancellation before trial ended. Please advise.,subscription_cancel,aug:igbo:overlap:8,igbo,346
346_hausa,"Ina roko, Case update: Card charged for renewal though I'm reporting that I submitted cancellation before trial ended. don Allah advise. Na gaji da wannan.",subscription_cancel,aug:hausa:overlap:8,hausa,346
28,"Hello, Complaint form submitted twice with no acknowledgement number.",customer_service,template:customer_service:7,original,28
28_pidgin,"Hello, Complaint form submitted twice with no acknowledgement number. This one no good at all.",customer_service,aug:pidgin:template:customer_service:7,pidgin,28
28_yoruba,"Ó ṣeé ṣe kí bawo ni, ìkànìyàn form submitted twice with no acknowledgement number.",customer_service,aug:yoruba:template:customer_service:7,yoruba,28
28_igbo,"Biko, kedu, Complaint form submitted twice with no acknowledgement number. Obi adịghị m mma.",customer_service,aug:igbo:template:customer_service:7,igbo,28
28_hausa,"Wannan ba daidai ba ne, sannu, korafi form submitted twice with no acknowledgement number. Na gaji da wannan.",customer_service,aug:hausa:template:customer_service:7,hausa,28
179,"Hello, Cancellation effective next year according to agent though terms say monthly.",subscription_cancel,template:subscription_cancel:4,original,179
179_pidgin,"I dey vex say how far, Cancellation effective next year according to agent though terms say monthly.",subscription_cancel,aug:pidgin:template:subscription_cancel:4,pidgin,179
179_yoruba,"Ó ṣeé ṣe kí bawo ni, Cancellation effective next year according to agent though terms say monthly. Ẹ ṣe iranlọwọ fún mi.",subscription_cancel,aug:yoruba:template:subscription_cancel:4,yoruba,179
179_igbo,"Kedu ihe mere na kedu, Cancellation effective next year according to agent though terms say monthly. Obi adịghị m mma.",subscription_cancel,aug:igbo:template:subscription_cancel:4,igbo,179
179_hausa,"sannu, Cancellation effective next year according to agent though terms say monthly. Na gaji da wannan.",subscription_cancel,aug:hausa:template:subscription_cancel:4,hausa,179
45,Flagging an issue: Someone changed shipping address and placed orders I did not approve. Please advise.,fraud_unauthorized,template:fraud_unauthorized:1,original,45
45_pidgin,Flagging an wahala: Someone changed shipping address and placed orders I did not approve. abeg advise.,fraud_unauthorized,aug:pidgin:template:fraud_unauthorized:1,pidgin,45
45_yoruba,"Ẹ jọ̀wọ́, Flagging an issue: Someone changed shipping address and placed orders I did not approve. jọ̀wọ́ advise. Mo ti rẹ.",fraud_unauthorized,aug:yoruba:template:fraud_unauthorized:1,yoruba,45
45_igbo,Flagging an issue: Someone changed shipping address and placed orders I did not approve. biko advise.,fraud_unauthorized,aug:igbo:template:fraud_unauthorized:1,igbo,45
45_hausa,"Don Allah, Flagging an issue: Someone changed shipping address and placed orders I did not approve. don Allah advise.",fraud_unauthorized,aug:hausa:template:fraud_unauthorized:1,hausa,45
292,Hi support — Smartphone battery drains from full to zero in under three hours.,product_defect,template:product_defect:4,original,292
292_pidgin,"The thing don spoil, Hi support — Smartphone battery drains from full to zero in under...",product_defect,aug:pidgin:template:product_defect:4,pidgin,292
292_igbo,Kedu ihe mere na Hi support — Smartphone battery drains from full to zero in under three hours.,product_defect,aug:igbo:template:product_defect:4,igbo,292
292_hausa,"Ina roko, Hi support — Smartphone battery drains from full to zero in under three hours. Don Allah ku taimake ni.",product_defect,aug:hausa:template:product_defect:4,hausa,292
3,"Hello, Courier left perishable groceries in the sun despite shade instructions.",delivery_shipping,template:delivery_shipping:1,original,3
3_pidgin,"Make una hear me o, Hello, Courier left perishable groceries in the sun despite shade instructions. This one no good at all.",delivery_shipping,aug:pidgin:template:delivery_shipping:1,pidgin,3
3_yoruba,"bawo ni, Courier left perishable groceries in the sun despite shade instructions.",delivery_shipping,aug:yoruba:template:delivery_shipping:1,yoruba,3
3_igbo,"Hello, Courier left perishable groceries in the sun despite shade instructions. Biko nyere m aka.",delivery_shipping,aug:igbo:template:delivery_shipping:1,igbo,3
3_hausa,"Wannan ba daidai ba ne, sannu, Courier left perishable groceries in the sun despite shade instructions. Don Allah ku taimake ni.",delivery_shipping,aug:hausa:template:delivery_shipping:1,hausa,3
252,Case update: Return approved weeks ago but reimbursement still not issued. Please advise.,refund_return,overlap:3,original,252
252_pidgin,"Abeg return my money, Case update: Return approved weeks ago but reimbursement still not issued. Please...",refund_return,aug:pidgin:overlap:3,pidgin,252
252_yoruba,Mo ní pé Case update: Return approved weeks ago but reimbursement still not issued. Please advise. Mo ti rẹ.,refund_return,aug:yoruba:overlap:3,yoruba,252
252_igbo,Kedu ihe mere na Case update: Return approved weeks ago but reimbursement still not issued. Please advise. Obi adịghị m mma.,refund_return,aug:igbo:overlap:3,igbo,252
252_hausa,"Don Allah, Case update: Return approved weeks ago but reimbursement still not issued. don Allah advise.",refund_return,aug:hausa:overlap:3,hausa,252
132,Where can I download compliance certificates for school procurement?,general_inquiry,template:general_inquiry:7,original,132
132_pidgin,Where can I download compliance certificates for school procurement? Abeg make una help me.,general_inquiry,aug:pidgin:template:general_inquiry:7,pidgin,132
132_yoruba,"E jọ, Where can I download compliance certificates for school procurement? Mo ti rẹ.",general_inquiry,aug:yoruba:template:general_inquiry:7,yoruba,132
132_igbo,Kedu ihe mere na Where can I download compliance certificates for school procurement? Biko nyere m aka.,general_inquiry,aug:igbo:template:general_inquiry:7,igbo,132
132_hausa,"Wannan ba daidai ba ne, Where can I download compliance certificates for school procurement? Na gaji da wannan.",general_inquiry,aug:hausa:template:general_inquiry:7,hausa,132
87,Hi support — Can I buy spare filters in bulk through the corporate portal?,general_inquiry,template:general_inquiry:4,original,87
87_pidgin,"Wetin dey sup na, how far support — Can I buy spare filters in bulk through the corporate portal? I don tire for this matter.",general_inquiry,aug:pidgin:template:general_inquiry:4,pidgin,87
87_yoruba,Ó ṣeé ṣe kí Hi support — Can I buy spare filters in bulk through the corporate portal? Ẹ ṣe iranlọwọ fún mi.,general_inquiry,aug:yoruba:template:general_inquiry:4,yoruba,87
87_igbo,"Biko, Hi support — Can I buy spare filters in bulk through the corporate portal? Obi adịghị m mma.",general_inquiry,aug:igbo:template:general_inquiry:4,igbo,87
306,"Hello, Driver picked up return box but refund timer has not started.",refund_return,confusable:15,original,306
306_pidgin,"Make una hear me o, how far, Driver picked up return box but return my money timer has not started.",refund_return,aug:pidgin:confusable:15,pidgin,306
306_yoruba,"Mo ní pé Hello, Driver picked up return box but refund timer has not started.",refund_return,aug:yoruba:confusable:15,yoruba,306
306_igbo,"Kedu ihe mere na kedu, Driver picked up return box but refund timer has not started. Biko nyere m aka.",refund_return,aug:igbo:confusable:15,igbo,306
306_hausa,"sannu, Driver picked up return box but refund timer has not started.",refund_return,aug:hausa:confusable:15,hausa,306
147,Username change broke access to digital subscriptions tied to old email.,account_access,template:account_access:5,original,147
147_pidgin,"I no fit enter my account again, Username change broke access to digital subscriptions tied to old email",account_access,aug:pidgin:template:account_access:5,pidgin,147
147_yoruba,"E jọ, Username change broke access to digital subscriptions tied to old email.",account_access,aug:yoruba:template:account_access:5,yoruba,147
147_igbo,Kedu ihe mere na Username change broke access to digital subscriptions tied to old email.,account_access,aug:igbo:template:account_access:5,igbo,147
147_hausa,"Wannan ba daidai ba ne, Username change broke access to digital subscriptions tied to old email. Na gaji da wannan.",account_access,aug:hausa:template:account_access:5,hausa,147
237,Hi support — Complaint form submitted twice with no acknowledgement number.,customer_service,template:customer_service:7,original,237
237_pidgin,"Make una hear me o, how far support — complaint form submitted twice with no acknowledgement number. I don tire for this matter.",customer_service,aug:pidgin:template:customer_service:7,pidgin,237
237_yoruba,Mo ní pé Hi support — ìkànìyàn form submitted twice with no acknowledgement number. Mo ti rẹ.,customer_service,aug:yoruba:template:customer_service:7,yoruba,237
237_hausa,"Wannan ba daidai ba ne, Hi support — korafi form submitted twice with no acknowledgement number. Na gaji da wannan.",customer_service,aug:hausa:template:customer_service:7,hausa,237
150,Flagging an issue: Support blamed me for a known outage listed on their status page. Please advise.,customer_service,template:customer_service:6,original,150
150_pidgin,Flagging an wahala: support blamed me for a known outage listed on their status page. abeg advise. This one no good at all.,customer_service,aug:pidgin:template:customer_service:6,pidgin,150
150_yoruba,Flagging an issue: Support blamed me for a known outage listed on their status page. jọ̀wọ́ advise. Ẹ ṣe iranlọwọ fún mi.,customer_service,aug:yoruba:template:customer_service:6,yoruba,150
150_igbo,Kedu ihe mere na Flagging an issue: Support blamed me for a known outage listed on their status page. Please advise.,customer_service,aug:igbo:template:customer_service:6,igbo,150
150_hausa,"Wannan ba daidai ba ne, Flagging an issue: Support blamed me for a known outage listed on their status page. don Allah advise. Don Allah ku taimake ni.",customer_service,aug:hausa:template:customer_service:6,hausa,150
104,Writing to complain: Item arrived late and the glass panel inside was already shattered. Please advise.,product_defect,confusable:7,original,104
104_pidgin,"Na unfair o, Writing to dey complain: Item arrived late and the glass panel inside was already shattered. abeg advise.",product_defect,aug:pidgin:confusable:7,pidgin,104
104_yoruba,Writing to complain: Item arrived late and the glass panel inside was already shattered. Please advise. Ẹ ṣe iranlọwọ fún mi.,product_defect,aug:yoruba:confusable:7,yoruba,104
104_hausa,Writing to complain: Item arrived late and the glass panel inside was already shattered. don Allah advise.,product_defect,aug:hausa:confusable:7,hausa,104
294,"Hello, Still billed monthly after confirming cancellation confirmation number.",subscription_cancel,template:subscription_cancel:1,original,294
294_pidgin,"how far, Still billed monthly after confirming cancellation confirmation number. I don tire for this matter.",subscription_cancel,aug:pidgin:template:subscription_cancel:1,pidgin,294
294_yoruba,"Mo ní pé bawo ni, Still billed monthly after confirming cancellation confirmation number. Ẹ ṣe iranlọwọ fún mi.",subscription_cancel,aug:yoruba:template:subscription_cancel:1,yoruba,294
294_igbo,"Biko, kedu, Still billed monthly after confirming cancellation confirmation number.",subscription_cancel,aug:igbo:template:subscription_cancel:1,igbo,294
294_hausa,"Wannan ba daidai ba ne, sannu, Still billed monthly after confirming cancellation confirmation number. Na gaji da wannan.",subscription_cancel,aug:hausa:template:subscription_cancel:1,hausa,294
362,"Hello, Monthly service fee increased without email notice as promised in contract.",billing,template:billing:4,original,362
362_pidgin,"Dem dey charge me Hello, Monthly service fee increased without email notice as promised in contract wey I no authorize.",billing,aug:pidgin:template:billing:4,pidgin,362
362_igbo,"kedu, Monthly service fee increased without email notice as promised in contract.",billing,aug:igbo:template:billing:4,igbo,362
362_hausa,"Don Allah, Hello, Monthly service fee increased without email notice as promised in contract.",billing,aug:hausa:template:billing:4,hausa,362
131,Writing to complain: Bluetooth headphones stop pairing after the latest firmware update. Please advise.,product_defect,template:product_defect:1,original,131
131_pidgin,Abeg Writing to dey complain: Bluetooth headphones stop pairing after the latest firmware update. Please advise. This one no good at all.,product_defect,aug:pidgin:template:product_defect:1,pidgin,131
131_yoruba,Mo ní pé Writing to complain: Bluetooth headphones stop pairing after the latest firmware update. Please advise.,product_defect,aug:yoruba:template:product_defect:1,yoruba,131
131_igbo,Biko kwe ka m kwuo na Writing to complain: Bluetooth headphones stop pairing after the latest firmware update. biko advise.,product_defect,aug:igbo:template:product_defect:1,igbo,131
131_hausa,Writing to complain: Bluetooth headphones stop pairing after the latest firmware update. don Allah advise.,product_defect,aug:hausa:template:product_defect:1,hausa,131
270,"Hello, Two-factor codes never arrive to my registered phone number.",account_access,template:account_access:1,original,270
270_pidgin,"how far, Two-factor codes never arrive to my registered phone number. This one no good at all.",account_access,aug:pidgin:template:account_access:1,pidgin,270
270_yoruba,"Ó ṣeé ṣe kí Hello, Two-factor codes never arrive to my registered phone number.",account_access,aug:yoruba:template:account_access:1,yoruba,270
270_igbo,"Nna, kedu, Two-factor codes never arrive to my registered phone number. Biko nyere m aka.",account_access,aug:igbo:template:account_access:1,igbo,270
270_hausa,"Wannan ba daidai ba ne, Hello, Two-factor codes never arrive to my registered phone number.",account_access,aug:hausa:template:account_access:1,hausa,270
207,Hi support — Refund never posted back to my card after return was approved last month.,billing,confusable:1,original,207
207_pidgin,Dem dey charge me Hi support — Refund never posted back to my card after return... wey I no authorize.,billing,aug:pidgin:confusable:1,pidgin,207
207_yoruba,Mo ní pé Hi support — Refund never posted back to my card after return was approved last month. Mo ti rẹ.,billing,aug:yoruba:confusable:1,yoruba,207
207_igbo,Hi support — Refund never posted back to my card after return was approved last month. Obi adịghị m mma.,billing,aug:igbo:confusable:1,igbo,207
207_hausa,"Ina roko, Hi support — Refund never posted back to my card after return was approved last month. Don Allah ku taimake ni.",billing,aug:hausa:confusable:1,hausa,207
328,Flagging an issue: Auto-renew toggled back on after software update without consent. Please advise.,subscription_cancel,template:subscription_cancel:7,original,328
328_yoruba,Ó ṣeé ṣe kí Flagging an issue: Auto-renew toggled back on after software update without consent. Please advise.,subscription_cancel,aug:yoruba:template:subscription_cancel:7,yoruba,328
328_igbo,Biko kwe ka m kwuo na Flagging an issue: Auto-renew toggled back on after software update without consent. Please advise.,subscription_cancel,aug:igbo:template:subscription_cancel:7,igbo,328
328_hausa,Flagging an issue: Auto-renew toggled back on after software update without consent. Please advise. Don Allah ku taimake ni.,subscription_cancel,aug:hausa:template:subscription_cancel:7,hausa,328
314,"Hello, Return approved weeks ago but reimbursement still not issued.",refund_return,overlap:3,original,314
314_pidgin,"how far, Return approved weeks ago but reimbursement still not issued.",refund_return,aug:pidgin:overlap:3,pidgin,314
314_yoruba,"Mo ní pé bawo ni, Return approved weeks ago but reimbursement still not issued.",refund_return,aug:yoruba:overlap:3,yoruba,314
314_igbo,"kedu, Return approved weeks ago but reimbursement still not issued.",refund_return,aug:igbo:overlap:3,igbo,314
314_hausa,"sannu, Return approved weeks ago but reimbursement still not issued.",refund_return,aug:hausa:overlap:3,hausa,314
185,Hi support — Canceled plan yet another monthly invoice generated this morning.,billing,confusable:4,original,185
185_pidgin,Dem dey charge me Hi support — Canceled plan yet another monthly invoice generated this morning wey I no authorize.,billing,aug:pidgin:confusable:4,pidgin,185
185_yoruba,"E jọ, Hi support — Canceled plan yet another monthly invoice generated this morning.",billing,aug:yoruba:confusable:4,yoruba,185
185_igbo,Biko kwe ka m kwuo na Hi support — Canceled plan yet another monthly invoice generated this morning.,billing,aug:igbo:confusable:4,igbo,185
185_hausa,"Wannan ba daidai ba ne, Hi support — Canceled plan yet another monthly invoice generated this morning. Don Allah ku taimake ni.",billing,aug:hausa:confusable:4,hausa,185
205,Hi support — Gift return processed as store credit instead of original payment method.,refund_return,template:refund_return:5,original,205
205_pidgin,how far support — Gift return processed as store credit instead of original payment method.,refund_return,aug:pidgin:template:refund_return:5,pidgin,205
205_igbo,Hi support — Gift return processed as store credit instead of original payment method. Obi adịghị m mma.,refund_return,aug:igbo:template:refund_return:5,igbo,205
205_hausa,"Ina roko, Hi support — Gift return processed as store credit instead of original payment method.",refund_return,aug:hausa:template:refund_return:5,hausa,205
163,Locked out after suspicious login attempts I did not recognize.,account_access,confusable:3,original,163
163_pidgin,Omo Locked out after suspicious login attempts I did not recognize. This one no good at all.,account_access,aug:pidgin:confusable:3,pidgin,163
163_yoruba,Ó ṣeé ṣe kí Locked out after suspicious login attempts I did not recognize. Ẹ ṣe iranlọwọ fún mi.,account_access,aug:yoruba:confusable:3,yoruba,163
163_igbo,Kedu ihe mere na Locked out after suspicious login attempts I did not recognize.,account_access,aug:igbo:confusable:3,igbo,163
163_hausa,"Don Allah, Locked out after suspicious login attempts I did not recognize. Na gaji da wannan.",account_access,aug:hausa:confusable:3,hausa,163
323,"Hello, I paid express shipping but the tracking page still shows label created only.",delivery_shipping,confusable:0,original,323
323_pidgin,"how far, I paid express shipping but the tracking page still shows label created only. Abeg make una help me.",delivery_shipping,aug:pidgin:confusable:0,pidgin,323
323_yoruba,"Ó ṣeé ṣe kí Hello, I paid express shipping but the tracking page still shows label created only. Ẹ ṣe iranlọwọ fún mi.",delivery_shipping,aug:yoruba:confusable:0,yoruba,323
323_hausa,"Wannan ba daidai ba ne, Hello, I paid express shipping but the tracking page still shows label created only. Na gaji da wannan.",delivery_shipping,aug:hausa:confusable:0,hausa,323
243,Hi support — Return label provided yet pickup was missed twice without rescheduling.,refund_return,template:refund_return:1,original,243
243_pidgin,Abeg Hi support — Return label provided yet pickup was missed twice without rescheduling.,refund_return,aug:pidgin:template:refund_return:1,pidgin,243
243_yoruba,Ó ṣeé ṣe kí Hi support — Return label provided yet pickup was missed twice without rescheduling. Ẹ ṣe iranlọwọ fún mi.,refund_return,aug:yoruba:template:refund_return:1,yoruba,243
243_igbo,Kedu ihe mere na Hi support — Return label provided yet pickup was missed twice without rescheduling.,refund_return,aug:igbo:template:refund_return:1,igbo,243
243_hausa,Hi support — Return label provided yet pickup was missed twice without rescheduling. Don Allah ku taimake ni.,refund_return,aug:hausa:template:refund_return:1,hausa,243
166,"Hello, Package marked delivered but nothing arrived at my apartment door.",delivery_shipping,template:delivery_shipping:0,original,166
166_pidgin,"My package never arrive, Hello, Package marked delivered but nothing arrived at my apartment door",delivery_shipping,aug:pidgin:template:delivery_shipping:0,pidgin,166
166_yoruba,"Ó ṣeé ṣe kí bawo ni, Package marked delivered but nothing arrived at my apartment door. Ẹ ṣe iranlọwọ fún mi.",delivery_shipping,aug:yoruba:template:delivery_shipping:0,yoruba,166
166_igbo,"Biko kwe ka m kwuo na Hello, Package marked delivered but nothing arrived at my apartment door. Biko nyere m aka.",delivery_shipping,aug:igbo:template:delivery_shipping:0,igbo,166
166_hausa,"Wannan ba daidai ba ne, Hello, Package marked delivered but nothing arrived at my apartment door.",delivery_shipping,aug:hausa:template:delivery_shipping:0,hausa,166
16,Live agent closed ticket while issue was still unresolved.,customer_service,template:customer_service:5,original,16
16_pidgin,Omo Live agent closed ticket while wahala was still unresolved.,customer_service,aug:pidgin:template:customer_service:5,pidgin,16
16_yoruba,Ó ṣeé ṣe kí Live agent closed ticket while issue was still unresolved. Ẹ ṣe iranlọwọ fún mi.,customer_service,aug:yoruba:template:customer_service:5,yoruba,16
16_igbo,"Biko, Live agent closed ticket while issue was still unresolved. Biko nyere m aka.",customer_service,aug:igbo:template:customer_service:5,igbo,16
16_hausa,Live agent closed ticket while issue was still unresolved. Na gaji da wannan.,customer_service,aug:hausa:template:customer_service:5,hausa,16
172,Writing to complain: Package marked delivered but nothing arrived at my apartment door. Please advise.,delivery_shipping,template:delivery_shipping:0,original,172
172_pidgin,"My package never arrive, Writing to complain: Package marked delivered but nothing arrived at my apartment...",delivery_shipping,aug:pidgin:template:delivery_shipping:0,pidgin,172
172_igbo,Writing to complain: Package marked delivered but nothing arrived at my apartment door. biko advise.,delivery_shipping,aug:igbo:template:delivery_shipping:0,igbo,172
172_hausa,"Wannan ba daidai ba ne, Writing to complain: Package marked delivered but nothing arrived at my apartment door. Please advise. Na gaji da wannan.",delivery_shipping,aug:hausa:template:delivery_shipping:0,hausa,172
250,Hi support — I paid express shipping but the tracking page still shows label created only.,delivery_shipping,confusable:0,original,250
250_pidgin,"My package never arrive, Hi support — I paid express shipping but the tracking page still...",delivery_shipping,aug:pidgin:confusable:0,pidgin,250
250_yoruba,"Ẹ jọ̀wọ́, Hi support — I paid express shipping but the tracking page still shows label created only.",delivery_shipping,aug:yoruba:confusable:0,yoruba,250
250_igbo,Hi support — I paid express shipping but the tracking page still shows label created only. Obi adịghị m mma.,delivery_shipping,aug:igbo:confusable:0,igbo,250
250_hausa,Hi support — I paid express shipping but the tracking page still shows label created only. Na gaji da wannan.,delivery_shipping,aug:hausa:confusable:0,hausa,250
268,"Hello, Outer box intact yet internal foam was wet when parcel arrived.",delivery_shipping,confusable:16,original,268
268_pidgin,"Omo Hello, Outer box intact yet internal foam was wet when parcel arrived.",delivery_shipping,aug:pidgin:confusable:16,pidgin,268
268_yoruba,"bawo ni, Outer box intact yet internal foam was wet when parcel arrived.",delivery_shipping,aug:yoruba:confusable:16,yoruba,268
268_igbo,"Kedu ihe mere na kedu, Outer box intact yet internal foam was wet when parcel arrived. Biko nyere m aka.",delivery_shipping,aug:igbo:confusable:16,igbo,268
268_hausa,"sannu, Outer box intact yet internal foam was wet when parcel arrived.",delivery_shipping,aug:hausa:confusable:16,hausa,268
338,Deleted account but streaming service continues charging old card.,subscription_cancel,template:subscription_cancel:5,original,338
338_pidgin,Omo Deleted account but streaming service continues charging old card.,subscription_cancel,aug:pidgin:template:subscription_cancel:5,pidgin,338
338_yoruba,Mo ní pé Deleted àkọọlì but streaming service continues charging old card.,subscription_cancel,aug:yoruba:template:subscription_cancel:5,yoruba,338
338_igbo,Deleted akaụntụ but streaming service continues charging old card. Biko nyere m aka.,subscription_cancel,aug:igbo:template:subscription_cancel:5,igbo,338
338_hausa,"Don Allah, Deleted asusu but streaming service continues charging old card. Na gaji da wannan.",subscription_cancel,aug:hausa:template:subscription_cancel:5,hausa,338
25,Flagging an issue: Deleted account but streaming service continues charging old card. Please advise.,subscription_cancel,template:subscription_cancel:5,original,25
25_pidgin,I dey vex say Flagging an issue: Deleted account but streaming service continues charging old card. Please advise. Abeg make una help me.,subscription_cancel,aug:pidgin:template:subscription_cancel:5,pidgin,25
25_yoruba,"E jọ, Flagging an issue: Deleted àkọọlì but streaming service continues charging old card. Please advise. Ẹ ṣe iranlọwọ fún mi.",subscription_cancel,aug:yoruba:template:subscription_cancel:5,yoruba,25
25_igbo,Flagging an issue: Deleted akaụntụ but streaming service continues charging old card. Please advise.,subscription_cancel,aug:igbo:template:subscription_cancel:5,igbo,25
25_hausa,Flagging an issue: Deleted asusu but streaming service continues charging old card. don Allah advise. Don Allah ku taimake ni.,subscription_cancel,aug:hausa:template:subscription_cancel:5,hausa,25
112,Flagging an issue: Return tracking shows received at warehouse five days ago with no credit. Please advise.,refund_return,template:refund_return:6,original,112
112_pidgin,I dey vex say Flagging an wahala: Return tracking shows received at warehouse five days ago with no credit. abeg advise. Abeg make una help me.,refund_return,aug:pidgin:template:refund_return:6,pidgin,112
112_yoruba,Ó ṣeé ṣe kí Flagging an issue: Return tracking shows received at warehouse five days ago with no credit. jọ̀wọ́ advise. Mo ti rẹ.,refund_return,aug:yoruba:template:refund_return:6,yoruba,112
112_igbo,Flagging an issue: Return tracking shows received at warehouse five days ago with no credit. biko advise. Biko nyere m aka.,refund_return,aug:igbo:template:refund_return:6,igbo,112
112_hausa,Flagging an issue: Return tracking shows received at warehouse five days ago with no credit. don Allah advise.,refund_return,aug:hausa:template:refund_return:6,hausa,112
36,Flagging an issue: Card charged for renewal though I submitted cancellation before trial ended. Please advise.,subscription_cancel,overlap:8,original,36
36_pidgin,Flagging an wahala: Card charged for renewal though I submitted cancellation before trial ended. abeg advise.,subscription_cancel,aug:pidgin:overlap:8,pidgin,36
36_yoruba,"E jọ, Flagging an issue: Card charged for renewal though I submitted cancellation before trial ended. jọ̀wọ́ advise.",subscription_cancel,aug:yoruba:overlap:8,yoruba,36
36_igbo,"Biko, Flagging an issue: Card charged for renewal though I submitted cancellation before trial ended. biko advise.",subscription_cancel,aug:igbo:overlap:8,igbo,36
36_hausa,"Wannan ba daidai ba ne, Flagging an issue: Card charged for renewal though I submitted cancellation before trial ended. don Allah advise. Na gaji da wannan.",subscription_cancel,aug:hausa:overlap:8,hausa,36
271,Hi support — Manufacturer warranty claim rejected citing user damage without inspection.,warranty_repair,template:warranty_repair:0,original,271
271_pidgin,"Repair never happen, Hi support — Manufacturer warranty claim rejected citing user damage without inspection",warranty_repair,aug:pidgin:template:warranty_repair:0,pidgin,271
271_yoruba,Ó ṣeé ṣe kí Hi support — Manufacturer warranty claim rejected citing user damage without inspection. Ẹ ṣe iranlọwọ fún mi.,warranty_repair,aug:yoruba:template:warranty_repair:0,yoruba,271
271_hausa,"Don Allah, Hi support — Manufacturer warranty claim rejected citing user damage without inspection. Don Allah ku taimake ni.",warranty_repair,aug:hausa:template:warranty_repair:0,hausa,271
198,"Hello, Phishing email used your logo then my account had mystery withdrawals.",fraud_unauthorized,template:fraud_unauthorized:5,original,198
198_pidgin,"I dey vex say Hello, Phishing email used your logo then my account had mystery withdrawals. I don tire for this matter.",fraud_unauthorized,aug:pidgin:template:fraud_unauthorized:5,pidgin,198
198_yoruba,"Mo ní pé bawo ni, Phishing email used your logo then my àkọọlì had mystery withdrawals. Ẹ ṣe iranlọwọ fún mi.",fraud_unauthorized,aug:yoruba:template:fraud_unauthorized:5,yoruba,198
198_igbo,"Biko, Hello, Phishing email used your logo then my account had mystery withdrawals.",fraud_unauthorized,aug:igbo:template:fraud_unauthorized:5,igbo,198
198_hausa,"Wannan ba daidai ba ne, Hello, Phishing email used your logo then my asusu had mystery withdrawals.",fraud_unauthorized,aug:hausa:template:fraud_unauthorized:5,hausa,198
79,Hi support — Family subscription cancellation removed kids profiles without warning.,subscription_cancel,template:subscription_cancel:6,original,79
79_pidgin,"I cancel am but dem still dey charge me, Hi support — Family subscription cancellation removed kids profiles without warning",subscription_cancel,aug:pidgin:template:subscription_cancel:6,pidgin,79
79_yoruba,"E jọ, Hi support — Family subscription cancellation removed kids profiles without warning. Mo ti rẹ.",subscription_cancel,aug:yoruba:template:subscription_cancel:6,yoruba,79
79_igbo,"Nna, Hi support — Family subscription cancellation removed kids profiles without warning. Biko nyere m aka.",subscription_cancel,aug:igbo:template:subscription_cancel:6,igbo,79
79_hausa,"Don Allah, Hi support — Family subscription cancellation removed kids profiles without warning. Na gaji da wannan.",subscription_cancel,aug:hausa:template:subscription_cancel:6,hausa,79
117,Writing to complain: Delivery driver did not ring the bell though I was home all day. Please advise.,delivery_shipping,template:delivery_shipping:6,original,117
117_pidgin,"My package never arrive, Writing to complain: Delivery driver did not ring the bell though I...",delivery_shipping,aug:pidgin:template:delivery_shipping:6,pidgin,117
117_yoruba,"E jọ, Writing to complain: Delivery driver did not ring the bell though I was home all day. jọ̀wọ́ advise.",delivery_shipping,aug:yoruba:template:delivery_shipping:6,yoruba,117
117_igbo,"Biko, Writing to complain: Delivery driver did not ring the bell though I was home all day. biko advise.",delivery_shipping,aug:igbo:template:delivery_shipping:6,igbo,117
117_hausa,"Ina roko, Writing to complain: Delivery driver did not ring the bell though I was home all day. Please advise. Don Allah ku taimake ni.",delivery_shipping,aug:hausa:template:delivery_shipping:6,hausa,117
202,Writing to complain: Complaint form submitted twice with no acknowledgement number. Please advise.,customer_service,template:customer_service:7,original,202
202_pidgin,I dey vex say Writing to complain: complaint form submitted twice with no acknowledgement number. abeg advise.,customer_service,aug:pidgin:template:customer_service:7,pidgin,202
202_yoruba,Ó ṣeé ṣe kí Writing to complain: Complaint form submitted twice with no acknowledgement number. jọ̀wọ́ advise. Ẹ ṣe iranlọwọ fún mi.,customer_service,aug:yoruba:template:customer_service:7,yoruba,202
202_igbo,Writing to complain: mkpesa form submitted twice with no acknowledgement number. Please advise. Biko nyere m aka.,customer_service,aug:igbo:template:customer_service:7,igbo,202
202_hausa,"Ina roko, Writing to complain: korafi form submitted twice with no acknowledgement number. don Allah advise.",customer_service,aug:hausa:template:customer_service:7,hausa,202
175,Writing to complain: Waited forty minutes on chat before the agent disconnected without reply. Please advise.,customer_service,template:customer_service:0,original,175
175_pidgin,"Customer service no dey respond, Writing to complain: Waited forty minutes on chat before the agent disconnected...",customer_service,aug:pidgin:template:customer_service:0,pidgin,175
175_yoruba,Ó ṣeé ṣe kí Writing to complain: Waited forty minutes on chat before the agent disconnected without reply. Please advise. Mo ti rẹ.,customer_service,aug:yoruba:template:customer_service:0,yoruba,175
175_igbo,Biko kwe ka m kwuo na Writing to complain: Waited forty minutes on chat before the agent disconnected without reply. Please advise.,customer_service,aug:igbo:template:customer_service:0,igbo,175
175_hausa,"Ina roko, Writing to complain: Waited forty minutes on chat before the agent disconnected without reply. don Allah advise. Don Allah ku taimake ni.",customer_service,aug:hausa:template:customer_service:0,hausa,175
245,Writing to complain: Driver picked up return box but refund timer has not started. Please advise.,refund_return,confusable:15,original,245
245_pidgin,"Abeg return my money, Writing to complain: Driver picked up return box but refund timer has...",refund_return,aug:pidgin:confusable:15,pidgin,245
245_yoruba,Mo ní pé Writing to complain: Driver picked up return box but refund timer has not started. Please advise. Mo ti rẹ.,refund_return,aug:yoruba:confusable:15,yoruba,245
245_igbo,Kedu ihe mere na Writing to complain: Driver picked up return box but refund timer has not started. Please advise.,refund_return,aug:igbo:confusable:15,igbo,245
245_hausa,"Ina roko, Writing to complain: Driver picked up return box but refund timer has not started. don Allah advise.",refund_return,aug:hausa:confusable:15,hausa,245
168,Gift return processed as store credit instead of original payment method.,refund_return,template:refund_return:5,original,168
168_pidgin,"Abeg return my money, Gift return processed as store credit instead of original payment method",refund_return,aug:pidgin:template:refund_return:5,pidgin,168
168_yoruba,"Ẹ jọ̀wọ́, Gift return processed as store credit instead of original payment method.",refund_return,aug:yoruba:template:refund_return:5,yoruba,168
168_igbo,Kedu ihe mere na Gift return processed as store credit instead of original payment method.,refund_return,aug:igbo:template:refund_return:5,igbo,168
168_hausa,Gift return processed as store credit instead of original payment method. Don Allah ku taimake ni.,refund_return,aug:hausa:template:refund_return:5,hausa,168
5,Hi support — Authorized service charged labor despite comprehensive coverage plan.,warranty_repair,template:warranty_repair:3,original,5
5_pidgin,I dey vex say how far support — Authorized service dem charge me labor despite comprehensive coverage plan.,warranty_repair,aug:pidgin:template:warranty_repair:3,pidgin,5
5_igbo,Kedu ihe mere na Hi support — Authorized service charged labor despite comprehensive coverage plan.,warranty_repair,aug:igbo:template:warranty_repair:3,igbo,5
5_hausa,"Don Allah, Hi support — Authorized service charged labor despite comprehensive coverage plan. Don Allah ku taimake ni.",warranty_repair,aug:hausa:template:warranty_repair:3,hausa,5
13,Hi support — Statement shows disputed charge I cannot mark or annotate online.,billing,overlap:7,original,13
13_pidgin,Dem dey charge me Hi support — Statement shows disputed charge I cannot mark or annotate... wey I no authorize.,billing,aug:pidgin:overlap:7,pidgin,13
13_yoruba,Mo ní pé Hi support — Statement shows disputed charge I cannot mark or annotate online.,billing,aug:yoruba:overlap:7,yoruba,13
13_igbo,"Biko, Hi support — Statement shows disputed charge I cannot mark or annotate online.",billing,aug:igbo:overlap:7,igbo,13
13_hausa,"Wannan ba daidai ba ne, Hi support — Statement shows disputed charge I cannot mark or annotate online.",billing,aug:hausa:overlap:7,hausa,13
336,Writing to complain: Why am I still seeing membership charges after I clicked cancel last week? Please advise.,subscription_cancel,confusable:8,original,336
336_pidgin,"I cancel am but dem still dey charge me, Writing to complain: Why am I still seeing membership charges after I...",subscription_cancel,aug:pidgin:confusable:8,pidgin,336
336_yoruba,Mo ní pé Writing to complain: Why am I still seeing membership charges after I clicked cancel last week? jọ̀wọ́ advise. Mo ti rẹ.,subscription_cancel,aug:yoruba:confusable:8,yoruba,336
336_igbo,"Nna, Writing to complain: Why am I still seeing membership charges after I clicked cancel last week? biko advise. Obi adịghị m mma.",subscription_cancel,aug:igbo:confusable:8,igbo,336
336_hausa,Writing to complain: Why am I still seeing membership charges after I clicked cancel last week? don Allah advise. Na gaji da wannan.,subscription_cancel,aug:hausa:confusable:8,hausa,336
319,"Hello, Cannot log in after password reset email says link expired immediately.",account_access,template:account_access:0,original,319
319_pidgin,"Omo Hello, Cannot log in after password reset email says link expired immediately.",account_access,aug:pidgin:template:account_access:0,pidgin,319
319_yoruba,"Ẹ jọ̀wọ́, bawo ni, Cannot log in after password reset email says link expired immediately. Ẹ ṣe iranlọwọ fún mi.",account_access,aug:yoruba:template:account_access:0,yoruba,319
319_igbo,"Biko, kedu, Cannot log in after password reset email says link expired immediately.",account_access,aug:igbo:template:account_access:0,igbo,319
319_hausa,"Wannan ba daidai ba ne, Hello, Cannot log in after password reset email says link expired immediately. Don Allah ku taimake ni.",account_access,aug:hausa:template:account_access:0,hausa,319
187,Writing to complain: Canceled plan yet another monthly invoice generated this morning. Please advise.,billing,confusable:4,original,187
187_pidgin,Omo Writing to dey complain: Canceled plan yet another monthly invoice generated this morning. Please advise.,billing,aug:pidgin:confusable:4,pidgin,187
187_yoruba,Mo ní pé Writing to complain: Canceled plan yet another monthly invoice generated this morning. Please advise.,billing,aug:yoruba:confusable:4,yoruba,187
187_igbo,Kedu ihe mere na Writing to complain: Canceled plan yet another monthly invoice generated this morning. biko advise.,billing,aug:igbo:confusable:4,igbo,187
187_hausa,"Ina roko, Writing to complain: Canceled plan yet another monthly invoice generated this morning. don Allah advise. Na gaji da wannan.",billing,aug:hausa:confusable:4,hausa,187
310,Authorized service charged labor despite comprehensive coverage plan.,warranty_repair,template:warranty_repair:3,original,310
310_pidgin,Authorized service dem charge me labor despite comprehensive coverage plan. Abeg make una help me.,warranty_repair,aug:pidgin:template:warranty_repair:3,pidgin,310
310_yoruba,Mo ní pé Authorized service charged labor despite comprehensive coverage plan.,warranty_repair,aug:yoruba:template:warranty_repair:3,yoruba,310
310_igbo,"Biko, Authorized service charged labor despite comprehensive coverage plan. Obi adịghị m mma.",warranty_repair,aug:igbo:template:warranty_repair:3,igbo,310
310_hausa,Authorized service charged labor despite comprehensive coverage plan. Na gaji da wannan.,warranty_repair,aug:hausa:template:warranty_repair:3,hausa,310
251,Flagging an issue: The laptop screen flickers after only two weeks of normal use. Please advise.,product_defect,template:product_defect:0,original,251
251_pidgin,I dey vex say Flagging an wahala: The laptop screen flickers after only two weeks of normal use. abeg advise.,product_defect,aug:pidgin:template:product_defect:0,pidgin,251
251_igbo,"Nna, Flagging an issue: The laptop screen flickers after only two weeks of normal use. biko advise.",product_defect,aug:igbo:template:product_defect:0,igbo,251
251_hausa,"Don Allah, Flagging an issue: The laptop screen flickers after only two weeks of normal use. don Allah advise. Don Allah ku taimake ni.",product_defect,aug:hausa:template:product_defect:0,hausa,251
209,Flagging an issue: Single sign-on loop prevents access to member portal on mobile browser. Please advise.,account_access,template:account_access:7,original,209
209_pidgin,I dey vex say Flagging an wahala: Single sign-on loop prevents access to member portal on mobile browser. abeg advise.,account_access,aug:pidgin:template:account_access:7,pidgin,209
209_yoruba,"E jọ, Flagging an issue: Single sign-on loop prevents access to member portal on mobile browser. Please advise. Mo ti rẹ.",account_access,aug:yoruba:template:account_access:7,yoruba,209
209_igbo,Biko kwe ka m kwuo na Flagging an issue: Single sign-on loop prevents access to member portal on mobile browser. Please advise.,account_access,aug:igbo:template:account_access:7,igbo,209
209_hausa,"Wannan ba daidai ba ne, Flagging an issue: Single sign-on loop prevents access to member portal on mobile browser. Please advise. Na gaji da wannan.",account_access,aug:hausa:template:account_access:7,hausa,209
181,Writing to complain: Invoice total does not match quoted price from sales chat. Please advise.,billing,overlap:5,original,181
181_pidgin,Omo Writing to dey complain: Invoice total does not match quoted price from sales chat. abeg advise.,billing,aug:pidgin:overlap:5,pidgin,181
181_igbo,"Biko, Writing to complain: Invoice total does not match quoted price from sales chat. biko advise.",billing,aug:igbo:overlap:5,igbo,181
181_hausa,"Ina roko, Writing to complain: Invoice total does not match quoted price from sales chat. don Allah advise.",billing,aug:hausa:overlap:5,hausa,181
44,Is the blue kettle dishwasher safe according to latest manual?,general_inquiry,template:general_inquiry:2,original,44
44_pidgin,Is the blue kettle dishwasher safe according to latest manual? This one no good at all.,general_inquiry,aug:pidgin:template:general_inquiry:2,pidgin,44
44_yoruba,"Ẹ jọ̀wọ́, Is the blue kettle dishwasher safe according to latest manual?",general_inquiry,aug:yoruba:template:general_inquiry:2,yoruba,44
44_igbo,"Nna, Is the blue kettle dishwasher safe according to latest manual?",general_inquiry,aug:igbo:template:general_inquiry:2,igbo,44
44_hausa,"Ina roko, Is the blue kettle dishwasher safe according to latest manual?",general_inquiry,aug:hausa:template:general_inquiry:2,hausa,44
287,Cannot log in after password reset email says link expired immediately.,account_access,template:account_access:0,original,287
287_pidgin,"I no fit enter my account again, Cannot log in after password reset email says link expired immediately",account_access,aug:pidgin:template:account_access:0,pidgin,287
287_yoruba,"E jọ, Cannot log in after password reset email says link expired immediately. Mo ti rẹ.",account_access,aug:yoruba:template:account_access:0,yoruba,287
287_igbo,Cannot log in after password reset email says link expired immediately. Biko nyere m aka.,account_access,aug:igbo:template:account_access:0,igbo,287
287_hausa,"Wannan ba daidai ba ne, Cannot log in after password reset email says link expired immediately. Don Allah ku taimake ni.",account_access,aug:hausa:template:account_access:0,hausa,287
216,Hi support — Extended protection plan will not cover water damage from known seal defect.,warranty_repair,template:warranty_repair:6,original,216
216_pidgin,"Make una hear me o, how far support — Extended protection plan will not cover water damage from known seal don get fault. Make e work well abeg.",warranty_repair,aug:pidgin:template:warranty_repair:6,pidgin,216
216_yoruba,Ó ṣeé ṣe kí Hi support — Extended protection plan will not cover water damage from known seal defect. Ẹ ṣe iranlọwọ fún mi.,warranty_repair,aug:yoruba:template:warranty_repair:6,yoruba,216
216_igbo,Biko kwe ka m kwuo na Hi support — Extended protection plan will not cover water damage from known seal defect.,warranty_repair,aug:igbo:template:warranty_repair:6,igbo,216
216_hausa,"Don Allah, Hi support — Extended protection plan will not cover water damage from known seal defect. Na gaji da wannan.",warranty_repair,aug:hausa:template:warranty_repair:6,hausa,216
19,Flagging an issue: Driver picked up return box but refund timer has not started. Please advise.,refund_return,confusable:15,original,19
19_pidgin,"Wetin dey sup na, Flagging an wahala: Driver picked up return box but return my money timer has not started. Please advise.",refund_return,aug:pidgin:confusable:15,pidgin,19
19_yoruba,Mo ní pé Flagging an issue: Driver picked up return box but refund timer has not started. Please advise. Mo ti rẹ.,refund_return,aug:yoruba:confusable:15,yoruba,19
19_igbo,"Nna, Flagging an issue: Driver picked up return box but refund timer has not started. biko advise.",refund_return,aug:igbo:confusable:15,igbo,19
19_hausa,"Don Allah, Flagging an issue: Driver picked up return box but refund timer has not started. don Allah advise. Don Allah ku taimake ni.",refund_return,aug:hausa:confusable:15,hausa,19
356,Writing to complain: Unknown party used saved card for renewal I did not authorize. Please advise.,fraud_unauthorized,overlap:9,original,356
356_pidgin,Writing to dey complain: Unknown party used saved card for renewal I did not authorize. abeg advise. Make e work well abeg.,fraud_unauthorized,aug:pidgin:overlap:9,pidgin,356
356_yoruba,Ó ṣeé ṣe kí Writing to complain: Unknown party used saved card for renewal I did not authorize. Please advise.,fraud_unauthorized,aug:yoruba:overlap:9,yoruba,356
356_igbo,"Biko, Writing to complain: Unknown party used saved card for renewal I did not authorize. Please advise.",fraud_unauthorized,aug:igbo:overlap:9,igbo,356
356_hausa,"Ina roko, Writing to complain: Unknown party used saved card for renewal I did not authorize. don Allah advise.",fraud_unauthorized,aug:hausa:overlap:9,hausa,356
345,Writing to complain: Still billed monthly after confirming cancellation confirmation number. Please advise.,subscription_cancel,template:subscription_cancel:1,original,345
345_pidgin,"Make una hear me o, Writing to complain: Still billed monthly after confirming cancellation confirmation number. abeg advise.",subscription_cancel,aug:pidgin:template:subscription_cancel:1,pidgin,345
345_igbo,"Biko, Writing to complain: Still billed monthly after confirming cancellation confirmation number. Please advise. Obi adịghị m mma.",subscription_cancel,aug:igbo:template:subscription_cancel:1,igbo,345
345_hausa,"Don Allah, Writing to complain: Still billed monthly after confirming cancellation confirmation number. don Allah advise.",subscription_cancel,aug:hausa:template:subscription_cancel:1,hausa,345
26,Flagging an issue: Defective oven element failed again after warranty repair last quarter. Please advise.,warranty_repair,confusable:2,original,26
26_pidgin,Flagging an issue: Defective oven element failed again after warranty repair last quarter. abeg advise.,warranty_repair,aug:pidgin:confusable:2,pidgin,26
26_yoruba,Flagging an issue: Defective oven element failed again after warranty repair last quarter. jọ̀wọ́ advise.,warranty_repair,aug:yoruba:confusable:2,yoruba,26
26_igbo,Biko kwe ka m kwuo na Flagging an issue: Defective oven element failed again after warranty repair last quarter. biko advise. Obi adịghị m mma.,warranty_repair,aug:igbo:confusable:2,igbo,26
26_hausa,Flagging an issue: Defective oven element failed again after warranty repair last quarter. don Allah advise.,warranty_repair,aug:hausa:confusable:2,hausa,26
67,Hi support — Identity verification failed and impostor chat requested my government ID.,fraud_unauthorized,template:fraud_unauthorized:7,original,67
67_pidgin,Abeg how far support — Identity verification failed and impostor chat requested my government ID.,fraud_unauthorized,aug:pidgin:template:fraud_unauthorized:7,pidgin,67
67_yoruba,"Ẹ jọ̀wọ́, Hi support — Identity verification failed and impostor chat requested my government ID. Ẹ ṣe iranlọwọ fún mi.",fraud_unauthorized,aug:yoruba:template:fraud_unauthorized:7,yoruba,67
67_igbo,Kedu ihe mere na Hi support — Identity verification failed and impostor chat requested my government ID. Biko nyere m aka.,fraud_unauthorized,aug:igbo:template:fraud_unauthorized:7,igbo,67
67_hausa,"Wannan ba daidai ba ne, Hi support — Identity verification failed and impostor chat requested my government ID.",fraud_unauthorized,aug:hausa:template:fraud_unauthorized:7,hausa,67
59,Hi support — Support blamed me for a known outage listed on their status page.,customer_service,template:customer_service:6,original,59
59_pidgin,"Customer service no dey respond, Hi support — Support blamed me for a known outage listed on...",customer_service,aug:pidgin:template:customer_service:6,pidgin,59
59_yoruba,"E jọ, Hi support — Support blamed me for a known outage listed on their status page.",customer_service,aug:yoruba:template:customer_service:6,yoruba,59
59_hausa,"Ina roko, Hi support — Support blamed me for a known outage listed on their status page.",customer_service,aug:hausa:template:customer_service:6,hausa,59
12,"Hello, Express shipping paid but item arrived after the event date.",delivery_shipping,template:delivery_shipping:4,original,12
12_pidgin,"I dey vex say Hello, Express shipping paid but item arrived after the event date.",delivery_shipping,aug:pidgin:template:delivery_shipping:4,pidgin,12
12_yoruba,"E jọ, bawo ni, Express shipping paid but item arrived after the event date. Mo ti rẹ.",delivery_shipping,aug:yoruba:template:delivery_shipping:4,yoruba,12
12_igbo,"Biko kwe ka m kwuo na kedu, Express shipping paid but item arrived after the event date.",delivery_shipping,aug:igbo:template:delivery_shipping:4,igbo,12
12_hausa,"Wannan ba daidai ba ne, Hello, Express shipping paid but item arrived after the event date.",delivery_shipping,aug:hausa:template:delivery_shipping:4,hausa,12
193,"Hello, Delivery driver did not ring the bell though I was home all day.",delivery_shipping,template:delivery_shipping:6,original,193
193_pidgin,"Hello, delivery driver did not ring the bell though I was home all day. This one no good at all.",delivery_shipping,aug:pidgin:template:delivery_shipping:6,pidgin,193
193_yoruba,"Hello, Delivery driver did not ring the bell though I was home all day. Mo ti rẹ.",delivery_shipping,aug:yoruba:template:delivery_shipping:6,yoruba,193
193_igbo,"Nna, kedu, Delivery driver did not ring the bell though I was home all day. Obi adịghị m mma.",delivery_shipping,aug:igbo:template:delivery_shipping:6,igbo,193
193_hausa,"Wannan ba daidai ba ne, sannu, Delivery driver did not ring the bell though I was home all day.",delivery_shipping,aug:hausa:template:delivery_shipping:6,hausa,193
373,Hi support — Courier left perishable groceries in the sun despite shade instructions.,delivery_shipping,template:delivery_shipping:1,original,373
373_pidgin,I dey vex say Hi support — Courier left perishable groceries in the sun despite shade instructions. This one no good at all.,delivery_shipping,aug:pidgin:template:delivery_shipping:1,pidgin,373
373_yoruba,"Ẹ jọ̀wọ́, Hi support — Courier left perishable groceries in the sun despite shade instructions. Mo ti rẹ.",delivery_shipping,aug:yoruba:template:delivery_shipping:1,yoruba,373
373_hausa,Hi support — Courier left perishable groceries in the sun despite shade instructions. Na gaji da wannan.,delivery_shipping,aug:hausa:template:delivery_shipping:1,hausa,373
355,Flagging an issue: Live agent closed ticket while issue was still unresolved. Please advise.,customer_service,template:customer_service:5,original,355
355_pidgin,"Customer service no dey respond, Flagging an issue: Live agent closed ticket while issue was still unresolved...",customer_service,aug:pidgin:template:customer_service:5,pidgin,355
355_yoruba,Flagging an issue: Live agent closed ticket while issue was still unresolved. Please advise. Ẹ ṣe iranlọwọ fún mi.,customer_service,aug:yoruba:template:customer_service:5,yoruba,355
355_igbo,Kedu ihe mere na Flagging an issue: Live agent closed ticket while issue was still unresolved. Please advise.,customer_service,aug:igbo:template:customer_service:5,igbo,355
355_hausa,"Don Allah, Flagging an issue: Live agent closed ticket while issue was still unresolved. Please advise.",customer_service,aug:hausa:template:customer_service:5,hausa,355
27,Hi support — Blender motor smells like burning plastic during low-speed blending.,product_defect,template:product_defect:6,original,27
27_pidgin,Omo how far support — Blender motor smells like burning plastic during low-speed blending.,product_defect,aug:pidgin:template:product_defect:6,pidgin,27
27_yoruba,Mo ní pé Hi support — Blender motor smells like burning plastic during low-speed blending. Ẹ ṣe iranlọwọ fún mi.,product_defect,aug:yoruba:template:product_defect:6,yoruba,27
27_igbo,Hi support — Blender motor smells like burning plastic during low-speed blending. Obi adịghị m mma.,product_defect,aug:igbo:template:product_defect:6,igbo,27
120,Hi support — Children's toy paint chipped off and looks unsafe after gentle play.,product_defect,template:product_defect:3,original,120
120_pidgin,"The thing don spoil, Hi support — Children's toy paint chipped off and looks unsafe after...",product_defect,aug:pidgin:template:product_defect:3,pidgin,120
120_yoruba,Hi support — Children's toy paint chipped off and looks unsafe after gentle play. Mo ti rẹ.,product_defect,aug:yoruba:template:product_defect:3,yoruba,120
120_igbo,"Nna, Hi support — Children's toy paint chipped off and looks unsafe after gentle play. Obi adịghị m mma.",product_defect,aug:igbo:template:product_defect:3,igbo,120
120_hausa,"Ina roko, Hi support — Children's toy paint chipped off and looks unsafe after gentle play.",product_defect,aug:hausa:template:product_defect:3,hausa,120
126,Writing to complain: Monthly service fee increased without email notice as promised in contract. Please advise.,billing,template:billing:4,original,126
126_pidgin,"Make una hear me o, Writing to complain: Monthly service fee increased without email notice as promised in contract. Please advise.",billing,aug:pidgin:template:billing:4,pidgin,126
126_yoruba,Writing to complain: Monthly service fee increased without email notice as promised in contract. jọ̀wọ́ advise.,billing,aug:yoruba:template:billing:4,yoruba,126
126_hausa,Writing to complain: Monthly service fee increased without email notice as promised in contract. don Allah advise.,billing,aug:hausa:template:billing:4,hausa,126
48,"Hello, Unknown party used saved card for renewal I did not authorize.",fraud_unauthorized,overlap:9,original,48
48_pidgin,"Somebody use my account without permission, Hello, Unknown party used saved card for renewal I did not authorize",fraud_unauthorized,aug:pidgin:overlap:9,pidgin,48
48_yoruba,"Mo ní pé Hello, Unknown party used saved card for renewal I did not authorize.",fraud_unauthorized,aug:yoruba:overlap:9,yoruba,48
48_igbo,"Biko, Hello, Unknown party used saved card for renewal I did not authorize. Biko nyere m aka.",fraud_unauthorized,aug:igbo:overlap:9,igbo,48
48_hausa,"Wannan ba daidai ba ne, sannu, Unknown party used saved card for renewal I did not authorize.",fraud_unauthorized,aug:hausa:overlap:9,hausa,48
331,Package marked delivered but nothing arrived at my apartment door.,delivery_shipping,template:delivery_shipping:0,original,331
331_pidgin,Abeg Package marked delivered but nothing arrived at my apartment door.,delivery_shipping,aug:pidgin:template:delivery_shipping:0,pidgin,331
331_igbo,Kedu ihe mere na Package marked delivered but nothing arrived at my apartment door. Obi adịghị m mma.,delivery_shipping,aug:igbo:template:delivery_shipping:0,igbo,331
331_hausa,"Ina roko, Package marked delivered but nothing arrived at my apartment door.",delivery_shipping,aug:hausa:template:delivery_shipping:0,hausa,331
217,Return label provided yet pickup was missed twice without rescheduling.,refund_return,template:refund_return:1,original,217
217_yoruba,"E jọ, Return label provided yet pickup was missed twice without rescheduling. Ẹ ṣe iranlọwọ fún mi.",refund_return,aug:yoruba:template:refund_return:1,yoruba,217
217_igbo,"Biko, Return label provided yet pickup was missed twice without rescheduling. Obi adịghị m mma.",refund_return,aug:igbo:template:refund_return:1,igbo,217
217_hausa,"Wannan ba daidai ba ne, Return label provided yet pickup was missed twice without rescheduling. Don Allah ku taimake ni.",refund_return,aug:hausa:template:refund_return:1,hausa,217
53,Flagging an issue: Gift return processed as store credit instead of original payment method. Please advise.,refund_return,template:refund_return:5,original,53
53_pidgin,Omo Flagging an wahala: Gift return processed as store credit instead of original payment method. Please advise.,refund_return,aug:pidgin:template:refund_return:5,pidgin,53
53_yoruba,Ó ṣeé ṣe kí Flagging an issue: Gift return processed as store credit instead of original payment method. jọ̀wọ́ advise. Mo ti rẹ.,refund_return,aug:yoruba:template:refund_return:5,yoruba,53
53_igbo,Kedu ihe mere na Flagging an issue: Gift return processed as store credit instead of original payment method. Please advise.,refund_return,aug:igbo:template:refund_return:5,igbo,53
53_hausa,"Wannan ba daidai ba ne, Flagging an issue: Gift return processed as store credit instead of original payment method. Please advise.",refund_return,aug:hausa:template:refund_return:5,hausa,53
143,Writing to complain: Box arrived crushed and outer tape clearly resealed by carrier. Please advise.,delivery_shipping,template:delivery_shipping:5,original,143
143_pidgin,I dey vex say Writing to complain: Box arrived crushed and outer tape clearly resealed by carrier. Please advise. This one no good at all.,delivery_shipping,aug:pidgin:template:delivery_shipping:5,pidgin,143
143_yoruba,Mo ní pé Writing to complain: Box arrived crushed and outer tape clearly resealed by carrier. jọ̀wọ́ advise.,delivery_shipping,aug:yoruba:template:delivery_shipping:5,yoruba,143
143_igbo,"Biko, Writing to complain: Box arrived crushed and outer tape clearly resealed by carrier. biko advise. Obi adịghị m mma.",delivery_shipping,aug:igbo:template:delivery_shipping:5,igbo,143
143_hausa,"Wannan ba daidai ba ne, Writing to complain: Box arrived crushed and outer tape clearly resealed by carrier. Please advise. Don Allah ku taimake ni.",delivery_shipping,aug:hausa:template:delivery_shipping:5,hausa,143
62,"Hello, A late fee appeared on my account even though I paid before the due date.",billing,template:billing:2,original,62
62_pidgin,"Wetin dey sup na, how far, A late fee appeared on my account even though I paid before the due date.",billing,aug:pidgin:template:billing:2,pidgin,62
62_yoruba,"Mo ní pé bawo ni, A late fee appeared on my àkọọlì even though I paid before the due date. Ẹ ṣe iranlọwọ fún mi.",billing,aug:yoruba:template:billing:2,yoruba,62
62_igbo,"Kedu ihe mere na Hello, A late fee appeared on my akaụntụ even though I paid before the due date.",billing,aug:igbo:template:billing:2,igbo,62
62_hausa,"Don Allah, sannu, A late fee appeared on my account even though I paid before the due date. Don Allah ku taimake ni.",billing,aug:hausa:template:billing:2,hausa,62
116,"Hello, Bill shows data overage charges although I was on an unlimited plan.",billing,template:billing:6,original,116
116_yoruba,"bawo ni, Bill shows data overage charges although I was on an unlimited plan.",billing,aug:yoruba:template:billing:6,yoruba,116
116_igbo,"Nna, kedu, Bill shows data overage charges although I was on an unlimited plan. Obi adịghị m mma.",billing,aug:igbo:template:billing:6,igbo,116
116_hausa,"Don Allah, sannu, Bill shows data overage charges although I was on an unlimited plan.",billing,aug:hausa:template:billing:6,hausa,116
203,Flagging an issue: Manufacturer warranty claim rejected citing user damage without inspection. Please advise.,warranty_repair,template:warranty_repair:0,original,203
203_pidgin,"Repair never happen, Flagging an issue: Manufacturer warranty claim rejected citing user damage without inspection...",warranty_repair,aug:pidgin:template:warranty_repair:0,pidgin,203
203_yoruba,Ó ṣeé ṣe kí Flagging an issue: Manufacturer warranty claim rejected citing user damage without inspection. jọ̀wọ́ advise. Ẹ ṣe iranlọwọ fún mi.,warranty_repair,aug:yoruba:template:warranty_repair:0,yoruba,203
203_igbo,"Biko, Flagging an issue: Manufacturer warranty claim rejected citing user damage without inspection. biko advise. Biko nyere m aka.",warranty_repair,aug:igbo:template:warranty_repair:0,igbo,203
203_hausa,"Ina roko, Flagging an issue: Manufacturer warranty claim rejected citing user damage without inspection. don Allah advise.",warranty_repair,aug:hausa:template:warranty_repair:0,hausa,203
97,Hi support — Driver picked up return box but refund timer has not started.,refund_return,confusable:15,original,97
97_pidgin,I dey vex say how far support — Driver picked up return box but return my money timer has not started.,refund_return,aug:pidgin:confusable:15,pidgin,97
97_yoruba,Mo ní pé Hi support — Driver picked up return box but refund timer has not started.,refund_return,aug:yoruba:confusable:15,yoruba,97
97_igbo,"Biko, Hi support — Driver picked up return box but refund timer has not started.",refund_return,aug:igbo:confusable:15,igbo,97
380,Hi support — Express shipping paid but item arrived after the event date.,delivery_shipping,template:delivery_shipping:4,original,380
380_pidgin,"My package never arrive, Hi support — Express shipping paid but item arrived after the event...",delivery_shipping,aug:pidgin:template:delivery_shipping:4,pidgin,380
380_yoruba,"Ẹ jọ̀wọ́, Hi support — Express shipping paid but item arrived after the event date. Mo ti rẹ.",delivery_shipping,aug:yoruba:template:delivery_shipping:4,yoruba,380
380_igbo,Biko kwe ka m kwuo na Hi support — Express shipping paid but item arrived after the event date. Biko nyere m aka.,delivery_shipping,aug:igbo:template:delivery_shipping:4,igbo,380
201,Hi support — Deleted account but streaming service continues charging old card.,subscription_cancel,template:subscription_cancel:5,original,201
201_pidgin,Abeg Hi support — Deleted account but streaming service continues charging old card. I don tire for this matter.,subscription_cancel,aug:pidgin:template:subscription_cancel:5,pidgin,201
201_yoruba,Hi support — Deleted àkọọlì but streaming service continues charging old card. Ẹ ṣe iranlọwọ fún mi.,subscription_cancel,aug:yoruba:template:subscription_cancel:5,yoruba,201
201_igbo,Hi support — Deleted akaụntụ but streaming service continues charging old card. Obi adịghị m mma.,subscription_cancel,aug:igbo:template:subscription_cancel:5,igbo,201
201_hausa,Hi support — Deleted asusu but streaming service continues charging old card.,subscription_cancel,aug:hausa:template:subscription_cancel:5,hausa,201
278,"Hello, Username change broke access to digital subscriptions tied to old email.",account_access,template:account_access:5,original,278
278_pidgin,"I no fit enter my account again, Hello, Username change broke access to digital subscriptions tied to old email",account_access,aug:pidgin:template:account_access:5,pidgin,278
278_yoruba,"Mo ní pé bawo ni, Username change broke access to digital subscriptions tied to old email.",account_access,aug:yoruba:template:account_access:5,yoruba,278
278_igbo,"Kedu ihe mere na kedu, Username change broke access to digital subscriptions tied to old email. Obi adịghị m mma.",account_access,aug:igbo:template:account_access:5,igbo,278
278_hausa,"Don Allah, sannu, Username change broke access to digital subscriptions tied to old email.",account_access,aug:hausa:template:account_access:5,hausa,278
298,Flagging an issue: A late fee appeared on my account even though I paid before the due date. Please advise.,billing,template:billing:2,original,298
298_pidgin,Flagging an issue: A late fee appeared on my account even though I paid before the due date. abeg advise. I don tire for this matter.,billing,aug:pidgin:template:billing:2,pidgin,298
298_yoruba,Flagging an issue: A late fee appeared on my àkọọlì even though I paid before the due date. jọ̀wọ́ advise.,billing,aug:yoruba:template:billing:2,yoruba,298
298_igbo,"Biko, Flagging an issue: A late fee appeared on my akaụntụ even though I paid before the due date. Please advise. Obi adịghị m mma.",billing,aug:igbo:template:billing:2,igbo,298
298_hausa,Flagging an issue: A late fee appeared on my asusu even though I paid before the due date. Please advise. Na gaji da wannan.,billing,aug:hausa:template:billing:2,hausa,298
47,"Hello, Tablet touchscreen registers ghost touches along the right edge.",product_defect,template:product_defect:7,original,47
47_pidgin,"The thing don spoil, Hello, Tablet touchscreen registers ghost touches along the right edge",product_defect,aug:pidgin:template:product_defect:7,pidgin,47
47_yoruba,"E jọ, bawo ni, Tablet touchscreen registers ghost touches along the right edge. Ẹ ṣe iranlọwọ fún mi.",product_defect,aug:yoruba:template:product_defect:7,yoruba,47
47_igbo,"Biko, kedu, Tablet touchscreen registers ghost touches along the right edge. Obi adịghị m mma.",product_defect,aug:igbo:template:product_defect:7,igbo,47
47_hausa,"Wannan ba daidai ba ne, sannu, Tablet touchscreen registers ghost touches along the right edge. Don Allah ku taimake ni.",product_defect,aug:hausa:template:product_defect:7,hausa,47
354,Password reset keeps failing and I see logins from cities I never visited.,fraud_unauthorized,confusable:9,original,354
354_yoruba,Password reset keeps failing and I see logins from cities I never visited. Mo ti rẹ.,fraud_unauthorized,aug:yoruba:confusable:9,yoruba,354
354_igbo,Biko kwe ka m kwuo na Password reset keeps failing and I see logins from cities I never visited.,fraud_unauthorized,aug:igbo:confusable:9,igbo,354
160,Writing to complain: Support email promised response in twenty-four hours but no follow-up after a week. Please advise.,customer_service,template:customer_service:1,original,160
160_pidgin,"Customer service no dey respond, Writing to complain: Support email promised response in twenty-four hours but no...",customer_service,aug:pidgin:template:customer_service:1,pidgin,160
160_yoruba,"Ẹ jọ̀wọ́, Writing to complain: Support email promised response in twenty-four hours but no follow-up after a week. jọ̀wọ́ advise. Ẹ ṣe iranlọwọ fún mi.",customer_service,aug:yoruba:template:customer_service:1,yoruba,160
160_igbo,"Nna, Writing to complain: Support email promised response in twenty-four hours but no follow-up after a week. Please advise. Biko nyere m aka.",customer_service,aug:igbo:template:customer_service:1,igbo,160
160_hausa,Writing to complain: Support email promised response in twenty-four hours but no follow-up after a week. don Allah advise.,customer_service,aug:hausa:template:customer_service:1,hausa,160
277,Express shipping paid but item arrived after the event date.,delivery_shipping,template:delivery_shipping:4,original,277
277_pidgin,Omo Express shipping paid but item arrived after the event date. This one no good at all.,delivery_shipping,aug:pidgin:template:delivery_shipping:4,pidgin,277
277_yoruba,Ó ṣeé ṣe kí Express shipping paid but item arrived after the event date. Mo ti rẹ.,delivery_shipping,aug:yoruba:template:delivery_shipping:4,yoruba,277
277_igbo,"Biko, Express shipping paid but item arrived after the event date.",delivery_shipping,aug:igbo:template:delivery_shipping:4,igbo,277
277_hausa,"Ina roko, Express shipping paid but item arrived after the event date.",delivery_shipping,aug:hausa:template:delivery_shipping:4,hausa,277
20,Hi support — Auto-renew toggled back on after software update without consent.,subscription_cancel,template:subscription_cancel:7,original,20
20_pidgin,Abeg how far support — Auto-renew toggled back on after software update without consent. Make e work well abeg.,subscription_cancel,aug:pidgin:template:subscription_cancel:7,pidgin,20
20_igbo,"Nna, Hi support — Auto-renew toggled back on after software update without consent. Obi adịghị m mma.",subscription_cancel,aug:igbo:template:subscription_cancel:7,igbo,20
20_hausa,"Don Allah, Hi support — Auto-renew toggled back on after software update without consent.",subscription_cancel,aug:hausa:template:subscription_cancel:7,hausa,20
82,I paid express shipping but the tracking page still shows label created only.,delivery_shipping,confusable:0,original,82
82_pidgin,"My package never arrive, I paid express shipping but the tracking page still shows label created...",delivery_shipping,aug:pidgin:confusable:0,pidgin,82
82_igbo,I paid express shipping but the tracking page still shows label created only. Biko nyere m aka.,delivery_shipping,aug:igbo:confusable:0,igbo,82
82_hausa,"Wannan ba daidai ba ne, I paid express shipping but the tracking page still shows label created only. Don Allah ku taimake ni.",delivery_shipping,aug:hausa:confusable:0,hausa,82
159,Hi support — Username change broke access to digital subscriptions tied to old email.,account_access,template:account_access:5,original,159
159_pidgin,Omo how far support — Username change broke access to digital subscriptions tied to old email. This one no good at all.,account_access,aug:pidgin:template:account_access:5,pidgin,159
159_yoruba,"E jọ, Hi support — Username change broke access to digital subscriptions tied to old email.",account_access,aug:yoruba:template:account_access:5,yoruba,159
159_hausa,"Wannan ba daidai ba ne, Hi support — Username change broke access to digital subscriptions tied to old email. Don Allah ku taimake ni.",account_access,aug:hausa:template:account_access:5,hausa,159
224,Hi support — Warranty inspection completed but authorized repair was never scheduled.,warranty_repair,overlap:1,original,224
224_pidgin,"Repair never happen, Hi support — Warranty inspection completed but authorized repair was never scheduled",warranty_repair,aug:pidgin:overlap:1,pidgin,224
224_yoruba,"E jọ, Hi support — Warranty inspection completed but authorized repair was never scheduled.",warranty_repair,aug:yoruba:overlap:1,yoruba,224
224_igbo,Kedu ihe mere na Hi support — Warranty inspection completed but authorized repair was never scheduled. Biko nyere m aka.,warranty_repair,aug:igbo:overlap:1,igbo,224
224_hausa,Hi support — Warranty inspection completed but authorized repair was never scheduled. Don Allah ku taimake ni.,warranty_repair,aug:hausa:overlap:1,hausa,224
91,"Hello, Can I buy spare filters in bulk through the corporate portal?",general_inquiry,template:general_inquiry:4,original,91
91_pidgin,"I dey vex say how far, Can I buy spare filters in bulk through the corporate portal? Make e work well abeg.",general_inquiry,aug:pidgin:template:general_inquiry:4,pidgin,91
91_yoruba,"E jọ, Hello, Can I buy spare filters in bulk through the corporate portal?",general_inquiry,aug:yoruba:template:general_inquiry:4,yoruba,91
91_igbo,"Nna, kedu, Can I buy spare filters in bulk through the corporate portal?",general_inquiry,aug:igbo:template:general_inquiry:4,igbo,91
313,Hi support — Card charged for renewal though I submitted cancellation before trial ended.,subscription_cancel,overlap:8,original,313
313_pidgin,"Make una hear me o, Hi support — Card dem charge me for renewal though I submitted cancellation before trial ended.",subscription_cancel,aug:pidgin:overlap:8,pidgin,313
313_yoruba,"E jọ, Hi support — Card charged for renewal though I submitted cancellation before trial ended.",subscription_cancel,aug:yoruba:overlap:8,yoruba,313
313_igbo,"Biko, Hi support — Card charged for renewal though I submitted cancellation before trial ended. Obi adịghị m mma.",subscription_cancel,aug:igbo:overlap:8,igbo,313
313_hausa,"Ina roko, Hi support — Card charged for renewal though I submitted cancellation before trial ended.",subscription_cancel,aug:hausa:overlap:8,hausa,313
55,Gift card balance emptied overnight with transactions I do not recognize.,fraud_unauthorized,template:fraud_unauthorized:2,original,55
55_pidgin,"Wetin dey sup na, Gift card balance emptied overnight with transactions I do not recognize. Make e work well abeg.",fraud_unauthorized,aug:pidgin:template:fraud_unauthorized:2,pidgin,55
55_yoruba,"E jọ, Gift card balance emptied overnight with transactions I do not recognize.",fraud_unauthorized,aug:yoruba:template:fraud_unauthorized:2,yoruba,55
55_igbo,"Biko, Gift card balance emptied overnight with transactions I do not recognize. Biko nyere m aka.",fraud_unauthorized,aug:igbo:template:fraud_unauthorized:2,igbo,55
55_hausa,"Ina roko, Gift card balance emptied overnight with transactions I do not recognize. Don Allah ku taimake ni.",fraud_unauthorized,aug:hausa:template:fraud_unauthorized:2,hausa,55
364,Flagging an issue: Support quoted one price on chat but checkout billed a higher amount. Please advise.,billing,confusable:11,original,364
364_pidgin,Dem dey charge me Flagging an issue: Support quoted one price on chat but checkout billed... wey I no authorize.,billing,aug:pidgin:confusable:11,pidgin,364
364_yoruba,Mo ní pé Flagging an issue: Support quoted one price on chat but checkout billed a higher amount. jọ̀wọ́ advise. Mo ti rẹ.,billing,aug:yoruba:confusable:11,yoruba,364
364_hausa,"Ina roko, Flagging an issue: Support quoted one price on chat but checkout billed a higher amount. don Allah advise.",billing,aug:hausa:confusable:11,hausa,364
154,"Hello, Manufacturer warranty claim rejected citing user damage without inspection.",warranty_repair,template:warranty_repair:0,original,154
154_pidgin,"how far, Manufacturer warranty claim rejected citing user damage without inspection. Make e work well abeg.",warranty_repair,aug:pidgin:template:warranty_repair:0,pidgin,154
154_yoruba,"bawo ni, Manufacturer warranty claim rejected citing user damage without inspection.",warranty_repair,aug:yoruba:template:warranty_repair:0,yoruba,154
154_igbo,"Biko kwe ka m kwuo na kedu, Manufacturer warranty claim rejected citing user damage without inspection. Obi adịghị m mma.",warranty_repair,aug:igbo:template:warranty_repair:0,igbo,154
154_hausa,"Ina roko, Hello, Manufacturer warranty claim rejected citing user damage without inspection.",warranty_repair,aug:hausa:template:warranty_repair:0,hausa,154
347,Flagging an issue: Refund issued for partial amount excluding original shipping I paid. Please advise.,refund_return,template:refund_return:2,original,347
347_pidgin,"Make una hear me o, Flagging an issue: return my money issued for partial amount excluding original shipping I paid. Please advise. Make e work well abeg.",refund_return,aug:pidgin:template:refund_return:2,pidgin,347
347_yoruba,Flagging an issue: Refund issued for partial amount excluding original shipping I paid. jọ̀wọ́ advise. Mo ti rẹ.,refund_return,aug:yoruba:template:refund_return:2,yoruba,347
347_igbo,Biko kwe ka m kwuo na Flagging an issue: Refund issued for partial amount excluding original shipping I paid. biko advise. Obi adịghị m mma.,refund_return,aug:igbo:template:refund_return:2,igbo,347
347_hausa,"Don Allah, Flagging an issue: Refund issued for partial amount excluding original shipping I paid. don Allah advise.",refund_return,aug:hausa:template:refund_return:2,hausa,347
111,Writing to complain: Someone changed shipping address and placed orders I did not approve. Please advise.,fraud_unauthorized,template:fraud_unauthorized:1,original,111
111_pidgin,"Somebody use my account without permission, Writing to complain: Someone changed shipping address and placed orders I did...",fraud_unauthorized,aug:pidgin:template:fraud_unauthorized:1,pidgin,111
111_yoruba,"Ẹ jọ̀wọ́, Writing to complain: Someone changed shipping address and placed orders I did not approve. jọ̀wọ́ advise.",fraud_unauthorized,aug:yoruba:template:fraud_unauthorized:1,yoruba,111
111_igbo,Writing to complain: Someone changed shipping address and placed orders I did not approve. biko advise.,fraud_unauthorized,aug:igbo:template:fraud_unauthorized:1,igbo,111
111_hausa,Writing to complain: Someone changed shipping address and placed orders I did not approve. don Allah advise. Don Allah ku taimake ni.,fraud_unauthorized,aug:hausa:template:fraud_unauthorized:1,hausa,111
337,"Hello, Do you offer student pricing on annual software licenses?",general_inquiry,template:general_inquiry:1,original,337
337_pidgin,"how far, Do you offer student pricing on annual software licenses?",general_inquiry,aug:pidgin:template:general_inquiry:1,pidgin,337
337_yoruba,"bawo ni, Do you offer student pricing on annual software licenses?",general_inquiry,aug:yoruba:template:general_inquiry:1,yoruba,337
337_igbo,"kedu, Do you offer student pricing on annual software licenses?",general_inquiry,aug:igbo:template:general_inquiry:1,igbo,337
318,Hi support — Shipment delayed two weeks — where is my package now?,delivery_shipping,overlap:2,original,318
318_pidgin,"My package never arrive, Hi support — Shipment delayed two weeks — where is my package...",delivery_shipping,aug:pidgin:overlap:2,pidgin,318
318_yoruba,"E jọ, Hi support — Shipment delayed two weeks — where is my package now? Ẹ ṣe iranlọwọ fún mi.",delivery_shipping,aug:yoruba:overlap:2,yoruba,318
318_igbo,Hi support — Shipment delayed two weeks — where is my package now? Obi adịghị m mma.,delivery_shipping,aug:igbo:overlap:2,igbo,318
318_hausa,Hi support — Shipment delayed two weeks — where is my package now? Don Allah ku taimake ni.,delivery_shipping,aug:hausa:overlap:2,hausa,318
86,Flagging an issue: Can I buy spare filters in bulk through the corporate portal? Please advise.,general_inquiry,template:general_inquiry:4,original,86
86_pidgin,I dey vex say Flagging an wahala: Can I buy spare filters in bulk through the corporate portal? Please advise. Make e work well abeg.,general_inquiry,aug:pidgin:template:general_inquiry:4,pidgin,86
86_yoruba,"Ẹ jọ̀wọ́, Flagging an issue: Can I buy spare filters in bulk through the corporate portal? jọ̀wọ́ advise.",general_inquiry,aug:yoruba:template:general_inquiry:4,yoruba,86
86_igbo,Kedu ihe mere na Flagging an issue: Can I buy spare filters in bulk through the corporate portal? biko advise.,general_inquiry,aug:igbo:template:general_inquiry:4,igbo,86
86_hausa,"Don Allah, Flagging an issue: Can I buy spare filters in bulk through the corporate portal? Please advise.",general_inquiry,aug:hausa:template:general_inquiry:4,hausa,86
327,Flagging an issue: Are demo units on display available for purchase at discount? Please advise.,general_inquiry,template:general_inquiry:5,original,327
327_pidgin,I wan ask about Flagging an issue: Are demo units on display available for purchase at...,general_inquiry,aug:pidgin:template:general_inquiry:5,pidgin,327
327_yoruba,Flagging an issue: Are demo units on display available for purchase at discount? jọ̀wọ́ advise.,general_inquiry,aug:yoruba:template:general_inquiry:5,yoruba,327
327_igbo,"Biko, Flagging an issue: Are demo units on display available for purchase at discount? biko advise.",general_inquiry,aug:igbo:template:general_inquiry:5,igbo,327
327_hausa,"Wannan ba daidai ba ne, Flagging an issue: Are demo units on display available for purchase at discount? Please advise.",general_inquiry,aug:hausa:template:general_inquiry:5,hausa,327
261,Hi support — Exchange requested but warehouse sent a different color than approved.,refund_return,template:refund_return:4,original,261
261_pidgin,how far support — Exchange requested but warehouse sent a different color than approved. Make e work well abeg.,refund_return,aug:pidgin:template:refund_return:4,pidgin,261
261_yoruba,Hi support — Exchange requested but warehouse sent a different color than approved. Ẹ ṣe iranlọwọ fún mi.,refund_return,aug:yoruba:template:refund_return:4,yoruba,261
261_igbo,"Biko, Hi support — Exchange requested but warehouse sent a different color than approved. Biko nyere m aka.",refund_return,aug:igbo:template:refund_return:4,igbo,261
304,Flagging an issue: Identity verification failed and impostor chat requested my government ID. Please advise.,fraud_unauthorized,template:fraud_unauthorized:7,original,304
304_pidgin,"Wetin dey sup na, Flagging an wahala: Identity verification failed and impostor chat requested my government ID. abeg advise. I don tire for this matter.",fraud_unauthorized,aug:pidgin:template:fraud_unauthorized:7,pidgin,304
304_yoruba,Flagging an issue: Identity verification failed and impostor chat requested my government ID. jọ̀wọ́ advise. Ẹ ṣe iranlọwọ fún mi.,fraud_unauthorized,aug:yoruba:template:fraud_unauthorized:7,yoruba,304
304_igbo,Biko kwe ka m kwuo na Flagging an issue: Identity verification failed and impostor chat requested my government ID. biko advise.,fraud_unauthorized,aug:igbo:template:fraud_unauthorized:7,igbo,304
304_hausa,"Don Allah, Flagging an issue: Identity verification failed and impostor chat requested my government ID. Please advise.",fraud_unauthorized,aug:hausa:template:fraud_unauthorized:7,hausa,304
260,Representative gave conflicting answers about the same warranty claim.,customer_service,template:customer_service:2,original,260
260_pidgin,Representative gave conflicting answers about the same warranty claim. This one no good at all.,customer_service,aug:pidgin:template:customer_service:2,pidgin,260
260_yoruba,"Ẹ jọ̀wọ́, Representative gave conflicting answers about the same warranty claim.",customer_service,aug:yoruba:template:customer_service:2,yoruba,260
260_igbo,Kedu ihe mere na Representative gave conflicting answers about the same warranty claim. Biko nyere m aka.,customer_service,aug:igbo:template:customer_service:2,igbo,260
260_hausa,"Wannan ba daidai ba ne, Representative gave conflicting answers about the same warranty claim. Na gaji da wannan.",customer_service,aug:hausa:template:customer_service:2,hausa,260
130,Flagging an issue: Washing machine same fault returned twice after so-called repair. Please advise.,warranty_repair,template:warranty_repair:4,original,130
130_pidgin,"Wetin dey sup na, Flagging an issue: Washing machine same fault returned twice after so-called repair. Please advise. Abeg make una help me.",warranty_repair,aug:pidgin:template:warranty_repair:4,pidgin,130
130_yoruba,Flagging an issue: Washing machine same fault returned twice after so-called repair. jọ̀wọ́ advise.,warranty_repair,aug:yoruba:template:warranty_repair:4,yoruba,130
130_igbo,Kedu ihe mere na Flagging an issue: Washing machine same fault returned twice after so-called repair. Please advise. Obi adịghị m mma.,warranty_repair,aug:igbo:template:warranty_repair:4,igbo,130
130_hausa,Flagging an issue: Washing machine same fault returned twice after so-called repair. don Allah advise.,warranty_repair,aug:hausa:template:warranty_repair:4,hausa,130
231,Flagging an issue: Extended protection plan will not cover water damage from known seal defect. Please advise.,warranty_repair,template:warranty_repair:6,original,231
231_pidgin,"Repair never happen, Flagging an issue: Extended protection plan will not cover water damage from...",warranty_repair,aug:pidgin:template:warranty_repair:6,pidgin,231
231_yoruba,Mo ní pé Flagging an issue: Extended protection plan will not cover water damage from known seal defect. jọ̀wọ́ advise.,warranty_repair,aug:yoruba:template:warranty_repair:6,yoruba,231
231_igbo,"Biko, Flagging an issue: Extended protection plan will not cover water damage from known seal defect. biko advise. Biko nyere m aka.",warranty_repair,aug:igbo:template:warranty_repair:6,igbo,231
231_hausa,"Ina roko, Flagging an issue: Extended protection plan will not cover water damage from known seal defect. don Allah advise. Don Allah ku taimake ni.",warranty_repair,aug:hausa:template:warranty_repair:6,hausa,231
38,Single sign-on loop prevents access to member portal on mobile browser.,account_access,template:account_access:7,original,38
38_pidgin,"Make una hear me o, Single sign-on loop prevents access to member portal on mobile browser.",account_access,aug:pidgin:template:account_access:7,pidgin,38
38_yoruba,Ó ṣeé ṣe kí Single sign-on loop prevents access to member portal on mobile browser.,account_access,aug:yoruba:template:account_access:7,yoruba,38
38_hausa,"Ina roko, Single sign-on loop prevents access to member portal on mobile browser.",account_access,aug:hausa:template:account_access:7,hausa,38
321,Writing to complain: The laptop screen flickers after only two weeks of normal use. Please advise.,product_defect,template:product_defect:0,original,321
321_pidgin,"Make una hear me o, Writing to complain: The laptop screen flickers after only two weeks of normal use. abeg advise.",product_defect,aug:pidgin:template:product_defect:0,pidgin,321
321_yoruba,Writing to complain: The laptop screen flickers after only two weeks of normal use. jọ̀wọ́ advise. Ẹ ṣe iranlọwọ fún mi.,product_defect,aug:yoruba:template:product_defect:0,yoruba,321
321_igbo,Writing to complain: The laptop screen flickers after only two weeks of normal use. biko advise.,product_defect,aug:igbo:template:product_defect:0,igbo,321
321_hausa,"Don Allah, Writing to complain: The laptop screen flickers after only two weeks of normal use. Please advise.",product_defect,aug:hausa:template:product_defect:0,hausa,321
182,Extended protection plan will not cover water damage from known seal defect.,warranty_repair,template:warranty_repair:6,original,182
182_pidgin,"Repair never happen, Extended protection plan will not cover water damage from known seal defect",warranty_repair,aug:pidgin:template:warranty_repair:6,pidgin,182
182_yoruba,Extended protection plan will not cover water damage from known seal defect. Mo ti rẹ.,warranty_repair,aug:yoruba:template:warranty_repair:6,yoruba,182
182_igbo,Biko kwe ka m kwuo na Extended protection plan will not cover water damage from known seal defect.,warranty_repair,aug:igbo:template:warranty_repair:6,igbo,182
102,"Hello, Children's toy paint chipped off and looks unsafe after gentle play.",product_defect,template:product_defect:3,original,102
102_pidgin,"Abeg how far, Children's toy paint chipped off and looks unsafe after gentle play. Make e work well abeg.",product_defect,aug:pidgin:template:product_defect:3,pidgin,102
102_yoruba,"Ó ṣeé ṣe kí bawo ni, Children's toy paint chipped off and looks unsafe after gentle play. Ẹ ṣe iranlọwọ fún mi.",product_defect,aug:yoruba:template:product_defect:3,yoruba,102
102_igbo,"Biko kwe ka m kwuo na kedu, Children's toy paint chipped off and looks unsafe after gentle play. Obi adịghị m mma.",product_defect,aug:igbo:template:product_defect:3,igbo,102
102_hausa,"Wannan ba daidai ba ne, Hello, Children's toy paint chipped off and looks unsafe after gentle play.",product_defect,aug:hausa:template:product_defect:3,hausa,102
325,Flagging an issue: Account shows login from another country while I was asleep locally. Please advise.,fraud_unauthorized,template:fraud_unauthorized:3,original,325
325_pidgin,"Somebody use my account without permission, Flagging an issue: Account shows login from another country while I was...",fraud_unauthorized,aug:pidgin:template:fraud_unauthorized:3,pidgin,325
325_yoruba,Flagging an issue: Account shows login from another country while I was asleep locally. jọ̀wọ́ advise. Ẹ ṣe iranlọwọ fún mi.,fraud_unauthorized,aug:yoruba:template:fraud_unauthorized:3,yoruba,325
325_igbo,"Nna, Flagging an issue: akaụntụ shows login from another country while I was asleep locally. biko advise. Biko nyere m aka.",fraud_unauthorized,aug:igbo:template:fraud_unauthorized:3,igbo,325
325_hausa,"Ina roko, Flagging an issue: asusu shows login from another country while I was asleep locally. don Allah advise.",fraud_unauthorized,aug:hausa:template:fraud_unauthorized:3,hausa,325
35,"Hello, Where can I download compliance certificates for school procurement?",general_inquiry,template:general_inquiry:7,original,35
35_pidgin,"I wan ask about Hello, Where can I download compliance certificates for school procurement?",general_inquiry,aug:pidgin:template:general_inquiry:7,pidgin,35
35_yoruba,"Mo ní pé bawo ni, Where can I download compliance certificates for school procurement? Ẹ ṣe iranlọwọ fún mi.",general_inquiry,aug:yoruba:template:general_inquiry:7,yoruba,35
35_igbo,"Hello, Where can I download compliance certificates for school procurement? Biko nyere m aka.",general_inquiry,aug:igbo:template:general_inquiry:7,igbo,35
35_hausa,"Wannan ba daidai ba ne, sannu, Where can I download compliance certificates for school procurement? Na gaji da wannan.",general_inquiry,aug:hausa:template:general_inquiry:7,hausa,35
375,Flagging an issue: Account locked after three attempts though credentials are correct. Please advise.,account_access,template:account_access:2,original,375
375_pidgin,Flagging an wahala: account locked after three attempts though credentials are correct. abeg advise.,account_access,aug:pidgin:template:account_access:2,pidgin,375
375_yoruba,Flagging an issue: Account locked after three attempts though credentials are correct. jọ̀wọ́ advise.,account_access,aug:yoruba:template:account_access:2,yoruba,375
375_igbo,"Nna, Flagging an issue: Account locked after three attempts though credentials are correct. Please advise.",account_access,aug:igbo:template:account_access:2,igbo,375
375_hausa,Flagging an issue: asusu locked after three attempts though credentials are correct. don Allah advise.,account_access,aug:hausa:template:account_access:2,hausa,375
108,Writing to complain: Identity verification failed and impostor chat requested my government ID. Please advise.,fraud_unauthorized,template:fraud_unauthorized:7,original,108
108_pidgin,"Somebody use my account without permission, Writing to complain: Identity verification failed and impostor chat requested my government...",fraud_unauthorized,aug:pidgin:template:fraud_unauthorized:7,pidgin,108
108_yoruba,Mo ní pé Writing to complain: Identity verification failed and impostor chat requested my government ID. Please advise.,fraud_unauthorized,aug:yoruba:template:fraud_unauthorized:7,yoruba,108
108_igbo,Writing to complain: Identity verification failed and impostor chat requested my government ID. Please advise. Biko nyere m aka.,fraud_unauthorized,aug:igbo:template:fraud_unauthorized:7,igbo,108
108_hausa,"Ina roko, Writing to complain: Identity verification failed and impostor chat requested my government ID. Please advise.",fraud_unauthorized,aug:hausa:template:fraud_unauthorized:7,hausa,108
276,"Hello, Warranty inspection completed but authorized repair was never scheduled.",warranty_repair,overlap:1,original,276
276_pidgin,"Na unfair o, how far, Warranty inspection completed but authorized repair was never scheduled. This one no good at all.",warranty_repair,aug:pidgin:overlap:1,pidgin,276
276_yoruba,"bawo ni, Warranty inspection completed but authorized repair was never scheduled. Ẹ ṣe iranlọwọ fún mi.",warranty_repair,aug:yoruba:overlap:1,yoruba,276
276_igbo,"Biko, kedu, Warranty inspection completed but authorized repair was never scheduled.",warranty_repair,aug:igbo:overlap:1,igbo,276
276_hausa,"Wannan ba daidai ba ne, Hello, Warranty inspection completed but authorized repair was never scheduled. Don Allah ku taimake ni.",warranty_repair,aug:hausa:overlap:1,hausa,276
176,Flagging an issue: Complaint form submitted twice with no acknowledgement number. Please advise.,customer_service,template:customer_service:7,original,176
176_pidgin,"Na unfair o, Flagging an wahala: complaint form submitted twice with no acknowledgement number. abeg advise. Make e work well abeg.",customer_service,aug:pidgin:template:customer_service:7,pidgin,176
176_yoruba,Mo ní pé Flagging an issue: ìkànìyàn form submitted twice with no acknowledgement number. jọ̀wọ́ advise. Ẹ ṣe iranlọwọ fún mi.,customer_service,aug:yoruba:template:customer_service:7,yoruba,176
176_igbo,Flagging an issue: Complaint form submitted twice with no acknowledgement number. biko advise. Biko nyere m aka.,customer_service,aug:igbo:template:customer_service:7,igbo,176
176_hausa,Flagging an issue: korafi form submitted twice with no acknowledgement number. don Allah advise.,customer_service,aug:hausa:template:customer_service:7,hausa,176
238,Writing to complain: Account shows login from another country while I was asleep locally. Please advise.,fraud_unauthorized,template:fraud_unauthorized:3,original,238
238_pidgin,Abeg Writing to complain: account shows login from another country while I was asleep locally. Please advise.,fraud_unauthorized,aug:pidgin:template:fraud_unauthorized:3,pidgin,238
238_yoruba,Writing to complain: Account shows login from another country while I was asleep locally. Please advise. Mo ti rẹ.,fraud_unauthorized,aug:yoruba:template:fraud_unauthorized:3,yoruba,238
238_igbo,"Biko, Writing to complain: akaụntụ shows login from another country while I was asleep locally. Please advise.",fraud_unauthorized,aug:igbo:template:fraud_unauthorized:3,igbo,238
238_hausa,"Wannan ba daidai ba ne, Writing to complain: Account shows login from another country while I was asleep locally. don Allah advise.",fraud_unauthorized,aug:hausa:template:fraud_unauthorized:3,hausa,238
30,Exchange requested but warehouse sent a different color than approved.,refund_return,template:refund_return:4,original,30
30_pidgin,I dey vex say Exchange requested but warehouse sent a different color than approved. I don tire for this matter.,refund_return,aug:pidgin:template:refund_return:4,pidgin,30
30_yoruba,Mo ní pé Exchange requested but warehouse sent a different color than approved.,refund_return,aug:yoruba:template:refund_return:4,yoruba,30
30_igbo,"Nna, Exchange requested but warehouse sent a different color than approved.",refund_return,aug:igbo:template:refund_return:4,igbo,30
30_hausa,"Don Allah, Exchange requested but warehouse sent a different color than approved.",refund_return,aug:hausa:template:refund_return:4,hausa,30
4,Hi support — Tablet touchscreen registers ghost touches along the right edge.,product_defect,template:product_defect:7,original,4
4_pidgin,how far support — Tablet touchscreen registers ghost touches along the right edge. Abeg make una help me.,product_defect,aug:pidgin:template:product_defect:7,pidgin,4
4_yoruba,Mo ní pé Hi support — Tablet touchscreen registers ghost touches along the right edge. Ẹ ṣe iranlọwọ fún mi.,product_defect,aug:yoruba:template:product_defect:7,yoruba,4
4_igbo,"Biko, Hi support — Tablet touchscreen registers ghost touches along the right edge.",product_defect,aug:igbo:template:product_defect:7,igbo,4
335,Hi support — Agent said return was approved but warehouse team never sent label.,refund_return,confusable:5,original,335
335_pidgin,"Make una hear me o, how far support — Agent said return was approved but warehouse team never sent label.",refund_return,aug:pidgin:confusable:5,pidgin,335
335_yoruba,"Ẹ jọ̀wọ́, Hi support — Agent said return was approved but warehouse team never sent label. Mo ti rẹ.",refund_return,aug:yoruba:confusable:5,yoruba,335
335_igbo,Biko kwe ka m kwuo na Hi support — Agent said return was approved but warehouse team never sent label.,refund_return,aug:igbo:confusable:5,igbo,335
335_hausa,"Ina roko, Hi support — Agent said return was approved but warehouse team never sent label.",refund_return,aug:hausa:confusable:5,hausa,335
353,Flagging an issue: Representative gave conflicting answers about the same warranty claim. Please advise.,customer_service,template:customer_service:2,original,353
353_pidgin,"Make una hear me o, Flagging an wahala: Representative gave conflicting answers about the same warranty claim. Please advise. This one no good at all.",customer_service,aug:pidgin:template:customer_service:2,pidgin,353
353_yoruba,Mo ní pé Flagging an issue: Representative gave conflicting answers about the same warranty claim. jọ̀wọ́ advise. Ẹ ṣe iranlọwọ fún mi.,customer_service,aug:yoruba:template:customer_service:2,yoruba,353
353_igbo,Flagging an issue: Representative gave conflicting answers about the same warranty claim. biko advise.,customer_service,aug:igbo:template:customer_service:2,igbo,353
353_hausa,Flagging an issue: Representative gave conflicting answers about the same warranty claim. don Allah advise.,customer_service,aug:hausa:template:customer_service:2,hausa,353
235,Flagging an issue: Waited forty minutes on chat before the agent disconnected without reply. Please advise.,customer_service,template:customer_service:0,original,235
235_pidgin,Omo Flagging an wahala: Waited forty minutes on chat before the agent disconnected without reply. abeg advise.,customer_service,aug:pidgin:template:customer_service:0,pidgin,235
235_yoruba,"Ẹ jọ̀wọ́, Flagging an issue: Waited forty minutes on chat before the agent disconnected without reply. jọ̀wọ́ advise.",customer_service,aug:yoruba:template:customer_service:0,yoruba,235
235_igbo,Flagging an issue: Waited forty minutes on chat before the agent disconnected without reply. biko advise.,customer_service,aug:igbo:template:customer_service:0,igbo,235
299,The laptop screen flickers after only two weeks of normal use.,product_defect,template:product_defect:0,original,299
299_pidgin,The laptop screen flickers after only two weeks of normal use. I don tire for this matter.,product_defect,aug:pidgin:template:product_defect:0,pidgin,299
299_igbo,"Nna, The laptop screen flickers after only two weeks of normal use. Obi adịghị m mma.",product_defect,aug:igbo:template:product_defect:0,igbo,299
299_hausa,"Ina roko, The laptop screen flickers after only two weeks of normal use. Na gaji da wannan.",product_defect,aug:hausa:template:product_defect:0,hausa,299
215,Hi support — Item arrived late and the glass panel inside was already shattered.,product_defect,confusable:7,original,215
215_pidgin,Hi support — Item arrived late and the glass panel inside was already shattered. I don tire for this matter.,product_defect,aug:pidgin:confusable:7,pidgin,215
215_yoruba,Mo ní pé Hi support — Item arrived late and the glass panel inside was already shattered.,product_defect,aug:yoruba:confusable:7,yoruba,215
215_igbo,"Nna, Hi support — Item arrived late and the glass panel inside was already shattered.",product_defect,aug:igbo:confusable:7,igbo,215
215_hausa,"Ina roko, Hi support — Item arrived late and the glass panel inside was already shattered.",product_defect,aug:hausa:confusable:7,hausa,215
282,"Hello, Smartphone battery drains from full to zero in under three hours.",product_defect,template:product_defect:4,original,282
282_pidgin,"Hello, Smartphone battery drains from full to zero in under three hours. I don tire for this matter.",product_defect,aug:pidgin:template:product_defect:4,pidgin,282
282_yoruba,"Mo ní pé bawo ni, Smartphone battery drains from full to zero in under three hours. Mo ti rẹ.",product_defect,aug:yoruba:template:product_defect:4,yoruba,282
282_igbo,"Kedu ihe mere na kedu, Smartphone battery drains from full to zero in under three hours.",product_defect,aug:igbo:template:product_defect:4,igbo,282
282_hausa,"Don Allah, Hello, Smartphone battery drains from full to zero in under three hours.",product_defect,aug:hausa:template:product_defect:4,hausa,282
200,Writing to complain: Payment posted but balance still shows overdue in the portal. Please advise.,billing,template:billing:7,original,200
200_pidgin,Dem dey charge me Writing to complain: Payment posted but balance still shows overdue in the... wey I no authorize.,billing,aug:pidgin:template:billing:7,pidgin,200
200_yoruba,Mo ní pé Writing to complain: Payment posted but balance still shows overdue in the portal. Please advise. Ẹ ṣe iranlọwọ fún mi.,billing,aug:yoruba:template:billing:7,yoruba,200
200_igbo,"Nna, Writing to complain: Payment posted but balance still shows overdue in the portal. biko advise. Biko nyere m aka.",billing,aug:igbo:template:billing:7,igbo,200
200_hausa,"Wannan ba daidai ba ne, Writing to complain: Payment posted but balance still shows overdue in the portal. Please advise. Na gaji da wannan.",billing,aug:hausa:template:billing:7,hausa,200
51,Hi support — Refund issued for partial amount excluding original shipping I paid.,refund_return,template:refund_return:2,original,51
51_pidgin,"Abeg return my money, Hi support — Refund issued for partial amount excluding original shipping I...",refund_return,aug:pidgin:template:refund_return:2,pidgin,51
51_yoruba,"E jọ, Hi support — Refund issued for partial amount excluding original shipping I paid.",refund_return,aug:yoruba:template:refund_return:2,yoruba,51
51_igbo,Hi support — Refund issued for partial amount excluding original shipping I paid. Obi adịghị m mma.,refund_return,aug:igbo:template:refund_return:2,igbo,51
51_hausa,"Don Allah, Hi support — Refund issued for partial amount excluding original shipping I paid. Na gaji da wannan.",refund_return,aug:hausa:template:refund_return:2,hausa,51
289,Wallet charged for subscription I never activated after free trial ended silently.,fraud_unauthorized,template:fraud_unauthorized:4,original,289
289_pidgin,Abeg Wallet dem charge me for subscription I never activated after free trial ended silently.,fraud_unauthorized,aug:pidgin:template:fraud_unauthorized:4,pidgin,289
289_yoruba,"E jọ, Wallet charged for subscription I never activated after free trial ended silently.",fraud_unauthorized,aug:yoruba:template:fraud_unauthorized:4,yoruba,289
289_igbo,"Nna, Wallet charged for subscription I never activated after free trial ended silently.",fraud_unauthorized,aug:igbo:template:fraud_unauthorized:4,igbo,289
289_hausa,"Ina roko, Wallet charged for subscription I never activated after free trial ended silently.",fraud_unauthorized,aug:hausa:template:fraud_unauthorized:4,hausa,289
135,Smartphone battery drains from full to zero in under three hours.,product_defect,template:product_defect:4,original,135
135_pidgin,Abeg Smartphone battery drains from full to zero in under three hours. Make e work well abeg.,product_defect,aug:pidgin:template:product_defect:4,pidgin,135
135_yoruba,Mo ní pé Smartphone battery drains from full to zero in under three hours. Mo ti rẹ.,product_defect,aug:yoruba:template:product_defect:4,yoruba,135
135_igbo,"Nna, Smartphone battery drains from full to zero in under three hours.",product_defect,aug:igbo:template:product_defect:4,igbo,135
135_hausa,"Wannan ba daidai ba ne, Smartphone battery drains from full to zero in under three hours.",product_defect,aug:hausa:template:product_defect:4,hausa,135
190,Writing to complain: Gift card balance emptied overnight with transactions I do not recognize. Please advise.,fraud_unauthorized,template:fraud_unauthorized:2,original,190
190_pidgin,"Wetin dey sup na, Writing to complain: Gift card balance emptied overnight with transactions I do not recognize. abeg advise.",fraud_unauthorized,aug:pidgin:template:fraud_unauthorized:2,pidgin,190
190_yoruba,Writing to complain: Gift card balance emptied overnight with transactions I do not recognize. jọ̀wọ́ advise. Mo ti rẹ.,fraud_unauthorized,aug:yoruba:template:fraud_unauthorized:2,yoruba,190
190_igbo,"Nna, Writing to complain: Gift card balance emptied overnight with transactions I do not recognize. Please advise.",fraud_unauthorized,aug:igbo:template:fraud_unauthorized:2,igbo,190
190_hausa,"Ina roko, Writing to complain: Gift card balance emptied overnight with transactions I do not recognize. don Allah advise. Don Allah ku taimake ni.",fraud_unauthorized,aug:hausa:template:fraud_unauthorized:2,hausa,190
295,Flagging an issue: Cancellation effective next year according to agent though terms say monthly. Please advise.,subscription_cancel,template:subscription_cancel:4,original,295
295_pidgin,Omo Flagging an issue: Cancellation effective next year according to agent though terms say monthly. abeg advise.,subscription_cancel,aug:pidgin:template:subscription_cancel:4,pidgin,295
295_yoruba,Ó ṣeé ṣe kí Flagging an issue: Cancellation effective next year according to agent though terms say monthly. Please advise. Ẹ ṣe iranlọwọ fún mi.,subscription_cancel,aug:yoruba:template:subscription_cancel:4,yoruba,295
295_igbo,Flagging an issue: Cancellation effective next year according to agent though terms say monthly. biko advise. Biko nyere m aka.,subscription_cancel,aug:igbo:template:subscription_cancel:4,igbo,295
295_hausa,"Wannan ba daidai ba ne, Flagging an issue: Cancellation effective next year according to agent though terms say monthly. Please advise.",subscription_cancel,aug:hausa:template:subscription_cancel:4,hausa,295
351,Writing to complain: What are store hours for the downtown location on public holidays? Please advise.,general_inquiry,template:general_inquiry:0,original,351
351_pidgin,I wan ask about Writing to complain: What are store hours for the downtown location on...,general_inquiry,aug:pidgin:template:general_inquiry:0,pidgin,351
351_yoruba,"E jọ, Writing to complain: What are store hours for the downtown location on public holidays? jọ̀wọ́ advise. Ẹ ṣe iranlọwọ fún mi.",general_inquiry,aug:yoruba:template:general_inquiry:0,yoruba,351
351_igbo,Biko kwe ka m kwuo na Writing to complain: What are store hours for the downtown location on public holidays? Please advise.,general_inquiry,aug:igbo:template:general_inquiry:0,igbo,351
351_hausa,"Wannan ba daidai ba ne, Writing to complain: What are store hours for the downtown location on public holidays? don Allah advise.",general_inquiry,aug:hausa:template:general_inquiry:0,hausa,351
275,"Hello, Account shows login from another country while I was asleep locally.",fraud_unauthorized,template:fraud_unauthorized:3,original,275
275_pidgin,"Somebody use my account without permission, Hello, Account shows login from another country while I was asleep locally",fraud_unauthorized,aug:pidgin:template:fraud_unauthorized:3,pidgin,275
275_yoruba,"Ó ṣeé ṣe kí Hello, àkọọlì shows login from another country while I was asleep locally.",fraud_unauthorized,aug:yoruba:template:fraud_unauthorized:3,yoruba,275
275_igbo,"Biko kwe ka m kwuo na kedu, Account shows login from another country while I was asleep locally. Obi adịghị m mma.",fraud_unauthorized,aug:igbo:template:fraud_unauthorized:3,igbo,275
275_hausa,"Ina roko, sannu, asusu shows login from another country while I was asleep locally. Don Allah ku taimake ni.",fraud_unauthorized,aug:hausa:template:fraud_unauthorized:3,hausa,275
342,Writing to complain: Courier left perishable groceries in the sun despite shade instructions. Please advise.,delivery_shipping,template:delivery_shipping:1,original,342
342_pidgin,"Wetin dey sup na, Writing to dey complain: Courier left perishable groceries in the sun despite shade instructions. abeg advise.",delivery_shipping,aug:pidgin:template:delivery_shipping:1,pidgin,342
342_yoruba,Ó ṣeé ṣe kí Writing to complain: Courier left perishable groceries in the sun despite shade instructions. jọ̀wọ́ advise.,delivery_shipping,aug:yoruba:template:delivery_shipping:1,yoruba,342
342_igbo,"Biko, Writing to complain: Courier left perishable groceries in the sun despite shade instructions. Please advise. Biko nyere m aka.",delivery_shipping,aug:igbo:template:delivery_shipping:1,igbo,342
342_hausa,"Ina roko, Writing to complain: Courier left perishable groceries in the sun despite shade instructions. don Allah advise.",delivery_shipping,aug:hausa:template:delivery_shipping:1,hausa,342
60,Writing to complain: Bill shows data overage charges although I was on an unlimited plan. Please advise.,billing,template:billing:6,original,60
60_pidgin,"Wetin dey sup na, Writing to dey complain: Bill shows data overage charges although I was on an unlimited plan. abeg advise. Abeg make una help me.",billing,aug:pidgin:template:billing:6,pidgin,60
60_yoruba,Ó ṣeé ṣe kí Writing to complain: Bill shows data overage charges although I was on an unlimited plan. Please advise. Mo ti rẹ.,billing,aug:yoruba:template:billing:6,yoruba,60
60_igbo,"Biko, Writing to complain: Bill shows data overage charges although I was on an unlimited plan. biko advise. Obi adịghị m mma.",billing,aug:igbo:template:billing:6,igbo,60
60_hausa,"Don Allah, Writing to complain: Bill shows data overage charges although I was on an unlimited plan. Please advise.",billing,aug:hausa:template:billing:6,hausa,60
311,Case update: Shipment delayed two weeks — where is my package now? Please advise.,delivery_shipping,overlap:2,original,311
311_pidgin,"Na unfair o, Case update: Shipment delayed two weeks — where is my package now? Please advise.",delivery_shipping,aug:pidgin:overlap:2,pidgin,311
311_yoruba,"Ẹ jọ̀wọ́, Case update: Shipment delayed two weeks — where is my package now? Please advise. Ẹ ṣe iranlọwọ fún mi.",delivery_shipping,aug:yoruba:overlap:2,yoruba,311
311_igbo,"Nna, Case update: Shipment delayed two weeks — where is my package now? biko advise. Obi adịghị m mma.",delivery_shipping,aug:igbo:overlap:2,igbo,311
311_hausa,"Don Allah, Case update: Shipment delayed two weeks — where is my package now? don Allah advise.",delivery_shipping,aug:hausa:overlap:2,hausa,311
50,Writing to complain: Do you offer student pricing on annual software licenses? Please advise.,general_inquiry,template:general_inquiry:1,original,50
50_pidgin,"Wetin dey sup na, Writing to dey complain: Do you offer student pricing on annual software licenses? abeg advise.",general_inquiry,aug:pidgin:template:general_inquiry:1,pidgin,50
50_yoruba,Mo ní pé Writing to complain: Do you offer student pricing on annual software licenses? jọ̀wọ́ advise.,general_inquiry,aug:yoruba:template:general_inquiry:1,yoruba,50
50_igbo,"Nna, Writing to complain: Do you offer student pricing on annual software licenses? biko advise.",general_inquiry,aug:igbo:template:general_inquiry:1,igbo,50
50_hausa,"Don Allah, Writing to complain: Do you offer student pricing on annual software licenses? don Allah advise. Don Allah ku taimake ni.",general_inquiry,aug:hausa:template:general_inquiry:1,hausa,50
232,"Hello, Return tracking shows received at warehouse five days ago with no credit.",refund_return,template:refund_return:6,original,232
232_pidgin,"Abeg return my money, Hello, Return tracking shows received at warehouse five days ago with no...",refund_return,aug:pidgin:template:refund_return:6,pidgin,232
232_yoruba,"Mo ní pé bawo ni, Return tracking shows received at warehouse five days ago with no credit.",refund_return,aug:yoruba:template:refund_return:6,yoruba,232
232_igbo,"Biko kwe ka m kwuo na kedu, Return tracking shows received at warehouse five days ago with no credit. Obi adịghị m mma.",refund_return,aug:igbo:template:refund_return:6,igbo,232
232_hausa,"sannu, Return tracking shows received at warehouse five days ago with no credit. Na gaji da wannan.",refund_return,aug:hausa:template:refund_return:6,hausa,232
41,Still billed monthly after confirming cancellation confirmation number.,subscription_cancel,template:subscription_cancel:1,original,41
41_pidgin,"I cancel am but dem still dey charge me, Still billed monthly after confirming cancellation confirmation number",subscription_cancel,aug:pidgin:template:subscription_cancel:1,pidgin,41
41_yoruba,Still billed monthly after confirming cancellation confirmation number. Ẹ ṣe iranlọwọ fún mi.,subscription_cancel,aug:yoruba:template:subscription_cancel:1,yoruba,41
41_igbo,Kedu ihe mere na Still billed monthly after confirming cancellation confirmation number.,subscription_cancel,aug:igbo:template:subscription_cancel:1,igbo,41
41_hausa,Still billed monthly after confirming cancellation confirmation number. Don Allah ku taimake ni.,subscription_cancel,aug:hausa:template:subscription_cancel:1,hausa,41
52,Writing to complain: Tablet touchscreen registers ghost touches along the right edge. Please advise.,product_defect,template:product_defect:7,original,52
52_pidgin,Omo Writing to dey complain: Tablet touchscreen registers ghost touches along the right edge. abeg advise.,product_defect,aug:pidgin:template:product_defect:7,pidgin,52
52_yoruba,"E jọ, Writing to complain: Tablet touchscreen registers ghost touches along the right edge. jọ̀wọ́ advise.",product_defect,aug:yoruba:template:product_defect:7,yoruba,52
52_igbo,Kedu ihe mere na Writing to complain: Tablet touchscreen registers ghost touches along the right edge. biko advise. Obi adịghị m mma.,product_defect,aug:igbo:template:product_defect:7,igbo,52
52_hausa,"Ina roko, Writing to complain: Tablet touchscreen registers ghost touches along the right edge. don Allah advise. Don Allah ku taimake ni.",product_defect,aug:hausa:template:product_defect:7,hausa,52
32,Writing to complain: Representative gave conflicting answers about the same warranty claim. Please advise.,customer_service,template:customer_service:2,original,32
32_pidgin,"Wetin dey sup na, Writing to dey complain: Representative gave conflicting answers about the same warranty claim. abeg advise. Abeg make una help me.",customer_service,aug:pidgin:template:customer_service:2,pidgin,32
32_igbo,Kedu ihe mere na Writing to complain: Representative gave conflicting answers about the same warranty claim. Please advise.,customer_service,aug:igbo:template:customer_service:2,igbo,32
32_hausa,"Ina roko, Writing to complain: Representative gave conflicting answers about the same warranty claim. don Allah advise.",customer_service,aug:hausa:template:customer_service:2,hausa,32
212,Writing to complain: Are demo units on display available for purchase at discount? Please advise.,general_inquiry,template:general_inquiry:5,original,212
212_pidgin,"Wetin dey sup na, Writing to dey complain: Are demo units on display available for purchase at discount? abeg advise. Make e work well abeg.",general_inquiry,aug:pidgin:template:general_inquiry:5,pidgin,212
212_yoruba,"E jọ, Writing to complain: Are demo units on display available for purchase at discount? jọ̀wọ́ advise.",general_inquiry,aug:yoruba:template:general_inquiry:5,yoruba,212
212_igbo,Kedu ihe mere na Writing to complain: Are demo units on display available for purchase at discount? biko advise. Biko nyere m aka.,general_inquiry,aug:igbo:template:general_inquiry:5,igbo,212
212_hausa,"Don Allah, Writing to complain: Are demo units on display available for purchase at discount? don Allah advise. Don Allah ku taimake ni.",general_inquiry,aug:hausa:template:general_inquiry:5,hausa,212
7,Hi support — Cancellation effective next year according to agent though terms say monthly.,subscription_cancel,template:subscription_cancel:4,original,7
7_pidgin,"I cancel am but dem still dey charge me, Hi support — Cancellation effective next year according to agent though terms...",subscription_cancel,aug:pidgin:template:subscription_cancel:4,pidgin,7
7_yoruba,"E jọ, Hi support — Cancellation effective next year according to agent though terms say monthly. Ẹ ṣe iranlọwọ fún mi.",subscription_cancel,aug:yoruba:template:subscription_cancel:4,yoruba,7
7_hausa,"Wannan ba daidai ba ne, Hi support — Cancellation effective next year according to agent though terms say monthly. Don Allah ku taimake ni.",subscription_cancel,aug:hausa:template:subscription_cancel:4,hausa,7
142,"Hello, Shipment delayed two weeks — where is my package now?",delivery_shipping,overlap:2,original,142
142_pidgin,"Abeg Hello, Shipment delayed two weeks — where is my package now? Make e work well abeg.",delivery_shipping,aug:pidgin:overlap:2,pidgin,142
142_yoruba,"Ẹ jọ̀wọ́, bawo ni, Shipment delayed two weeks — where is my package now?",delivery_shipping,aug:yoruba:overlap:2,yoruba,142
142_igbo,"Nna, kedu, Shipment delayed two weeks — where is my package now? Biko nyere m aka.",delivery_shipping,aug:igbo:overlap:2,igbo,142
142_hausa,"Don Allah, Hello, Shipment delayed two weeks — where is my package now?",delivery_shipping,aug:hausa:overlap:2,hausa,142
9,Defective oven element failed again after warranty repair last quarter.,warranty_repair,confusable:2,original,9
9_pidgin,Abeg Defective oven element failed again after warranty repair last quarter.,warranty_repair,aug:pidgin:confusable:2,pidgin,9
9_yoruba,Mo ní pé Defective oven element failed again after warranty repair last quarter. Mo ti rẹ.,warranty_repair,aug:yoruba:confusable:2,yoruba,9
9_igbo,Biko kwe ka m kwuo na Defective oven element failed again after warranty repair last quarter. Obi adịghị m mma.,warranty_repair,aug:igbo:confusable:2,igbo,9
9_hausa,Defective oven element failed again after warranty repair last quarter. Don Allah ku taimake ni.,warranty_repair,aug:hausa:confusable:2,hausa,9
42,Flagging an issue: Express shipping paid but item arrived after the event date. Please advise.,delivery_shipping,template:delivery_shipping:4,original,42
42_pidgin,"Na unfair o, Flagging an issue: Express shipping paid but item arrived after the event date. abeg advise.",delivery_shipping,aug:pidgin:template:delivery_shipping:4,pidgin,42
42_yoruba,Mo ní pé Flagging an issue: Express shipping paid but item arrived after the event date. jọ̀wọ́ advise. Ẹ ṣe iranlọwọ fún mi.,delivery_shipping,aug:yoruba:template:delivery_shipping:4,yoruba,42
42_igbo,Biko kwe ka m kwuo na Flagging an issue: Express shipping paid but item arrived after the event date. biko advise.,delivery_shipping,aug:igbo:template:delivery_shipping:4,igbo,42
42_hausa,"Ina roko, Flagging an issue: Express shipping paid but item arrived after the event date. Please advise. Na gaji da wannan.",delivery_shipping,aug:hausa:template:delivery_shipping:4,hausa,42
262,Why am I still seeing membership charges after I clicked cancel last week?,subscription_cancel,confusable:8,original,262
262_pidgin,"I cancel am but dem still dey charge me, Why am I still seeing membership charges after I clicked cancel last...",subscription_cancel,aug:pidgin:confusable:8,pidgin,262
262_yoruba,"E jọ, Why am I still seeing membership charges after I clicked cancel last week? Ẹ ṣe iranlọwọ fún mi.",subscription_cancel,aug:yoruba:confusable:8,yoruba,262
262_igbo,Kedu ihe mere na Why am I still seeing membership charges after I clicked cancel last week?,subscription_cancel,aug:igbo:confusable:8,igbo,262
129,Bluetooth headphones stop pairing after the latest firmware update.,product_defect,template:product_defect:1,original,129
129_pidgin,"Wetin dey sup na, Bluetooth headphones stop pairing after the latest firmware update. I don tire for this matter.",product_defect,aug:pidgin:template:product_defect:1,pidgin,129
129_igbo,"Biko, Bluetooth headphones stop pairing after the latest firmware update. Biko nyere m aka.",product_defect,aug:igbo:template:product_defect:1,igbo,129
129_hausa,"Ina roko, Bluetooth headphones stop pairing after the latest firmware update. Don Allah ku taimake ni.",product_defect,aug:hausa:template:product_defect:1,hausa,129
259,Writing to complain: I see an unknown recurring charge labeled premium support on my statement. Please advise.,billing,template:billing:5,original,259
259_pidgin,Dem dey charge me Writing to complain: I see an unknown recurring charge labeled premium support... wey I no authorize.,billing,aug:pidgin:template:billing:5,pidgin,259
259_yoruba,Writing to complain: I see an unknown recurring charge labeled premium support on my statement. jọ̀wọ́ advise. Ẹ ṣe iranlọwọ fún mi.,billing,aug:yoruba:template:billing:5,yoruba,259
259_igbo,Biko kwe ka m kwuo na Writing to complain: I see an unknown recurring charge labeled premium support on my statement. biko advise. Obi adịghị m mma.,billing,aug:igbo:template:billing:5,igbo,259
259_hausa,"Ina roko, Writing to complain: I see an unknown recurring charge labeled premium support on my statement. don Allah advise.",billing,aug:hausa:template:billing:5,hausa,259
146,Writing to complain: Cannot log in after password reset email says link expired immediately. Please advise.,account_access,template:account_access:0,original,146
146_pidgin,Writing to dey complain: Cannot log in after password reset email says link expired immediately. Please advise.,account_access,aug:pidgin:template:account_access:0,pidgin,146
146_yoruba,"E jọ, Writing to complain: Cannot log in after password reset email says link expired immediately. jọ̀wọ́ advise.",account_access,aug:yoruba:template:account_access:0,yoruba,146
146_igbo,Writing to complain: Cannot log in after password reset email says link expired immediately. biko advise.,account_access,aug:igbo:template:account_access:0,igbo,146
146_hausa,"Wannan ba daidai ba ne, Writing to complain: Cannot log in after password reset email says link expired immediately. don Allah advise. Na gaji da wannan.",account_access,aug:hausa:template:account_access:0,hausa,146
242,Writing to complain: Statement shows disputed charge I cannot mark or annotate online. Please advise.,billing,overlap:7,original,242
242_pidgin,"Na unfair o, Writing to dey complain: Statement shows disputed charge I cannot mark or annotate online. abeg advise. I don tire for this matter.",billing,aug:pidgin:overlap:7,pidgin,242
242_yoruba,"E jọ, Writing to complain: Statement shows disputed charge I cannot mark or annotate online. jọ̀wọ́ advise.",billing,aug:yoruba:overlap:7,yoruba,242
242_igbo,Biko kwe ka m kwuo na Writing to complain: Statement shows disputed charge I cannot mark or annotate online. Please advise.,billing,aug:igbo:overlap:7,igbo,242
242_hausa,"Ina roko, Writing to complain: Statement shows disputed charge I cannot mark or annotate online. Please advise. Na gaji da wannan.",billing,aug:hausa:overlap:7,hausa,242
29,Writing to complain: Phishing email used your logo then my account had mystery withdrawals. Please advise.,fraud_unauthorized,template:fraud_unauthorized:5,original,29
29_pidgin,"Na unfair o, Writing to dey complain: Phishing email used your logo then my account had mystery withdrawals. Please advise.",fraud_unauthorized,aug:pidgin:template:fraud_unauthorized:5,pidgin,29
29_yoruba,Mo ní pé Writing to complain: Phishing email used your logo then my account had mystery withdrawals. jọ̀wọ́ advise.,fraud_unauthorized,aug:yoruba:template:fraud_unauthorized:5,yoruba,29
29_igbo,"Biko, Writing to complain: Phishing email used your logo then my akaụntụ had mystery withdrawals. Please advise.",fraud_unauthorized,aug:igbo:template:fraud_unauthorized:5,igbo,29
29_hausa,"Wannan ba daidai ba ne, Writing to complain: Phishing email used your logo then my asusu had mystery withdrawals. don Allah advise.",fraud_unauthorized,aug:hausa:template:fraud_unauthorized:5,hausa,29
174,Support email promised response in twenty-four hours but no follow-up after a week.,customer_service,template:customer_service:1,original,174
174_pidgin,I dey vex say support email promised response in twenty-four hours but no follow-up after a week.,customer_service,aug:pidgin:template:customer_service:1,pidgin,174
174_yoruba,"E jọ, Support email promised response in twenty-four hours but no follow-up after a week. Ẹ ṣe iranlọwọ fún mi.",customer_service,aug:yoruba:template:customer_service:1,yoruba,174
174_igbo,Biko kwe ka m kwuo na Support email promised response in twenty-four hours but no follow-up after a week.,customer_service,aug:igbo:template:customer_service:1,igbo,174
186,Flagging an issue: What are store hours for the downtown location on public holidays? Please advise.,general_inquiry,template:general_inquiry:0,original,186
186_pidgin,I wan ask about Flagging an issue: What are store hours for the downtown location on...,general_inquiry,aug:pidgin:template:general_inquiry:0,pidgin,186
186_yoruba,"Ẹ jọ̀wọ́, Flagging an issue: What are store hours for the downtown location on public holidays? Please advise. Mo ti rẹ.",general_inquiry,aug:yoruba:template:general_inquiry:0,yoruba,186
186_igbo,Biko kwe ka m kwuo na Flagging an issue: What are store hours for the downtown location on public holidays? Please advise.,general_inquiry,aug:igbo:template:general_inquiry:0,igbo,186
186_hausa,"Don Allah, Flagging an issue: What are store hours for the downtown location on public holidays? don Allah advise. Na gaji da wannan.",general_inquiry,aug:hausa:template:general_inquiry:0,hausa,186
360,Writing to complain: Children's toy paint chipped off and looks unsafe after gentle play. Please advise.,product_defect,template:product_defect:3,original,360
360_pidgin,Omo Writing to complain: Children's toy paint chipped off and looks unsafe after gentle play. abeg advise.,product_defect,aug:pidgin:template:product_defect:3,pidgin,360
360_yoruba,"E jọ, Writing to complain: Children's toy paint chipped off and looks unsafe after gentle play. jọ̀wọ́ advise. Mo ti rẹ.",product_defect,aug:yoruba:template:product_defect:3,yoruba,360
360_igbo,Writing to complain: Children's toy paint chipped off and looks unsafe after gentle play. biko advise. Obi adịghị m mma.,product_defect,aug:igbo:template:product_defect:3,igbo,360
360_hausa,"Don Allah, Writing to complain: Children's toy paint chipped off and looks unsafe after gentle play. Please advise. Don Allah ku taimake ni.",product_defect,aug:hausa:template:product_defect:3,hausa,360
134,Hi support — App forces logout every morning and deletes saved preferences.,account_access,template:account_access:4,original,134
134_pidgin,how far support — App forces logout every morning and deletes saved preferences.,account_access,aug:pidgin:template:account_access:4,pidgin,134
134_igbo,Kedu ihe mere na Hi support — App forces logout every morning and deletes saved preferences. Biko nyere m aka.,account_access,aug:igbo:template:account_access:4,igbo,134
134_hausa,"Ina roko, Hi support — App forces logout every morning and deletes saved preferences.",account_access,aug:hausa:template:account_access:4,hausa,134
113,"Hello, Return label provided yet pickup was missed twice without rescheduling.",refund_return,template:refund_return:1,original,113
113_pidgin,"Make una hear me o, how far, Return label provided yet pickup was missed twice without rescheduling.",refund_return,aug:pidgin:template:refund_return:1,pidgin,113
113_yoruba,"Ẹ jọ̀wọ́, bawo ni, Return label provided yet pickup was missed twice without rescheduling. Mo ti rẹ.",refund_return,aug:yoruba:template:refund_return:1,yoruba,113
113_igbo,"kedu, Return label provided yet pickup was missed twice without rescheduling.",refund_return,aug:igbo:template:refund_return:1,igbo,113
113_hausa,"Wannan ba daidai ba ne, sannu, Return label provided yet pickup was missed twice without rescheduling. Na gaji da wannan.",refund_return,aug:hausa:template:refund_return:1,hausa,113
265,"Hello, Defective oven element failed again after warranty repair last quarter.",warranty_repair,confusable:2,original,265
265_pidgin,"Repair never happen, Hello, Defective oven element failed again after warranty repair last quarter",warranty_repair,aug:pidgin:confusable:2,pidgin,265
265_yoruba,"Mo ní pé Hello, Defective oven element failed again after warranty repair last quarter. Ẹ ṣe iranlọwọ fún mi.",warranty_repair,aug:yoruba:confusable:2,yoruba,265
265_igbo,"kedu, Defective oven element failed again after warranty repair last quarter.",warranty_repair,aug:igbo:confusable:2,igbo,265
265_hausa,"Ina roko, sannu, Defective oven element failed again after warranty repair last quarter.",warranty_repair,aug:hausa:confusable:2,hausa,265
101,Hi support — Do you offer student pricing on annual software licenses?,general_inquiry,template:general_inquiry:1,original,101
101_pidgin,I wan ask about Hi support — Do you offer student pricing on annual software licenses?,general_inquiry,aug:pidgin:template:general_inquiry:1,pidgin,101
101_yoruba,Mo ní pé Hi support — Do you offer student pricing on annual software licenses?,general_inquiry,aug:yoruba:template:general_inquiry:1,yoruba,101
101_igbo,"Biko, Hi support — Do you offer student pricing on annual software licenses? Obi adịghị m mma.",general_inquiry,aug:igbo:template:general_inquiry:1,igbo,101
103,Writing to complain: Merged family plan removed my profile and purchase history. Please advise.,account_access,template:account_access:3,original,103
103_pidgin,Abeg Writing to dey complain: Merged family plan removed my profile and purchase history. Please advise.,account_access,aug:pidgin:template:account_access:3,pidgin,103
103_yoruba,Writing to complain: Merged family plan removed my profile and purchase history. jọ̀wọ́ advise.,account_access,aug:yoruba:template:account_access:3,yoruba,103
103_igbo,Biko kwe ka m kwuo na Writing to complain: Merged family plan removed my profile and purchase history. Please advise.,account_access,aug:igbo:template:account_access:3,igbo,103
103_hausa,"Ina roko, Writing to complain: Merged family plan removed my profile and purchase history. Please advise.",account_access,aug:hausa:template:account_access:3,hausa,103
348,Flagging an issue: Outer box intact yet internal foam was wet when parcel arrived. Please advise.,delivery_shipping,confusable:16,original,348
348_pidgin,"My package never arrive, Flagging an issue: Outer box intact yet internal foam was wet when...",delivery_shipping,aug:pidgin:confusable:16,pidgin,348
348_yoruba,Mo ní pé Flagging an issue: Outer box intact yet internal foam was wet when parcel arrived. jọ̀wọ́ advise. Mo ti rẹ.,delivery_shipping,aug:yoruba:confusable:16,yoruba,348
348_igbo,Biko kwe ka m kwuo na Flagging an issue: Outer box intact yet internal foam was wet when parcel arrived. biko advise. Biko nyere m aka.,delivery_shipping,aug:igbo:confusable:16,igbo,348
348_hausa,Flagging an issue: Outer box intact yet internal foam was wet when parcel arrived. don Allah advise. Don Allah ku taimake ni.,delivery_shipping,aug:hausa:confusable:16,hausa,348
119,Flagging an issue: Do you offer student pricing on annual software licenses? Please advise.,general_inquiry,template:general_inquiry:1,original,119
119_pidgin,"Na unfair o, Flagging an wahala: Do you offer student pricing on annual software licenses? abeg advise.",general_inquiry,aug:pidgin:template:general_inquiry:1,pidgin,119
119_yoruba,Mo ní pé Flagging an issue: Do you offer student pricing on annual software licenses? Please advise. Mo ti rẹ.,general_inquiry,aug:yoruba:template:general_inquiry:1,yoruba,119
119_igbo,"Biko, Flagging an issue: Do you offer student pricing on annual software licenses? biko advise. Obi adịghị m mma.",general_inquiry,aug:igbo:template:general_inquiry:1,igbo,119
119_hausa,"Ina roko, Flagging an issue: Do you offer student pricing on annual software licenses? don Allah advise.",general_inquiry,aug:hausa:template:general_inquiry:1,hausa,119
171,Hi support — Password reset keeps failing and I see logins from cities I never visited.,fraud_unauthorized,confusable:9,original,171
171_pidgin,"Wetin dey sup na, how far support — Password reset keeps failing and I see logins from cities I never visited. Abeg make una help me.",fraud_unauthorized,aug:pidgin:confusable:9,pidgin,171
171_yoruba,Mo ní pé Hi support — Password reset keeps failing and I see logins from cities I never visited. Mo ti rẹ.,fraud_unauthorized,aug:yoruba:confusable:9,yoruba,171
171_igbo,Kedu ihe mere na Hi support — Password reset keeps failing and I see logins from cities I never visited.,fraud_unauthorized,aug:igbo:confusable:9,igbo,171
171_hausa,Hi support — Password reset keeps failing and I see logins from cities I never visited. Na gaji da wannan.,fraud_unauthorized,aug:hausa:confusable:9,hausa,171
340,Writing to complain: A late fee appeared on my account even though I paid before the due date. Please advise.,billing,template:billing:2,original,340
340_pidgin,Writing to dey complain: A late fee appeared on my account even though I paid before the due date. abeg advise. This one no good at all.,billing,aug:pidgin:template:billing:2,pidgin,340
340_yoruba,Writing to complain: A late fee appeared on my àkọọlì even though I paid before the due date. jọ̀wọ́ advise. Mo ti rẹ.,billing,aug:yoruba:template:billing:2,yoruba,340
340_igbo,Writing to complain: A late fee appeared on my akaụntụ even though I paid before the due date. Please advise.,billing,aug:igbo:template:billing:2,igbo,340
340_hausa,"Ina roko, Writing to complain: A late fee appeared on my asusu even though I paid before the due date. don Allah advise. Na gaji da wannan.",billing,aug:hausa:template:billing:2,hausa,340
367,"Hello, Support blamed me for a known outage listed on their status page.",customer_service,template:customer_service:6,original,367
367_pidgin,"Make una hear me o, Hello, support blamed me for a known outage listed on their status page. This one no good at all.",customer_service,aug:pidgin:template:customer_service:6,pidgin,367
367_igbo,"Biko kwe ka m kwuo na kedu, Support blamed me for a known outage listed on their status page. Obi adịghị m mma.",customer_service,aug:igbo:template:customer_service:6,igbo,367
90,Hi support — Someone changed shipping address and placed orders I did not approve.,fraud_unauthorized,template:fraud_unauthorized:1,original,90
90_pidgin,"Somebody use my account without permission, Hi support — Someone changed shipping address and placed orders I did...",fraud_unauthorized,aug:pidgin:template:fraud_unauthorized:1,pidgin,90
90_yoruba,"E jọ, Hi support — Someone changed shipping address and placed orders I did not approve.",fraud_unauthorized,aug:yoruba:template:fraud_unauthorized:1,yoruba,90
90_igbo,"Biko, Hi support — Someone changed shipping address and placed orders I did not approve.",fraud_unauthorized,aug:igbo:template:fraud_unauthorized:1,igbo,90
90_hausa,"Ina roko, Hi support — Someone changed shipping address and placed orders I did not approve.",fraud_unauthorized,aug:hausa:template:fraud_unauthorized:1,hausa,90
350,Flagging an issue: Repair appointment canceled by vendor twice without offering new date. Please advise.,warranty_repair,template:warranty_repair:7,original,350
350_pidgin,"Na unfair o, Flagging an wahala: Repair appointment canceled by vendor twice without offering new date. abeg advise.",warranty_repair,aug:pidgin:template:warranty_repair:7,pidgin,350
350_yoruba,"E jọ, Flagging an issue: Repair appointment canceled by vendor twice without offering new date. jọ̀wọ́ advise.",warranty_repair,aug:yoruba:template:warranty_repair:7,yoruba,350
350_igbo,Biko kwe ka m kwuo na Flagging an issue: Repair appointment canceled by vendor twice without offering new date. biko advise.,warranty_repair,aug:igbo:template:warranty_repair:7,igbo,350
350_hausa,Flagging an issue: Repair appointment canceled by vendor twice without offering new date. don Allah advise.,warranty_repair,aug:hausa:template:warranty_repair:7,hausa,350
121,Flagging an issue: Monthly service fee increased without email notice as promised in contract. Please advise.,billing,template:billing:4,original,121
121_pidgin,Dem dey charge me Flagging an issue: Monthly service fee increased without email notice as promised... wey I no authorize.,billing,aug:pidgin:template:billing:4,pidgin,121
121_yoruba,Mo ní pé Flagging an issue: Monthly service fee increased without email notice as promised in contract. jọ̀wọ́ advise.,billing,aug:yoruba:template:billing:4,yoruba,121
121_igbo,Biko kwe ka m kwuo na Flagging an issue: Monthly service fee increased without email notice as promised in contract. biko advise.,billing,aug:igbo:template:billing:4,igbo,121
121_hausa,Flagging an issue: Monthly service fee increased without email notice as promised in contract. don Allah advise. Na gaji da wannan.,billing,aug:hausa:template:billing:4,hausa,121
248,What are store hours for the downtown location on public holidays?,general_inquiry,template:general_inquiry:0,original,248
248_pidgin,"Make una hear me o, What are store hours for the downtown location on public holidays?",general_inquiry,aug:pidgin:template:general_inquiry:0,pidgin,248
248_yoruba,"E jọ, What are store hours for the downtown location on public holidays? Mo ti rẹ.",general_inquiry,aug:yoruba:template:general_inquiry:0,yoruba,248
248_igbo,Kedu ihe mere na What are store hours for the downtown location on public holidays?,general_inquiry,aug:igbo:template:general_inquiry:0,igbo,248
248_hausa,What are store hours for the downtown location on public holidays? Don Allah ku taimake ni.,general_inquiry,aug:hausa:template:general_inquiry:0,hausa,248
344,"Hello, Support email promised response in twenty-four hours but no follow-up after a week.",customer_service,template:customer_service:1,original,344
344_pidgin,"I dey vex say how far, Support email promised response in twenty-four hours but no follow-up after a week.",customer_service,aug:pidgin:template:customer_service:1,pidgin,344
344_yoruba,"bawo ni, Support email promised response in twenty-four hours but no follow-up after a week. Mo ti rẹ.",customer_service,aug:yoruba:template:customer_service:1,yoruba,344
344_igbo,"Biko, kedu, Support email promised response in twenty-four hours but no follow-up after a week. Biko nyere m aka.",customer_service,aug:igbo:template:customer_service:1,igbo,344
344_hausa,"Ina roko, sannu, Support email promised response in twenty-four hours but no follow-up after a week.",customer_service,aug:hausa:template:customer_service:1,hausa,344
234,Agent said return was approved but warehouse team never sent label.,refund_return,confusable:5,original,234
234_pidgin,"Abeg return my money, Agent said return was approved but warehouse team never sent label",refund_return,aug:pidgin:confusable:5,pidgin,234
234_yoruba,Mo ní pé Agent said return was approved but warehouse team never sent label. Mo ti rẹ.,refund_return,aug:yoruba:confusable:5,yoruba,234
234_igbo,Biko kwe ka m kwuo na Agent said return was approved but warehouse team never sent label. Biko nyere m aka.,refund_return,aug:igbo:confusable:5,igbo,234
234_hausa,"Ina roko, Agent said return was approved but warehouse team never sent label. Na gaji da wannan.",refund_return,aug:hausa:confusable:5,hausa,234
23,"Hello, Is the blue kettle dishwasher safe according to latest manual?",general_inquiry,template:general_inquiry:2,original,23
23_yoruba,"Ó ṣeé ṣe kí Hello, Is the blue kettle dishwasher safe according to latest manual?",general_inquiry,aug:yoruba:template:general_inquiry:2,yoruba,23
23_igbo,"Kedu ihe mere na kedu, Is the blue kettle dishwasher safe according to latest manual?",general_inquiry,aug:igbo:template:general_inquiry:2,igbo,23
23_hausa,"sannu, Is the blue kettle dishwasher safe according to latest manual?",general_inquiry,aug:hausa:template:general_inquiry:2,hausa,23
290,Writing to complain: Which carrier partners deliver to rural PO boxes in winter? Please advise.,general_inquiry,template:general_inquiry:3,original,290
290_pidgin,I dey vex say Writing to dey complain: Which carrier partners deliver to rural PO boxes in winter? abeg advise.,general_inquiry,aug:pidgin:template:general_inquiry:3,pidgin,290
290_yoruba,"E jọ, Writing to complain: Which carrier partners deliver to rural PO boxes in winter? jọ̀wọ́ advise.",general_inquiry,aug:yoruba:template:general_inquiry:3,yoruba,290
290_igbo,Writing to complain: Which carrier partners deliver to rural PO boxes in winter? biko advise.,general_inquiry,aug:igbo:template:general_inquiry:3,igbo,290
290_hausa,"Ina roko, Writing to complain: Which carrier partners deliver to rural PO boxes in winter? Please advise. Na gaji da wannan.",general_inquiry,aug:hausa:template:general_inquiry:3,hausa,290
14,Children's toy paint chipped off and looks unsafe after gentle play.,product_defect,template:product_defect:3,original,14
14_pidgin,Abeg Children's toy paint chipped off and looks unsafe after gentle play. I don tire for this matter.,product_defect,aug:pidgin:template:product_defect:3,pidgin,14
14_yoruba,Ó ṣeé ṣe kí Children's toy paint chipped off and looks unsafe after gentle play. Ẹ ṣe iranlọwọ fún mi.,product_defect,aug:yoruba:template:product_defect:3,yoruba,14
14_igbo,Children's toy paint chipped off and looks unsafe after gentle play. Obi adịghị m mma.,product_defect,aug:igbo:template:product_defect:3,igbo,14
14_hausa,"Ina roko, Children's toy paint chipped off and looks unsafe after gentle play.",product_defect,aug:hausa:template:product_defect:3,hausa,14
371,Refund issued for partial amount excluding original shipping I paid.,refund_return,template:refund_return:2,original,371
371_pidgin,"Make una hear me o, return my money issued for partial amount excluding original shipping I paid.",refund_return,aug:pidgin:template:refund_return:2,pidgin,371
371_yoruba,Ó ṣeé ṣe kí Refund issued for partial amount excluding original shipping I paid.,refund_return,aug:yoruba:template:refund_return:2,yoruba,371
371_igbo,"Nna, Refund issued for partial amount excluding original shipping I paid. Biko nyere m aka.",refund_return,aug:igbo:template:refund_return:2,igbo,371
371_hausa,Refund issued for partial amount excluding original shipping I paid. Na gaji da wannan.,refund_return,aug:hausa:template:refund_return:2,hausa,371
330,Flagging an issue: Locked out after suspicious login attempts I did not recognize. Please advise.,account_access,confusable:3,original,330
330_pidgin,"Make una hear me o, Flagging an wahala: Locked out after suspicious login attempts I did not recognize. Please advise.",account_access,aug:pidgin:confusable:3,pidgin,330
330_yoruba,"Ẹ jọ̀wọ́, Flagging an issue: Locked out after suspicious login attempts I did not recognize. Please advise.",account_access,aug:yoruba:confusable:3,yoruba,330
330_igbo,Biko kwe ka m kwuo na Flagging an issue: Locked out after suspicious login attempts I did not recognize. biko advise. Obi adịghị m mma.,account_access,aug:igbo:confusable:3,igbo,330
330_hausa,Flagging an issue: Locked out after suspicious login attempts I did not recognize. don Allah advise.,account_access,aug:hausa:confusable:3,hausa,330
157,Flagging an issue: I paid express shipping but the tracking page still shows label created only. Please advise.,delivery_shipping,confusable:0,original,157
157_pidgin,"My package never arrive, Flagging an issue: I paid express shipping but the tracking page still...",delivery_shipping,aug:pidgin:confusable:0,pidgin,157
157_yoruba,"Ẹ jọ̀wọ́, Flagging an issue: I paid express shipping but the tracking page still shows label created only. jọ̀wọ́ advise.",delivery_shipping,aug:yoruba:confusable:0,yoruba,157
157_hausa,Flagging an issue: I paid express shipping but the tracking page still shows label created only. don Allah advise. Don Allah ku taimake ni.,delivery_shipping,aug:hausa:confusable:0,hausa,157
283,Hi support — Bluetooth headphones stop pairing after the latest firmware update.,product_defect,template:product_defect:1,original,283
283_pidgin,how far support — Bluetooth headphones stop pairing after the latest firmware update. This one no good at all.,product_defect,aug:pidgin:template:product_defect:1,pidgin,283
283_yoruba,Ó ṣeé ṣe kí Hi support — Bluetooth headphones stop pairing after the latest firmware update. Mo ti rẹ.,product_defect,aug:yoruba:template:product_defect:1,yoruba,283
283_igbo,"Biko, Hi support — Bluetooth headphones stop pairing after the latest firmware update.",product_defect,aug:igbo:template:product_defect:1,igbo,283
266,"Hello, Family subscription cancellation removed kids profiles without warning.",subscription_cancel,template:subscription_cancel:6,original,266
266_pidgin,"Wetin dey sup na, how far, Family subscription cancellation removed kids profiles without warning.",subscription_cancel,aug:pidgin:template:subscription_cancel:6,pidgin,266
266_igbo,"kedu, Family subscription cancellation removed kids profiles without warning.",subscription_cancel,aug:igbo:template:subscription_cancel:6,igbo,266
266_hausa,"Ina roko, Hello, Family subscription cancellation removed kids profiles without warning.",subscription_cancel,aug:hausa:template:subscription_cancel:6,hausa,266
315,Writing to complain: Washing machine same fault returned twice after so-called repair. Please advise.,warranty_repair,template:warranty_repair:4,original,315
315_pidgin,Writing to dey complain: Washing machine same fault returned twice after so-called repair. Please advise. Abeg make una help me.,warranty_repair,aug:pidgin:template:warranty_repair:4,pidgin,315
315_yoruba,Writing to complain: Washing machine same fault returned twice after so-called repair. jọ̀wọ́ advise. Ẹ ṣe iranlọwọ fún mi.,warranty_repair,aug:yoruba:template:warranty_repair:4,yoruba,315
315_igbo,Writing to complain: Washing machine same fault returned twice after so-called repair. biko advise.,warranty_repair,aug:igbo:template:warranty_repair:4,igbo,315
315_hausa,"Don Allah, Writing to complain: Washing machine same fault returned twice after so-called repair. don Allah advise. Don Allah ku taimake ni.",warranty_repair,aug:hausa:template:warranty_repair:4,hausa,315
239,"Hello, Are demo units on display available for purchase at discount?",general_inquiry,template:general_inquiry:5,original,239
239_pidgin,"how far, Are demo units on display available for purchase at discount?",general_inquiry,aug:pidgin:template:general_inquiry:5,pidgin,239
239_yoruba,"Mo ní pé bawo ni, Are demo units on display available for purchase at discount? Mo ti rẹ.",general_inquiry,aug:yoruba:template:general_inquiry:5,yoruba,239
239_igbo,"Biko kwe ka m kwuo na kedu, Are demo units on display available for purchase at discount? Obi adịghị m mma.",general_inquiry,aug:igbo:template:general_inquiry:5,igbo,239
239_hausa,"Hello, Are demo units on display available for purchase at discount? Na gaji da wannan.",general_inquiry,aug:hausa:template:general_inquiry:5,hausa,239
40,Flagging an issue: Statement shows disputed charge I cannot mark or annotate online. Please advise.,billing,overlap:7,original,40
40_pidgin,Flagging an wahala: Statement shows disputed charge I cannot mark or annotate online. abeg advise.,billing,aug:pidgin:overlap:7,pidgin,40
40_yoruba,Flagging an issue: Statement shows disputed charge I cannot mark or annotate online. Please advise. Mo ti rẹ.,billing,aug:yoruba:overlap:7,yoruba,40
40_igbo,"Biko, Flagging an issue: Statement shows disputed charge I cannot mark or annotate online. Please advise. Biko nyere m aka.",billing,aug:igbo:overlap:7,igbo,40
40_hausa,"Don Allah, Flagging an issue: Statement shows disputed charge I cannot mark or annotate online. don Allah advise.",billing,aug:hausa:overlap:7,hausa,40
165,Writing to complain: Support blamed me for a known outage listed on their status page. Please advise.,customer_service,template:customer_service:6,original,165
165_pidgin,I dey vex say Writing to dey complain: Support blamed me for a known outage listed on their status page. abeg advise.,customer_service,aug:pidgin:template:customer_service:6,pidgin,165
165_yoruba,"E jọ, Writing to complain: Support blamed me for a known outage listed on their status page. jọ̀wọ́ advise. Ẹ ṣe iranlọwọ fún mi.",customer_service,aug:yoruba:template:customer_service:6,yoruba,165
165_igbo,"Biko, Writing to complain: Support blamed me for a known outage listed on their status page. biko advise.",customer_service,aug:igbo:template:customer_service:6,igbo,165
165_hausa,Writing to complain: Support blamed me for a known outage listed on their status page. don Allah advise. Na gaji da wannan.,customer_service,aug:hausa:template:customer_service:6,hausa,165
196,Flagging an issue: Where can I download compliance certificates for school procurement? Please advise.,general_inquiry,template:general_inquiry:7,original,196
196_pidgin,I dey vex say Flagging an wahala: Where can I download compliance certificates for school procurement? abeg advise.,general_inquiry,aug:pidgin:template:general_inquiry:7,pidgin,196
196_yoruba,"Ẹ jọ̀wọ́, Flagging an issue: Where can I download compliance certificates for school procurement? Please advise. Mo ti rẹ.",general_inquiry,aug:yoruba:template:general_inquiry:7,yoruba,196
196_igbo,Flagging an issue: Where can I download compliance certificates for school procurement? Please advise. Biko nyere m aka.,general_inquiry,aug:igbo:template:general_inquiry:7,igbo,196
196_hausa,Flagging an issue: Where can I download compliance certificates for school procurement? don Allah advise. Don Allah ku taimake ni.,general_inquiry,aug:hausa:template:general_inquiry:7,hausa,196
189,"Hello, Payment posted but balance still shows overdue in the portal.",billing,template:billing:7,original,189
189_pidgin,"Abeg how far, Payment posted but balance still shows overdue in the portal. This one no good at all.",billing,aug:pidgin:template:billing:7,pidgin,189
189_yoruba,"bawo ni, Payment posted but balance still shows overdue in the portal. Mo ti rẹ.",billing,aug:yoruba:template:billing:7,yoruba,189
189_igbo,"Kedu ihe mere na kedu, Payment posted but balance still shows overdue in the portal.",billing,aug:igbo:template:billing:7,igbo,189
189_hausa,"Ina roko, sannu, Payment posted but balance still shows overdue in the portal. Don Allah ku taimake ni.",billing,aug:hausa:template:billing:7,hausa,189
194,Flagging an issue: Family subscription cancellation removed kids profiles without warning. Please advise.,subscription_cancel,template:subscription_cancel:6,original,194
194_pidgin,"Wetin dey sup na, Flagging an wahala: Family subscription cancellation removed kids profiles without warning. abeg advise. Make e work well abeg.",subscription_cancel,aug:pidgin:template:subscription_cancel:6,pidgin,194
194_yoruba,Mo ní pé Flagging an issue: Family subscription cancellation removed kids profiles without warning. Please advise.,subscription_cancel,aug:yoruba:template:subscription_cancel:6,yoruba,194
194_igbo,Kedu ihe mere na Flagging an issue: Family subscription cancellation removed kids profiles without warning. biko advise. Obi adịghị m mma.,subscription_cancel,aug:igbo:template:subscription_cancel:6,igbo,194
194_hausa,"Don Allah, Flagging an issue: Family subscription cancellation removed kids profiles without warning. Please advise.",subscription_cancel,aug:hausa:template:subscription_cancel:6,hausa,194
139,Flagging an issue: I see an unknown recurring charge labeled premium support on my statement. Please advise.,billing,template:billing:5,original,139
139_pidgin,"Na unfair o, Flagging an issue: I see an unknown recurring charge labeled premium support on my statement. abeg advise.",billing,aug:pidgin:template:billing:5,pidgin,139
139_yoruba,Flagging an issue: I see an unknown recurring charge labeled premium support on my statement. jọ̀wọ́ advise.,billing,aug:yoruba:template:billing:5,yoruba,139
139_igbo,Flagging an issue: I see an unknown recurring charge labeled premium support on my statement. biko advise.,billing,aug:igbo:template:billing:5,igbo,139
139_hausa,"Don Allah, Flagging an issue: I see an unknown recurring charge labeled premium support on my statement. don Allah advise. Don Allah ku taimake ni.",billing,aug:hausa:template:billing:5,hausa,139
127,Phishing email used your logo then my account had mystery withdrawals.,fraud_unauthorized,template:fraud_unauthorized:5,original,127
127_yoruba,Phishing email used your logo then my àkọọlì had mystery withdrawals.,fraud_unauthorized,aug:yoruba:template:fraud_unauthorized:5,yoruba,127
127_igbo,Phishing email used your logo then my akaụntụ had mystery withdrawals. Biko nyere m aka.,fraud_unauthorized,aug:igbo:template:fraud_unauthorized:5,igbo,127
127_hausa,"Don Allah, Phishing email used your logo then my asusu had mystery withdrawals.",fraud_unauthorized,aug:hausa:template:fraud_unauthorized:5,hausa,127
153,Hi support — Single sign-on loop prevents access to member portal on mobile browser.,account_access,template:account_access:7,original,153
153_pidgin,Omo how far support — Single sign-on loop prevents access to member portal on mobile browser.,account_access,aug:pidgin:template:account_access:7,pidgin,153
153_yoruba,Mo ní pé Hi support — Single sign-on loop prevents access to member portal on mobile browser.,account_access,aug:yoruba:template:account_access:7,yoruba,153
153_igbo,Hi support — Single sign-on loop prevents access to member portal on mobile browser. Obi adịghị m mma.,account_access,aug:igbo:template:account_access:7,igbo,153
153_hausa,"Ina roko, Hi support — Single sign-on loop prevents access to member portal on mobile browser.",account_access,aug:hausa:template:account_access:7,hausa,153
341,Repair appointment canceled by vendor twice without offering new date.,warranty_repair,template:warranty_repair:7,original,341
341_pidgin,"Make una hear me o, Repair appointment canceled by vendor twice without offering new date.",warranty_repair,aug:pidgin:template:warranty_repair:7,pidgin,341
341_yoruba,"E jọ, Repair appointment canceled by vendor twice without offering new date.",warranty_repair,aug:yoruba:template:warranty_repair:7,yoruba,341
341_igbo,Repair appointment canceled by vendor twice without offering new date. Biko nyere m aka.,warranty_repair,aug:igbo:template:warranty_repair:7,igbo,341
341_hausa,"Ina roko, Repair appointment canceled by vendor twice without offering new date. Don Allah ku taimake ni.",warranty_repair,aug:hausa:template:warranty_repair:7,hausa,341
2,Writing to complain: Blender motor smells like burning plastic during low-speed blending. Please advise.,product_defect,template:product_defect:6,original,2
2_pidgin,"Make una hear me o, Writing to dey complain: Blender motor smells like burning plastic during low-speed blending. Please advise.",product_defect,aug:pidgin:template:product_defect:6,pidgin,2
2_yoruba,Ó ṣeé ṣe kí Writing to complain: Blender motor smells like burning plastic during low-speed blending. jọ̀wọ́ advise.,product_defect,aug:yoruba:template:product_defect:6,yoruba,2
2_igbo,Writing to complain: Blender motor smells like burning plastic during low-speed blending. biko advise.,product_defect,aug:igbo:template:product_defect:6,igbo,2
2_hausa,Writing to complain: Blender motor smells like burning plastic during low-speed blending. don Allah advise.,product_defect,aug:hausa:template:product_defect:6,hausa,2
46,"Hello, Repair appointment canceled by vendor twice without offering new date.",warranty_repair,template:warranty_repair:7,original,46
46_pidgin,"Make una hear me o, Hello, Repair appointment canceled by vendor twice without offering new date.",warranty_repair,aug:pidgin:template:warranty_repair:7,pidgin,46
46_yoruba,"Ẹ jọ̀wọ́, bawo ni, Repair appointment canceled by vendor twice without offering new date.",warranty_repair,aug:yoruba:template:warranty_repair:7,yoruba,46
46_igbo,"Hello, Repair appointment canceled by vendor twice without offering new date. Obi adịghị m mma.",warranty_repair,aug:igbo:template:warranty_repair:7,igbo,46
46_hausa,"Ina roko, Hello, Repair appointment canceled by vendor twice without offering new date. Don Allah ku taimake ni.",warranty_repair,aug:hausa:template:warranty_repair:7,hausa,46
324,Support blamed me for a known outage listed on their status page.,customer_service,template:customer_service:6,original,324
324_pidgin,"Customer service no dey respond, Support blamed me for a known outage listed on their status page",customer_service,aug:pidgin:template:customer_service:6,pidgin,324
324_yoruba,"Ẹ jọ̀wọ́, Support blamed me for a known outage listed on their status page.",customer_service,aug:yoruba:template:customer_service:6,yoruba,324
324_igbo,Support blamed me for a known outage listed on their status page. Obi adịghị m mma.,customer_service,aug:igbo:template:customer_service:6,igbo,324
24,Someone changed shipping address and placed orders I did not approve.,fraud_unauthorized,template:fraud_unauthorized:1,original,24
24_pidgin,I dey vex say Someone changed shipping address and placed orders I did not approve. I don tire for this matter.,fraud_unauthorized,aug:pidgin:template:fraud_unauthorized:1,pidgin,24
24_yoruba,Mo ní pé Someone changed shipping address and placed orders I did not approve.,fraud_unauthorized,aug:yoruba:template:fraud_unauthorized:1,yoruba,24
24_igbo,"Biko, Someone changed shipping address and placed orders I did not approve. Biko nyere m aka.",fraud_unauthorized,aug:igbo:template:fraud_unauthorized:1,igbo,24
24_hausa,"Wannan ba daidai ba ne, Someone changed shipping address and placed orders I did not approve. Na gaji da wannan.",fraud_unauthorized,aug:hausa:template:fraud_unauthorized:1,hausa,24
155,Writing to complain: I paid express shipping but the tracking page still shows label created only. Please advise.,delivery_shipping,confusable:0,original,155
155_pidgin,"My package never arrive, Writing to complain: I paid express shipping but the tracking page still...",delivery_shipping,aug:pidgin:confusable:0,pidgin,155
155_yoruba,"E jọ, Writing to complain: I paid express shipping but the tracking page still shows label created only. Please advise.",delivery_shipping,aug:yoruba:confusable:0,yoruba,155
155_igbo,Writing to complain: I paid express shipping but the tracking page still shows label created only. biko advise.,delivery_shipping,aug:igbo:confusable:0,igbo,155
155_hausa,"Don Allah, Writing to complain: I paid express shipping but the tracking page still shows label created only. don Allah advise. Don Allah ku taimake ni.",delivery_shipping,aug:hausa:confusable:0,hausa,155
78,Case update: Unknown party used saved card for renewal I'm reporting that I did not authorize. Please advise.,fraud_unauthorized,overlap:9,original,78
78_pidgin,"Somebody use my account without permission, Case update: Unknown party used saved card for renewal I'm reporting that...",fraud_unauthorized,aug:pidgin:overlap:9,pidgin,78
78_yoruba,"Ẹ jọ̀wọ́, Case update: Unknown party used saved card for renewal I'm reporting that I did not authorize. Please advise.",fraud_unauthorized,aug:yoruba:overlap:9,yoruba,78
78_igbo,"Biko, Case update: Unknown party used saved card for renewal I'm reporting that I did not authorize. biko advise.",fraud_unauthorized,aug:igbo:overlap:9,igbo,78
78_hausa,Case update: Unknown party used saved card for renewal I'm reporting that I did not authorize. Please advise. Na gaji da wannan.,fraud_unauthorized,aug:hausa:overlap:9,hausa,78
366,"Hello, Identity verification failed and impostor chat requested my government ID.",fraud_unauthorized,template:fraud_unauthorized:7,original,366
366_pidgin,"Make una hear me o, Hello, Identity verification failed and impostor chat requested my government ID.",fraud_unauthorized,aug:pidgin:template:fraud_unauthorized:7,pidgin,366
366_yoruba,"Mo ní pé bawo ni, Identity verification failed and impostor chat requested my government ID.",fraud_unauthorized,aug:yoruba:template:fraud_unauthorized:7,yoruba,366
366_igbo,"Nna, Hello, Identity verification failed and impostor chat requested my government ID.",fraud_unauthorized,aug:igbo:template:fraud_unauthorized:7,igbo,366
366_hausa,"Ina roko, Hello, Identity verification failed and impostor chat requested my government ID.",fraud_unauthorized,aug:hausa:template:fraud_unauthorized:7,hausa,366
320,"Hello, Waited forty minutes on chat before the agent disconnected without reply.",customer_service,template:customer_service:0,original,320
320_pidgin,"Make una hear me o, how far, Waited forty minutes on chat before the agent disconnected without reply.",customer_service,aug:pidgin:template:customer_service:0,pidgin,320
320_yoruba,"E jọ, bawo ni, Waited forty minutes on chat before the agent disconnected without reply. Mo ti rẹ.",customer_service,aug:yoruba:template:customer_service:0,yoruba,320
320_igbo,"Biko, kedu, Waited forty minutes on chat before the agent disconnected without reply. Biko nyere m aka.",customer_service,aug:igbo:template:customer_service:0,igbo,320
225,Refund never posted back to my card after return was approved last month.,billing,confusable:1,original,225
225_pidgin,Dem dey charge me Refund never posted back to my card after return was approved last... wey I no authorize.,billing,aug:pidgin:confusable:1,pidgin,225
225_igbo,Refund never posted back to my card after return was approved last month. Obi adịghị m mma.,billing,aug:igbo:confusable:1,igbo,225
225_hausa,"Wannan ba daidai ba ne, Refund never posted back to my card after return was approved last month. Don Allah ku taimake ni.",billing,aug:hausa:confusable:1,hausa,225
254,Courier left perishable groceries in the sun despite shade instructions.,delivery_shipping,template:delivery_shipping:1,original,254
254_pidgin,"My package never arrive, Courier left perishable groceries in the sun despite shade instructions",delivery_shipping,aug:pidgin:template:delivery_shipping:1,pidgin,254
254_yoruba,Ó ṣeé ṣe kí Courier left perishable groceries in the sun despite shade instructions. Mo ti rẹ.,delivery_shipping,aug:yoruba:template:delivery_shipping:1,yoruba,254
254_igbo,"Nna, Courier left perishable groceries in the sun despite shade instructions.",delivery_shipping,aug:igbo:template:delivery_shipping:1,igbo,254
254_hausa,"Don Allah, Courier left perishable groceries in the sun despite shade instructions.",delivery_shipping,aug:hausa:template:delivery_shipping:1,hausa,254
343,Hi support — Are demo units on display available for purchase at discount?,general_inquiry,template:general_inquiry:5,original,343
343_pidgin,Omo how far support — Are demo units on display available for purchase at discount? Make e work well abeg.,general_inquiry,aug:pidgin:template:general_inquiry:5,pidgin,343
343_yoruba,Mo ní pé Hi support — Are demo units on display available for purchase at discount?,general_inquiry,aug:yoruba:template:general_inquiry:5,yoruba,343
343_igbo,"Biko, Hi support — Are demo units on display available for purchase at discount?",general_inquiry,aug:igbo:template:general_inquiry:5,igbo,343
343_hausa,"Ina roko, Hi support — Are demo units on display available for purchase at discount?",general_inquiry,aug:hausa:template:general_inquiry:5,hausa,343
61,Flagging an issue: Package marked delivered but nothing arrived at my apartment door. Please advise.,delivery_shipping,template:delivery_shipping:0,original,61
61_pidgin,"Na unfair o, Flagging an wahala: Package marked delivered but nothing arrived at my apartment door. Please advise. I don tire for this matter.",delivery_shipping,aug:pidgin:template:delivery_shipping:0,pidgin,61
61_yoruba,Ó ṣeé ṣe kí Flagging an issue: Package marked delivered but nothing arrived at my apartment door. jọ̀wọ́ advise.,delivery_shipping,aug:yoruba:template:delivery_shipping:0,yoruba,61
61_igbo,Kedu ihe mere na Flagging an issue: Package marked delivered but nothing arrived at my apartment door. Please advise.,delivery_shipping,aug:igbo:template:delivery_shipping:0,igbo,61
61_hausa,"Ina roko, Flagging an issue: Package marked delivered but nothing arrived at my apartment door. don Allah advise. Na gaji da wannan.",delivery_shipping,aug:hausa:template:delivery_shipping:0,hausa,61
309,Hi support — Account locked after three attempts though credentials are correct.,account_access,template:account_access:2,original,309
309_pidgin,Omo how far support — Account locked after three attempts though credentials are correct. I don tire for this matter.,account_access,aug:pidgin:template:account_access:2,pidgin,309
309_yoruba,"E jọ, Hi support — Account locked after three attempts though credentials are correct.",account_access,aug:yoruba:template:account_access:2,yoruba,309
309_hausa,Hi support — asusu locked after three attempts though credentials are correct. Na gaji da wannan.,account_access,aug:hausa:template:account_access:2,hausa,309
11,Complaint form submitted twice with no acknowledgement number.,customer_service,template:customer_service:7,original,11
11_pidgin,I dey vex say complaint form submitted twice with no acknowledgement number. Make e work well abeg.,customer_service,aug:pidgin:template:customer_service:7,pidgin,11
11_yoruba,Mo ní pé ìkànìyàn form submitted twice with no acknowledgement number.,customer_service,aug:yoruba:template:customer_service:7,yoruba,11
11_igbo,Biko kwe ka m kwuo na Complaint form submitted twice with no acknowledgement number. Biko nyere m aka.,customer_service,aug:igbo:template:customer_service:7,igbo,11
11_hausa,"Wannan ba daidai ba ne, Complaint form submitted twice with no acknowledgement number. Na gaji da wannan.",customer_service,aug:hausa:template:customer_service:7,hausa,11
178,Flagging an issue: Blender motor smells like burning plastic during low-speed blending. Please advise.,product_defect,template:product_defect:6,original,178
178_pidgin,Flagging an wahala: Blender motor smells like burning plastic during low-speed blending. abeg advise.,product_defect,aug:pidgin:template:product_defect:6,pidgin,178
178_yoruba,Ó ṣeé ṣe kí Flagging an issue: Blender motor smells like burning plastic during low-speed blending. jọ̀wọ́ advise.,product_defect,aug:yoruba:template:product_defect:6,yoruba,178
178_igbo,Biko kwe ka m kwuo na Flagging an issue: Blender motor smells like burning plastic during low-speed blending. biko advise. Obi adịghị m mma.,product_defect,aug:igbo:template:product_defect:6,igbo,178
178_hausa,"Don Allah, Flagging an issue: Blender motor smells like burning plastic during low-speed blending. don Allah advise. Don Allah ku taimake ni.",product_defect,aug:hausa:template:product_defect:6,hausa,178
264,"Hello, App forces logout every morning and deletes saved preferences.",account_access,template:account_access:4,original,264
264_pidgin,"how far, App forces logout every morning and deletes saved preferences.",account_access,aug:pidgin:template:account_access:4,pidgin,264
264_yoruba,"Mo ní pé Hello, App forces logout every morning and deletes saved preferences.",account_access,aug:yoruba:template:account_access:4,yoruba,264
264_igbo,"Biko, kedu, App forces logout every morning and deletes saved preferences.",account_access,aug:igbo:template:account_access:4,igbo,264
264_hausa,"Don Allah, Hello, App forces logout every morning and deletes saved preferences. Na gaji da wannan.",account_access,aug:hausa:template:account_access:4,hausa,264
273,Flagging an issue: Gift card balance emptied overnight with transactions I do not recognize. Please advise.,fraud_unauthorized,template:fraud_unauthorized:2,original,273
273_pidgin,"Somebody use my account without permission, Flagging an issue: Gift card balance emptied overnight with transactions I do...",fraud_unauthorized,aug:pidgin:template:fraud_unauthorized:2,pidgin,273
273_yoruba,"Ẹ jọ̀wọ́, Flagging an issue: Gift card balance emptied overnight with transactions I do not recognize. jọ̀wọ́ advise. Ẹ ṣe iranlọwọ fún mi.",fraud_unauthorized,aug:yoruba:template:fraud_unauthorized:2,yoruba,273
273_igbo,Flagging an issue: Gift card balance emptied overnight with transactions I do not recognize. biko advise.,fraud_unauthorized,aug:igbo:template:fraud_unauthorized:2,igbo,273
273_hausa,"Wannan ba daidai ba ne, Flagging an issue: Gift card balance emptied overnight with transactions I do not recognize. don Allah advise. Don Allah ku taimake ni.",fraud_unauthorized,aug:hausa:template:fraud_unauthorized:2,hausa,273
161,Writing to complain: Live agent closed ticket while issue was still unresolved. Please advise.,customer_service,template:customer_service:5,original,161
161_pidgin,"Customer service no dey respond, Writing to complain: Live agent closed ticket while issue was still unresolved...",customer_service,aug:pidgin:template:customer_service:5,pidgin,161
161_yoruba,Mo ní pé Writing to complain: Live agent closed ticket while issue was still unresolved. jọ̀wọ́ advise.,customer_service,aug:yoruba:template:customer_service:5,yoruba,161
161_igbo,Biko kwe ka m kwuo na Writing to complain: Live agent closed ticket while issue was still unresolved. biko advise.,customer_service,aug:igbo:template:customer_service:5,igbo,161
161_hausa,"Ina roko, Writing to complain: Live agent closed ticket while issue was still unresolved. Please advise.",customer_service,aug:hausa:template:customer_service:5,hausa,161
241,Flagging an issue: Why am I still seeing membership charges after I clicked cancel last week? Please advise.,subscription_cancel,confusable:8,original,241
241_pidgin,"Na unfair o, Flagging an wahala: Why am I still seeing membership charges after I clicked cancel last week? abeg advise. Abeg make una help me.",subscription_cancel,aug:pidgin:confusable:8,pidgin,241
241_yoruba,Flagging an issue: Why am I still seeing membership charges after I clicked cancel last week? jọ̀wọ́ advise. Mo ti rẹ.,subscription_cancel,aug:yoruba:confusable:8,yoruba,241
241_igbo,"Biko, Flagging an issue: Why am I still seeing membership charges after I clicked cancel last week? Please advise. Obi adịghị m mma.",subscription_cancel,aug:igbo:confusable:8,igbo,241
241_hausa,Flagging an issue: Why am I still seeing membership charges after I clicked cancel last week? Please advise. Na gaji da wannan.,subscription_cancel,aug:hausa:confusable:8,hausa,241
211,"Hello, Item arrived late and the glass panel inside was already shattered.",product_defect,confusable:7,original,211
211_pidgin,"The thing don spoil, Hello, Item arrived late and the glass panel inside was already shattered",product_defect,aug:pidgin:confusable:7,pidgin,211
211_yoruba,"Mo ní pé Hello, Item arrived late and the glass panel inside was already shattered.",product_defect,aug:yoruba:confusable:7,yoruba,211
211_igbo,"Biko, kedu, Item arrived late and the glass panel inside was already shattered. Obi adịghị m mma.",product_defect,aug:igbo:confusable:7,igbo,211
211_hausa,"Wannan ba daidai ba ne, Hello, Item arrived late and the glass panel inside was already shattered.",product_defect,aug:hausa:confusable:7,hausa,211
256,Flagging an issue: Canceled plan yet another monthly invoice generated this morning. Please advise.,billing,confusable:4,original,256
256_pidgin,Dem dey charge me Flagging an issue: Canceled plan yet another monthly invoice generated this morning... wey I no authorize.,billing,aug:pidgin:confusable:4,pidgin,256
256_yoruba,Mo ní pé Flagging an issue: Canceled plan yet another monthly invoice generated this morning. jọ̀wọ́ advise. Ẹ ṣe iranlọwọ fún mi.,billing,aug:yoruba:confusable:4,yoruba,256
256_hausa,"Wannan ba daidai ba ne, Flagging an issue: Canceled plan yet another monthly invoice generated this morning. Please advise.",billing,aug:hausa:confusable:4,hausa,256
34,Hi support — What are store hours for the downtown location on public holidays?,general_inquiry,template:general_inquiry:0,original,34
34_pidgin,Abeg how far support — What are store hours for the downtown location on public holidays?,general_inquiry,aug:pidgin:template:general_inquiry:0,pidgin,34
34_yoruba,Hi support — What are store hours for the downtown location on public holidays? Mo ti rẹ.,general_inquiry,aug:yoruba:template:general_inquiry:0,yoruba,34
34_igbo,"Biko, Hi support — What are store hours for the downtown location on public holidays? Obi adịghị m mma.",general_inquiry,aug:igbo:template:general_inquiry:0,igbo,34
34_hausa,"Wannan ba daidai ba ne, Hi support — What are store hours for the downtown location on public holidays? Don Allah ku taimake ni.",general_inquiry,aug:hausa:template:general_inquiry:0,hausa,34
69,"Hello, Refund issued for partial amount excluding original shipping I paid.",refund_return,template:refund_return:2,original,69
69_pidgin,"Hello, return my money issued for partial amount excluding original shipping I paid.",refund_return,aug:pidgin:template:refund_return:2,pidgin,69
69_yoruba,"Ó ṣeé ṣe kí bawo ni, Refund issued for partial amount excluding original shipping I paid. Ẹ ṣe iranlọwọ fún mi.",refund_return,aug:yoruba:template:refund_return:2,yoruba,69
69_igbo,"Kedu ihe mere na kedu, Refund issued for partial amount excluding original shipping I paid. Biko nyere m aka.",refund_return,aug:igbo:template:refund_return:2,igbo,69
69_hausa,"Don Allah, sannu, Refund issued for partial amount excluding original shipping I paid.",refund_return,aug:hausa:template:refund_return:2,hausa,69
137,Delivery driver did not ring the bell though I was home all day.,delivery_shipping,template:delivery_shipping:6,original,137
137_pidgin,"Make una hear me o, Delivery driver did not ring the bell though I was home all day.",delivery_shipping,aug:pidgin:template:delivery_shipping:6,pidgin,137
137_yoruba,Delivery driver did not ring the bell though I was home all day. Ẹ ṣe iranlọwọ fún mi.,delivery_shipping,aug:yoruba:template:delivery_shipping:6,yoruba,137
137_igbo,Kedu ihe mere na Delivery driver did not ring the bell though I was home all day.,delivery_shipping,aug:igbo:template:delivery_shipping:6,igbo,137
137_hausa,"Wannan ba daidai ba ne, Delivery driver did not ring the bell though I was home all day. Na gaji da wannan.",delivery_shipping,aug:hausa:template:delivery_shipping:6,hausa,137
210,"Hello, Washing machine same fault returned twice after so-called repair.",warranty_repair,template:warranty_repair:4,original,210
210_pidgin,"Repair never happen, Hello, Washing machine same fault returned twice after so-called repair",warranty_repair,aug:pidgin:template:warranty_repair:4,pidgin,210
210_yoruba,"Ẹ jọ̀wọ́, bawo ni, Washing machine same fault returned twice after so-called repair. Ẹ ṣe iranlọwọ fún mi.",warranty_repair,aug:yoruba:template:warranty_repair:4,yoruba,210
210_igbo,"Biko, Hello, Washing machine same fault returned twice after so-called repair. Obi adịghị m mma.",warranty_repair,aug:igbo:template:warranty_repair:4,igbo,210
210_hausa,"Wannan ba daidai ba ne, sannu, Washing machine same fault returned twice after so-called repair.",warranty_repair,aug:hausa:template:warranty_repair:4,hausa,210
286,Hi support — Still billed monthly after confirming cancellation confirmation number.,subscription_cancel,template:subscription_cancel:1,original,286
286_pidgin,"I cancel am but dem still dey charge me, Hi support — Still billed monthly after confirming cancellation confirmation number",subscription_cancel,aug:pidgin:template:subscription_cancel:1,pidgin,286
286_yoruba,"Ẹ jọ̀wọ́, Hi support — Still billed monthly after confirming cancellation confirmation number.",subscription_cancel,aug:yoruba:template:subscription_cancel:1,yoruba,286
286_igbo,"Biko, Hi support — Still billed monthly after confirming cancellation confirmation number.",subscription_cancel,aug:igbo:template:subscription_cancel:1,igbo,286
92,Flagging an issue: Cannot log in after password reset email says link expired immediately. Please advise.,account_access,template:account_access:0,original,92
92_pidgin,"Wetin dey sup na, Flagging an issue: Cannot log in after password reset email says link expired immediately. abeg advise.",account_access,aug:pidgin:template:account_access:0,pidgin,92
92_yoruba,"E jọ, Flagging an issue: Cannot log in after password reset email says link expired immediately. jọ̀wọ́ advise.",account_access,aug:yoruba:template:account_access:0,yoruba,92
92_igbo,"Nna, Flagging an issue: Cannot log in after password reset email says link expired immediately. Please advise.",account_access,aug:igbo:template:account_access:0,igbo,92
92_hausa,"Ina roko, Flagging an issue: Cannot log in after password reset email says link expired immediately. Please advise. Na gaji da wannan.",account_access,aug:hausa:template:account_access:0,hausa,92
263,Hi support — Which carrier partners deliver to rural PO boxes in winter?,general_inquiry,template:general_inquiry:3,original,263
263_pidgin,Hi support — Which carrier partners deliver to rural PO boxes in winter? This one no good at all.,general_inquiry,aug:pidgin:template:general_inquiry:3,pidgin,263
263_yoruba,Mo ní pé Hi support — Which carrier partners deliver to rural PO boxes in winter?,general_inquiry,aug:yoruba:template:general_inquiry:3,yoruba,263
263_igbo,Hi support — Which carrier partners deliver to rural PO boxes in winter? Biko nyere m aka.,general_inquiry,aug:igbo:template:general_inquiry:3,igbo,263
263_hausa,"Don Allah, Hi support — Which carrier partners deliver to rural PO boxes in winter? Don Allah ku taimake ni.",general_inquiry,aug:hausa:template:general_inquiry:3,hausa,263
357,Hi support — Live agent closed ticket while issue was still unresolved.,customer_service,template:customer_service:5,original,357
357_pidgin,Omo Hi support — Live agent closed ticket while issue was still unresolved.,customer_service,aug:pidgin:template:customer_service:5,pidgin,357
357_yoruba,"E jọ, Hi support — Live agent closed ticket while issue was still unresolved.",customer_service,aug:yoruba:template:customer_service:5,yoruba,357
15,Writing to complain: Is the blue kettle dishwasher safe according to latest manual? Please advise.,general_inquiry,template:general_inquiry:2,original,15
15_pidgin,I wan ask about Writing to complain: Is the blue kettle dishwasher safe according to latest...,general_inquiry,aug:pidgin:template:general_inquiry:2,pidgin,15
15_yoruba,"Ẹ jọ̀wọ́, Writing to complain: Is the blue kettle dishwasher safe according to latest manual? jọ̀wọ́ advise. Ẹ ṣe iranlọwọ fún mi.",general_inquiry,aug:yoruba:template:general_inquiry:2,yoruba,15
15_igbo,"Nna, Writing to complain: Is the blue kettle dishwasher safe according to latest manual? biko advise.",general_inquiry,aug:igbo:template:general_inquiry:2,igbo,15
15_hausa,Writing to complain: Is the blue kettle dishwasher safe according to latest manual? don Allah advise.,general_inquiry,aug:hausa:template:general_inquiry:2,hausa,15
17,Writing to complain: Authorized service billed labor despite comprehensive coverage plan. Please advise.,warranty_repair,template:warranty_repair:3,original,17
17_pidgin,Writing to dey complain: Authorized service billed labor despite comprehensive coverage plan. abeg advise.,warranty_repair,aug:pidgin:template:warranty_repair:3,pidgin,17
17_yoruba,Ó ṣeé ṣe kí Writing to complain: Authorized service billed labor despite comprehensive coverage plan. jọ̀wọ́ advise. Ẹ ṣe iranlọwọ fún mi.,warranty_repair,aug:yoruba:template:warranty_repair:3,yoruba,17
17_igbo,Kedu ihe mere na Writing to complain: Authorized service billed labor despite comprehensive coverage plan. biko advise.,warranty_repair,aug:igbo:template:warranty_repair:3,igbo,17
17_hausa,"Don Allah, Writing to complain: Authorized service billed labor despite comprehensive coverage plan. don Allah advise. Na gaji da wannan.",warranty_repair,aug:hausa:template:warranty_repair:3,hausa,17
37,Bill shows data overage charges although I was on an unlimited plan.,billing,template:billing:6,original,37
37_yoruba,Mo ní pé Bill shows data overage charges although I was on an unlimited plan. Mo ti rẹ.,billing,aug:yoruba:template:billing:6,yoruba,37
37_hausa,"Don Allah, Bill shows data overage charges although I was on an unlimited plan.",billing,aug:hausa:template:billing:6,hausa,37
240,Flagging an issue: App forces logout every morning and deletes saved preferences. Please advise.,account_access,template:account_access:4,original,240
240_pidgin,Flagging an issue: App forces logout every morning and deletes saved preferences. abeg advise. This one no good at all.,account_access,aug:pidgin:template:account_access:4,pidgin,240
240_yoruba,Ó ṣeé ṣe kí Flagging an issue: App forces logout every morning and deletes saved preferences. jọ̀wọ́ advise.,account_access,aug:yoruba:template:account_access:4,yoruba,240
240_igbo,Biko kwe ka m kwuo na Flagging an issue: App forces logout every morning and deletes saved preferences. biko advise.,account_access,aug:igbo:template:account_access:4,igbo,240
240_hausa,"Wannan ba daidai ba ne, Flagging an issue: App forces logout every morning and deletes saved preferences. Please advise.",account_access,aug:hausa:template:account_access:4,hausa,240
66,Writing to complain: Return tracking shows received at warehouse five days ago with no credit. Please advise.,refund_return,template:refund_return:6,original,66
66_pidgin,Abeg Writing to dey complain: Return tracking shows received at warehouse five days ago with no credit. abeg advise. Abeg make una help me.,refund_return,aug:pidgin:template:refund_return:6,pidgin,66
66_yoruba,Writing to complain: Return tracking shows received at warehouse five days ago with no credit. jọ̀wọ́ advise. Ẹ ṣe iranlọwọ fún mi.,refund_return,aug:yoruba:template:refund_return:6,yoruba,66
66_igbo,Biko kwe ka m kwuo na Writing to complain: Return tracking shows received at warehouse five days ago with no credit. biko advise.,refund_return,aug:igbo:template:refund_return:6,igbo,66
66_hausa,"Wannan ba daidai ba ne, Writing to complain: Return tracking shows received at warehouse five days ago with no credit. don Allah advise. Don Allah ku taimake ni.",refund_return,aug:hausa:template:refund_return:6,hausa,66
233,Writing to complain: Where can I download compliance certificates for school procurement? Please advise.,general_inquiry,template:general_inquiry:7,original,233
233_pidgin,Omo Writing to dey complain: Where can I download compliance certificates for school procurement? abeg advise.,general_inquiry,aug:pidgin:template:general_inquiry:7,pidgin,233
233_yoruba,Mo ní pé Writing to complain: Where can I download compliance certificates for school procurement? jọ̀wọ́ advise. Ẹ ṣe iranlọwọ fún mi.,general_inquiry,aug:yoruba:template:general_inquiry:7,yoruba,233
233_hausa,"Wannan ba daidai ba ne, Writing to complain: Where can I download compliance certificates for school procurement? don Allah advise.",general_inquiry,aug:hausa:template:general_inquiry:7,hausa,233
138,Writing to complain: Family subscription cancellation removed kids profiles without warning. Please advise.,subscription_cancel,template:subscription_cancel:6,original,138
138_pidgin,Omo Writing to complain: Family subscription cancellation removed kids profiles without warning. abeg advise. This one no good at all.,subscription_cancel,aug:pidgin:template:subscription_cancel:6,pidgin,138
138_yoruba,"Ẹ jọ̀wọ́, Writing to complain: Family subscription cancellation removed kids profiles without warning. jọ̀wọ́ advise.",subscription_cancel,aug:yoruba:template:subscription_cancel:6,yoruba,138
138_igbo,"Biko, Writing to complain: Family subscription cancellation removed kids profiles without warning. biko advise.",subscription_cancel,aug:igbo:template:subscription_cancel:6,igbo,138
138_hausa,"Don Allah, Writing to complain: Family subscription cancellation removed kids profiles without warning. Please advise. Na gaji da wannan.",subscription_cancel,aug:hausa:template:subscription_cancel:6,hausa,138
255,"Hello, Live agent closed ticket while issue was still unresolved.",customer_service,template:customer_service:5,original,255
255_pidgin,"how far, Live agent closed ticket while wahala was still unresolved. Abeg make una help me.",customer_service,aug:pidgin:template:customer_service:5,pidgin,255
255_yoruba,"Ó ṣeé ṣe kí Hello, Live agent closed ticket while issue was still unresolved.",customer_service,aug:yoruba:template:customer_service:5,yoruba,255
255_igbo,"Biko, Hello, Live agent closed ticket while issue was still unresolved.",customer_service,aug:igbo:template:customer_service:5,igbo,255
255_hausa,"Wannan ba daidai ba ne, sannu, Live agent closed ticket while issue was still unresolved. Don Allah ku taimake ni.",customer_service,aug:hausa:template:customer_service:5,hausa,255
22,"Hello, Extended protection plan will not cover water damage from known seal defect.",warranty_repair,template:warranty_repair:6,original,22
22_pidgin,"Abeg how far, Extended protection plan will not cover water damage from known seal don get fault.",warranty_repair,aug:pidgin:template:warranty_repair:6,pidgin,22
22_yoruba,"bawo ni, Extended protection plan will not cover water damage from known seal defect. Ẹ ṣe iranlọwọ fún mi.",warranty_repair,aug:yoruba:template:warranty_repair:6,yoruba,22
22_igbo,"Biko kwe ka m kwuo na Hello, Extended protection plan will not cover water damage from known seal defect.",warranty_repair,aug:igbo:template:warranty_repair:6,igbo,22
22_hausa,"Don Allah, sannu, Extended protection plan will not cover water damage from known seal defect. Na gaji da wannan.",warranty_repair,aug:hausa:template:warranty_repair:6,hausa,22
377,"Hello, Blender motor smells like burning plastic during low-speed blending.",product_defect,template:product_defect:6,original,377
377_pidgin,"The thing don spoil, Hello, Blender motor smells like burning plastic during low-speed blending",product_defect,aug:pidgin:template:product_defect:6,pidgin,377
377_igbo,"Biko kwe ka m kwuo na kedu, Blender motor smells like burning plastic during low-speed blending. Obi adịghị m mma.",product_defect,aug:igbo:template:product_defect:6,igbo,377
377_hausa,"sannu, Blender motor smells like burning plastic during low-speed blending. Na gaji da wannan.",product_defect,aug:hausa:template:product_defect:6,hausa,377
302,"Hello, Merged family plan removed my profile and purchase history.",account_access,template:account_access:3,original,302
302_pidgin,"Na unfair o, how far, Merged family plan removed my profile and purchase history. Make e work well abeg.",account_access,aug:pidgin:template:account_access:3,pidgin,302
302_yoruba,"Hello, Merged family plan removed my profile and purchase history. Ẹ ṣe iranlọwọ fún mi.",account_access,aug:yoruba:template:account_access:3,yoruba,302
302_igbo,"Biko, kedu, Merged family plan removed my profile and purchase history.",account_access,aug:igbo:template:account_access:3,igbo,302
302_hausa,"Hello, Merged family plan removed my profile and purchase history. Na gaji da wannan.",account_access,aug:hausa:template:account_access:3,hausa,302
177,Flagging an issue: Still billed monthly after confirming cancellation confirmation number. Please advise.,subscription_cancel,template:subscription_cancel:1,original,177
177_pidgin,I dey vex say Flagging an wahala: Still billed monthly after confirming cancellation confirmation number. Please advise. Make e work well abeg.,subscription_cancel,aug:pidgin:template:subscription_cancel:1,pidgin,177
177_yoruba,Ó ṣeé ṣe kí Flagging an issue: Still billed monthly after confirming cancellation confirmation number. jọ̀wọ́ advise.,subscription_cancel,aug:yoruba:template:subscription_cancel:1,yoruba,177
177_igbo,Flagging an issue: Still billed monthly after confirming cancellation confirmation number. biko advise. Obi adịghị m mma.,subscription_cancel,aug:igbo:template:subscription_cancel:1,igbo,177
177_hausa,"Ina roko, Flagging an issue: Still billed monthly after confirming cancellation confirmation number. Please advise. Na gaji da wannan.",subscription_cancel,aug:hausa:template:subscription_cancel:1,hausa,177
43,"Hello, Password reset keeps failing and I see logins from cities I never visited.",fraud_unauthorized,confusable:9,original,43
43_pidgin,"Make una hear me o, how far, Password reset keeps failing and I see logins from cities I never visited. This one no good at all.",fraud_unauthorized,aug:pidgin:confusable:9,pidgin,43
43_yoruba,"E jọ, bawo ni, Password reset keeps failing and I see logins from cities I never visited. Mo ti rẹ.",fraud_unauthorized,aug:yoruba:confusable:9,yoruba,43
43_igbo,"Biko, Hello, Password reset keeps failing and I see logins from cities I never visited.",fraud_unauthorized,aug:igbo:confusable:9,igbo,43
43_hausa,"Don Allah, Hello, Password reset keeps failing and I see logins from cities I never visited. Na gaji da wannan.",fraud_unauthorized,aug:hausa:confusable:9,hausa,43
83,Writing to complain: Repair appointment canceled by vendor twice without offering new date. Please advise.,warranty_repair,template:warranty_repair:7,original,83
83_pidgin,"Repair never happen, Writing to complain: Repair appointment canceled by vendor twice without offering new...",warranty_repair,aug:pidgin:template:warranty_repair:7,pidgin,83
83_yoruba,Writing to complain: Repair appointment canceled by vendor twice without offering new date. jọ̀wọ́ advise.,warranty_repair,aug:yoruba:template:warranty_repair:7,yoruba,83
83_igbo,Writing to complain: Repair appointment canceled by vendor twice without offering new date. Please advise. Obi adịghị m mma.,warranty_repair,aug:igbo:template:warranty_repair:7,igbo,83
83_hausa,"Ina roko, Writing to complain: Repair appointment canceled by vendor twice without offering new date. don Allah advise. Na gaji da wannan.",warranty_repair,aug:hausa:template:warranty_repair:7,hausa,83
105,Writing to complain: Card billed for renewal though I submitted cancellation before trial ended. Please advise.,subscription_cancel,overlap:8,original,105
105_pidgin,Writing to dey complain: Card billed for renewal though I submitted cancellation before trial ended. abeg advise. This one no good at all.,subscription_cancel,aug:pidgin:overlap:8,pidgin,105
105_yoruba,Mo ní pé Writing to complain: Card billed for renewal though I submitted cancellation before trial ended. jọ̀wọ́ advise.,subscription_cancel,aug:yoruba:overlap:8,yoruba,105
105_igbo,"Nna, Writing to complain: Card billed for renewal though I submitted cancellation before trial ended. biko advise.",subscription_cancel,aug:igbo:overlap:8,igbo,105
105_hausa,"Wannan ba daidai ba ne, Writing to complain: Card billed for renewal though I submitted cancellation before trial ended. Please advise.",subscription_cancel,aug:hausa:overlap:8,hausa,105
368,Are demo units on display available for purchase at discount?,general_inquiry,template:general_inquiry:5,original,368
368_pidgin,I wan ask about Are demo units on display available for purchase at discount?,general_inquiry,aug:pidgin:template:general_inquiry:5,pidgin,368
368_yoruba,Mo ní pé Are demo units on display available for purchase at discount?,general_inquiry,aug:yoruba:template:general_inquiry:5,yoruba,368
368_igbo,Kedu ihe mere na Are demo units on display available for purchase at discount?,general_inquiry,aug:igbo:template:general_inquiry:5,igbo,368
368_hausa,Are demo units on display available for purchase at discount? Don Allah ku taimake ni.,general_inquiry,aug:hausa:template:general_inquiry:5,hausa,368
349,"Hello, Statement shows disputed charge I cannot mark or annotate online.",billing,overlap:7,original,349
349_pidgin,"Wetin dey sup na, how far, Statement shows disputed charge I cannot mark or annotate online.",billing,aug:pidgin:overlap:7,pidgin,349
349_yoruba,"Mo ní pé Hello, Statement shows disputed charge I cannot mark or annotate online.",billing,aug:yoruba:overlap:7,yoruba,349
349_igbo,"Nna, Hello, Statement shows disputed charge I cannot mark or annotate online.",billing,aug:igbo:overlap:7,igbo,349
349_hausa,"Ina roko, sannu, Statement shows disputed charge I cannot mark or annotate online. Don Allah ku taimake ni.",billing,aug:hausa:overlap:7,hausa,349
96,Flagging an issue: Return approved weeks ago but reimbursement still not issued. Please advise.,refund_return,overlap:3,original,96
96_pidgin,Flagging an issue: Return approved weeks ago but reimbursement still not issued. Please advise. This one no good at all.,refund_return,aug:pidgin:overlap:3,pidgin,96
96_yoruba,Flagging an issue: Return approved weeks ago but reimbursement still not issued. Please advise. Mo ti rẹ.,refund_return,aug:yoruba:overlap:3,yoruba,96
96_igbo,"Biko, Flagging an issue: Return approved weeks ago but reimbursement still not issued. biko advise.",refund_return,aug:igbo:overlap:3,igbo,96
96_hausa,Flagging an issue: Return approved weeks ago but reimbursement still not issued. Please advise. Na gaji da wannan.,refund_return,aug:hausa:overlap:3,hausa,96
281,Merged family plan removed my profile and purchase history.,account_access,template:account_access:3,original,281
281_pidgin,"I no fit enter my account again, Merged family plan removed my profile and purchase history",account_access,aug:pidgin:template:account_access:3,pidgin,281
281_yoruba,"E jọ, Merged family plan removed my profile and purchase history.",account_access,aug:yoruba:template:account_access:3,yoruba,281
281_igbo,Biko kwe ka m kwuo na Merged family plan removed my profile and purchase history. Biko nyere m aka.,account_access,aug:igbo:template:account_access:3,igbo,281
281_hausa,"Don Allah, Merged family plan removed my profile and purchase history. Don Allah ku taimake ni.",account_access,aug:hausa:template:account_access:3,hausa,281
312,"Hello, Gift card balance emptied overnight with transactions I do not recognize.",fraud_unauthorized,template:fraud_unauthorized:2,original,312
312_pidgin,"Somebody use my account without permission, Hello, Gift card balance emptied overnight with transactions I do not recognize",fraud_unauthorized,aug:pidgin:template:fraud_unauthorized:2,pidgin,312
312_yoruba,"Mo ní pé bawo ni, Gift card balance emptied overnight with transactions I do not recognize. Ẹ ṣe iranlọwọ fún mi.",fraud_unauthorized,aug:yoruba:template:fraud_unauthorized:2,yoruba,312
312_igbo,"Kedu ihe mere na kedu, Gift card balance emptied overnight with transactions I do not recognize. Obi adịghị m mma.",fraud_unauthorized,aug:igbo:template:fraud_unauthorized:2,igbo,312
312_hausa,"Wannan ba daidai ba ne, sannu, Gift card balance emptied overnight with transactions I do not recognize.",fraud_unauthorized,aug:hausa:template:fraud_unauthorized:2,hausa,312
284,Hi support — Bill shows data overage charges although I was on an unlimited plan.,billing,template:billing:6,original,284
284_pidgin,"Na unfair o, how far support — Bill shows data overage charges although I was on an unlimited plan.",billing,aug:pidgin:template:billing:6,pidgin,284
80,Account shows login from another country while I was asleep locally.,fraud_unauthorized,template:fraud_unauthorized:3,original,80
80_pidgin,Abeg account shows login from another country while I was asleep locally. Make e work well abeg.,fraud_unauthorized,aug:pidgin:template:fraud_unauthorized:3,pidgin,80
80_yoruba,Mo ní pé àkọọlì shows login from another country while I was asleep locally.,fraud_unauthorized,aug:yoruba:template:fraud_unauthorized:3,yoruba,80
80_igbo,Biko kwe ka m kwuo na Account shows login from another country while I was asleep locally. Biko nyere m aka.,fraud_unauthorized,aug:igbo:template:fraud_unauthorized:3,igbo,80
80_hausa,"Don Allah, asusu shows login from another country while I was asleep locally. Don Allah ku taimake ni.",fraud_unauthorized,aug:hausa:template:fraud_unauthorized:3,hausa,80
269,Writing to complain: Agent said return was approved but warehouse team never sent label. Please advise.,refund_return,confusable:5,original,269
269_pidgin,Writing to complain: Agent said return was approved but warehouse team never sent label. Please advise. I don tire for this matter.,refund_return,aug:pidgin:confusable:5,pidgin,269
269_yoruba,Writing to complain: Agent said return was approved but warehouse team never sent label. Please advise. Ẹ ṣe iranlọwọ fún mi.,refund_return,aug:yoruba:confusable:5,yoruba,269
269_igbo,"Biko, Writing to complain: Agent said return was approved but warehouse team never sent label. biko advise. Obi adịghị m mma.",refund_return,aug:igbo:confusable:5,igbo,269
269_hausa,"Ina roko, Writing to complain: Agent said return was approved but warehouse team never sent label. don Allah advise.",refund_return,aug:hausa:confusable:5,hausa,269
308,Hi support — Two-factor codes never arrive to my registered phone number.,account_access,template:account_access:1,original,308
308_pidgin,"I no fit enter my account again, Hi support — Two-factor codes never arrive to my registered phone number",account_access,aug:pidgin:template:account_access:1,pidgin,308
308_yoruba,Hi support — Two-factor codes never arrive to my registered phone number. Mo ti rẹ.,account_access,aug:yoruba:template:account_access:1,yoruba,308
308_igbo,"Nna, Hi support — Two-factor codes never arrive to my registered phone number.",account_access,aug:igbo:template:account_access:1,igbo,308
65,Flagging an issue: Courier left perishable groceries in the sun despite shade instructions. Please advise.,delivery_shipping,template:delivery_shipping:1,original,65
65_pidgin,"Wetin dey sup na, Flagging an issue: Courier left perishable groceries in the sun despite shade instructions. abeg advise.",delivery_shipping,aug:pidgin:template:delivery_shipping:1,pidgin,65
65_yoruba,"Ẹ jọ̀wọ́, Flagging an issue: Courier left perishable groceries in the sun despite shade instructions. jọ̀wọ́ advise. Mo ti rẹ.",delivery_shipping,aug:yoruba:template:delivery_shipping:1,yoruba,65
65_igbo,Biko kwe ka m kwuo na Flagging an issue: Courier left perishable groceries in the sun despite shade instructions. biko advise.,delivery_shipping,aug:igbo:template:delivery_shipping:1,igbo,65
65_hausa,"Don Allah, Flagging an issue: Courier left perishable groceries in the sun despite shade instructions. don Allah advise. Don Allah ku taimake ni.",delivery_shipping,aug:hausa:template:delivery_shipping:1,hausa,65
99,Flagging an issue: Authorized service charged labor despite comprehensive coverage plan. Please advise.,warranty_repair,template:warranty_repair:3,original,99
99_pidgin,I dey vex say Flagging an wahala: Authorized service dem charge me labor despite comprehensive coverage plan. abeg advise. Abeg make una help me.,warranty_repair,aug:pidgin:template:warranty_repair:3,pidgin,99
99_yoruba,Mo ní pé Flagging an issue: Authorized service charged labor despite comprehensive coverage plan. jọ̀wọ́ advise. Mo ti rẹ.,warranty_repair,aug:yoruba:template:warranty_repair:3,yoruba,99
99_igbo,"Biko, Flagging an issue: Authorized service charged labor despite comprehensive coverage plan. biko advise. Biko nyere m aka.",warranty_repair,aug:igbo:template:warranty_repair:3,igbo,99
99_hausa,Flagging an issue: Authorized service charged labor despite comprehensive coverage plan. don Allah advise.,warranty_repair,aug:hausa:template:warranty_repair:3,hausa,99
57,Flagging an issue: Two-factor codes never arrive to my registered phone number. Please advise.,account_access,template:account_access:1,original,57
57_pidgin,"I no fit enter my account again, Flagging an issue: Two-factor codes never arrive to my registered phone number...",account_access,aug:pidgin:template:account_access:1,pidgin,57
57_yoruba,Mo ní pé Flagging an issue: Two-factor codes never arrive to my registered phone number. Please advise. Mo ti rẹ.,account_access,aug:yoruba:template:account_access:1,yoruba,57
57_igbo,Flagging an issue: Two-factor codes never arrive to my registered phone number. biko advise. Obi adịghị m mma.,account_access,aug:igbo:template:account_access:1,igbo,57
57_hausa,Flagging an issue: Two-factor codes never arrive to my registered phone number. don Allah advise. Na gaji da wannan.,account_access,aug:hausa:template:account_access:1,hausa,57
169,Hi support — Return tracking shows received at warehouse five days ago with no credit.,refund_return,template:refund_return:6,original,169
169_pidgin,"Make una hear me o, how far support — Return tracking shows received at warehouse five days ago with no credit.",refund_return,aug:pidgin:template:refund_return:6,pidgin,169
169_yoruba,Hi support — Return tracking shows received at warehouse five days ago with no credit. Ẹ ṣe iranlọwọ fún mi.,refund_return,aug:yoruba:template:refund_return:6,yoruba,169
169_igbo,Hi support — Return tracking shows received at warehouse five days ago with no credit. Obi adịghị m mma.,refund_return,aug:igbo:template:refund_return:6,igbo,169
169_hausa,"Don Allah, Hi support — Return tracking shows received at warehouse five days ago with no credit. Na gaji da wannan.",refund_return,aug:hausa:template:refund_return:6,hausa,169
6,Writing to complain: Locked out after suspicious login attempts I did not recognize. Please advise.,account_access,confusable:3,original,6
6_pidgin,"Make una hear me o, Writing to dey complain: Locked out after suspicious login attempts I did not recognize. Please advise. Make e work well abeg.",account_access,aug:pidgin:confusable:3,pidgin,6
6_yoruba,Ó ṣeé ṣe kí Writing to complain: Locked out after suspicious login attempts I did not recognize. Please advise. Ẹ ṣe iranlọwọ fún mi.,account_access,aug:yoruba:confusable:3,yoruba,6
6_igbo,"Biko, Writing to complain: Locked out after suspicious login attempts I did not recognize. biko advise. Biko nyere m aka.",account_access,aug:igbo:confusable:3,igbo,6
6_hausa,"Wannan ba daidai ba ne, Writing to complain: Locked out after suspicious login attempts I did not recognize. don Allah advise. Na gaji da wannan.",account_access,aug:hausa:confusable:3,hausa,6
115,"Hello, What are store hours for the downtown location on public holidays?",general_inquiry,template:general_inquiry:0,original,115
115_pidgin,"Wetin dey sup na, Hello, What are store hours for the downtown location on public holidays? Make e work well abeg.",general_inquiry,aug:pidgin:template:general_inquiry:0,pidgin,115
115_yoruba,"Mo ní pé bawo ni, What are store hours for the downtown location on public holidays?",general_inquiry,aug:yoruba:template:general_inquiry:0,yoruba,115
115_igbo,"Nna, kedu, What are store hours for the downtown location on public holidays?",general_inquiry,aug:igbo:template:general_inquiry:0,igbo,115
115_hausa,"sannu, What are store hours for the downtown location on public holidays?",general_inquiry,aug:hausa:template:general_inquiry:0,hausa,115
73,Flagging an issue: Payment posted but balance still shows overdue in the portal. Please advise.,billing,template:billing:7,original,73
73_pidgin,Omo Flagging an issue: Payment posted but balance still shows overdue in the portal. abeg advise. This one no good at all.,billing,aug:pidgin:template:billing:7,pidgin,73
73_yoruba,Flagging an issue: Payment posted but balance still shows overdue in the portal. jọ̀wọ́ advise. Mo ti rẹ.,billing,aug:yoruba:template:billing:7,yoruba,73
73_igbo,Flagging an issue: Payment posted but balance still shows overdue in the portal. biko advise.,billing,aug:igbo:template:billing:7,igbo,73
73_hausa,"Wannan ba daidai ba ne, Flagging an issue: Payment posted but balance still shows overdue in the portal. don Allah advise.",billing,aug:hausa:template:billing:7,hausa,73
58,Hi support — Package marked delivered but nothing arrived at my apartment door.,delivery_shipping,template:delivery_shipping:0,original,58
58_pidgin,"My package never arrive, Hi support — Package marked delivered but nothing arrived at my apartment...",delivery_shipping,aug:pidgin:template:delivery_shipping:0,pidgin,58
58_igbo,Biko kwe ka m kwuo na Hi support — Package marked delivered but nothing arrived at my apartment door.,delivery_shipping,aug:igbo:template:delivery_shipping:0,igbo,58
58_hausa,"Wannan ba daidai ba ne, Hi support — Package marked delivered but nothing arrived at my apartment door.",delivery_shipping,aug:hausa:template:delivery_shipping:0,hausa,58
33,Flagging an issue: Tablet touchscreen registers ghost touches along the right edge. Please advise.,product_defect,template:product_defect:7,original,33
33_pidgin,Flagging an wahala: Tablet touchscreen registers ghost touches along the right edge. Please advise. Make e work well abeg.,product_defect,aug:pidgin:template:product_defect:7,pidgin,33
33_yoruba,"Ẹ jọ̀wọ́, Flagging an issue: Tablet touchscreen registers ghost touches along the right edge. Please advise.",product_defect,aug:yoruba:template:product_defect:7,yoruba,33
33_igbo,"Biko, Flagging an issue: Tablet touchscreen registers ghost touches along the right edge. biko advise. Biko nyere m aka.",product_defect,aug:igbo:template:product_defect:7,igbo,33
33_hausa,"Don Allah, Flagging an issue: Tablet touchscreen registers ghost touches along the right edge. don Allah advise. Don Allah ku taimake ni.",product_defect,aug:hausa:template:product_defect:7,hausa,33
291,Hi support — Waited forty minutes on chat before the agent disconnected without reply.,customer_service,template:customer_service:0,original,291
291_pidgin,I dey vex say Hi support — Waited forty minutes on chat before the agent disconnected without reply. This one no good at all.,customer_service,aug:pidgin:template:customer_service:0,pidgin,291
291_yoruba,Ó ṣeé ṣe kí Hi support — Waited forty minutes on chat before the agent disconnected without reply.,customer_service,aug:yoruba:template:customer_service:0,yoruba,291
291_igbo,"Nna, Hi support — Waited forty minutes on chat before the agent disconnected without reply. Biko nyere m aka.",customer_service,aug:igbo:template:customer_service:0,igbo,291
334,Writing to complain: Wallet billed for subscription I never activated after free trial ended silently. Please advise.,fraud_unauthorized,template:fraud_unauthorized:4,original,334
334_pidgin,"Somebody use my account without permission, Writing to complain: Wallet billed for subscription I never activated after free...",fraud_unauthorized,aug:pidgin:template:fraud_unauthorized:4,pidgin,334
334_yoruba,Writing to complain: Wallet billed for subscription I never activated after free trial ended silently. jọ̀wọ́ advise.,fraud_unauthorized,aug:yoruba:template:fraud_unauthorized:4,yoruba,334
334_igbo,Writing to complain: Wallet billed for subscription I never activated after free trial ended silently. biko advise. Biko nyere m aka.,fraud_unauthorized,aug:igbo:template:fraud_unauthorized:4,igbo,334
334_hausa,"Don Allah, Writing to complain: Wallet billed for subscription I never activated after free trial ended silently. don Allah advise. Na gaji da wannan.",fraud_unauthorized,aug:hausa:template:fraud_unauthorized:4,hausa,334
18,Hi support — Support email promised response in twenty-four hours but no follow-up after a week.,customer_service,template:customer_service:1,original,18
18_pidgin,Hi support — support email promised response in twenty-four hours but no follow-up after a week.,customer_service,aug:pidgin:template:customer_service:1,pidgin,18
18_yoruba,Ó ṣeé ṣe kí Hi support — Support email promised response in twenty-four hours but no follow-up after a week. Mo ti rẹ.,customer_service,aug:yoruba:template:customer_service:1,yoruba,18
18_igbo,"Biko, Hi support — Support email promised response in twenty-four hours but no follow-up after a week.",customer_service,aug:igbo:template:customer_service:1,igbo,18
18_hausa,"Don Allah, Hi support — Support email promised response in twenty-four hours but no follow-up after a week. Don Allah ku taimake ni.",customer_service,aug:hausa:template:customer_service:1,hausa,18
229,Flagging an issue: Is the blue kettle dishwasher safe according to latest manual? Please advise.,general_inquiry,template:general_inquiry:2,original,229
229_pidgin,I dey vex say Flagging an wahala: Is the blue kettle dishwasher safe according to latest manual? abeg advise.,general_inquiry,aug:pidgin:template:general_inquiry:2,pidgin,229
229_yoruba,Ó ṣeé ṣe kí Flagging an issue: Is the blue kettle dishwasher safe according to latest manual? jọ̀wọ́ advise. Ẹ ṣe iranlọwọ fún mi.,general_inquiry,aug:yoruba:template:general_inquiry:2,yoruba,229
229_igbo,"Biko, Flagging an issue: Is the blue kettle dishwasher safe according to latest manual? biko advise. Obi adịghị m mma.",general_inquiry,aug:igbo:template:general_inquiry:2,igbo,229
229_hausa,"Ina roko, Flagging an issue: Is the blue kettle dishwasher safe according to latest manual? Please advise.",general_inquiry,aug:hausa:template:general_inquiry:2,hausa,229
218,Writing to complain: App forces logout every morning and deletes saved preferences. Please advise.,account_access,template:account_access:4,original,218
218_pidgin,"I no fit enter my account again, Writing to complain: App forces logout every morning and deletes saved preferences...",account_access,aug:pidgin:template:account_access:4,pidgin,218
218_yoruba,"Ẹ jọ̀wọ́, Writing to complain: App forces logout every morning and deletes saved preferences. Please advise. Mo ti rẹ.",account_access,aug:yoruba:template:account_access:4,yoruba,218
218_igbo,Biko kwe ka m kwuo na Writing to complain: App forces logout every morning and deletes saved preferences. biko advise.,account_access,aug:igbo:template:account_access:4,igbo,218
218_hausa,"Wannan ba daidai ba ne, Writing to complain: App forces logout every morning and deletes saved preferences. Please advise. Na gaji da wannan.",account_access,aug:hausa:template:account_access:4,hausa,218
84,Writing to complain: Single sign-on loop prevents access to member portal on mobile browser. Please advise.,account_access,template:account_access:7,original,84
84_pidgin,Abeg Writing to dey complain: Single sign-on loop prevents access to member portal on mobile browser. abeg advise. Abeg make una help me.,account_access,aug:pidgin:template:account_access:7,pidgin,84
84_yoruba,"Ẹ jọ̀wọ́, Writing to complain: Single sign-on loop prevents access to member portal on mobile browser. Please advise.",account_access,aug:yoruba:template:account_access:7,yoruba,84
84_igbo,"Biko, Writing to complain: Single sign-on loop prevents access to member portal on mobile browser. Please advise. Obi adịghị m mma.",account_access,aug:igbo:template:account_access:7,igbo,84
84_hausa,"Don Allah, Writing to complain: Single sign-on loop prevents access to member portal on mobile browser. don Allah advise. Na gaji da wannan.",account_access,aug:hausa:template:account_access:7,hausa,84
329,Flagging an issue: Bluetooth headphones stop pairing after the latest firmware update. Please advise.,product_defect,template:product_defect:1,original,329
329_pidgin,"The thing don spoil, Flagging an issue: Bluetooth headphones stop pairing after the latest firmware update...",product_defect,aug:pidgin:template:product_defect:1,pidgin,329
329_yoruba,"E jọ, Flagging an issue: Bluetooth headphones stop pairing after the latest firmware update. Please advise.",product_defect,aug:yoruba:template:product_defect:1,yoruba,329
329_igbo,Flagging an issue: Bluetooth headphones stop pairing after the latest firmware update. biko advise.,product_defect,aug:igbo:template:product_defect:1,igbo,329
329_hausa,Flagging an issue: Bluetooth headphones stop pairing after the latest firmware update. don Allah advise. Don Allah ku taimake ni.,product_defect,aug:hausa:template:product_defect:1,hausa,329
188,Hi support — Washing machine same fault returned twice after so-called repair.,warranty_repair,template:warranty_repair:4,original,188
188_pidgin,how far support — Washing machine same fault returned twice after so-called repair. This one no good at all.,warranty_repair,aug:pidgin:template:warranty_repair:4,pidgin,188
188_igbo,Biko kwe ka m kwuo na Hi support — Washing machine same fault returned twice after so-called repair. Obi adịghị m mma.,warranty_repair,aug:igbo:template:warranty_repair:4,igbo,188
188_hausa,"Don Allah, Hi support — Washing machine same fault returned twice after so-called repair.",warranty_repair,aug:hausa:template:warranty_repair:4,hausa,188
280,"Hello, Representative gave conflicting answers about the same warranty claim.",customer_service,template:customer_service:2,original,280
280_pidgin,"how far, Representative gave conflicting answers about the same warranty claim.",customer_service,aug:pidgin:template:customer_service:2,pidgin,280
280_yoruba,"bawo ni, Representative gave conflicting answers about the same warranty claim.",customer_service,aug:yoruba:template:customer_service:2,yoruba,280
280_igbo,"Nna, Hello, Representative gave conflicting answers about the same warranty claim. Obi adịghị m mma.",customer_service,aug:igbo:template:customer_service:2,igbo,280
280_hausa,"sannu, Representative gave conflicting answers about the same warranty claim. Na gaji da wannan.",customer_service,aug:hausa:template:customer_service:2,hausa,280
133,Hi support — Defective oven element failed again after warranty repair last quarter.,warranty_repair,confusable:2,original,133
133_pidgin,"Repair never happen, Hi support — Defective oven element failed again after warranty repair last...",warranty_repair,aug:pidgin:confusable:2,pidgin,133
133_yoruba,"E jọ, Hi support — Defective oven element failed again after warranty repair last quarter.",warranty_repair,aug:yoruba:confusable:2,yoruba,133
10,Tablet touchscreen registers ghost touches along the right edge.,product_defect,template:product_defect:7,original,10
10_pidgin,"The thing don spoil, Tablet touchscreen registers ghost touches along the right edge",product_defect,aug:pidgin:template:product_defect:7,pidgin,10
10_yoruba,Mo ní pé Tablet touchscreen registers ghost touches along the right edge.,product_defect,aug:yoruba:template:product_defect:7,yoruba,10
10_igbo,"Biko, Tablet touchscreen registers ghost touches along the right edge. Obi adịghị m mma.",product_defect,aug:igbo:template:product_defect:7,igbo,10
10_hausa,"Ina roko, Tablet touchscreen registers ghost touches along the right edge. Na gaji da wannan.",product_defect,aug:hausa:template:product_defect:7,hausa,10
54,Writing to complain: Two-factor codes never arrive to my registered phone number. Please advise.,account_access,template:account_access:1,original,54
54_pidgin,Abeg Writing to dey complain: Two-factor codes never arrive to my registered phone number. Please advise. Make e work well abeg.,account_access,aug:pidgin:template:account_access:1,pidgin,54
54_yoruba,Writing to complain: Two-factor codes never arrive to my registered phone number. jọ̀wọ́ advise. Mo ti rẹ.,account_access,aug:yoruba:template:account_access:1,yoruba,54
54_igbo,"Nna, Writing to complain: Two-factor codes never arrive to my registered phone number. biko advise. Biko nyere m aka.",account_access,aug:igbo:template:account_access:1,igbo,54
54_hausa,Writing to complain: Two-factor codes never arrive to my registered phone number. Please advise. Na gaji da wannan.,account_access,aug:hausa:template:account_access:1,hausa,54
1,Flagging an issue: Username change broke access to digital subscriptions tied to old email. Please advise.,account_access,template:account_access:5,original,1
1_pidgin,"I no fit enter my account again, Flagging an issue: Username change broke access to digital subscriptions tied to...",account_access,aug:pidgin:template:account_access:5,pidgin,1
1_yoruba,Mo ní pé Flagging an issue: Username change broke access to digital subscriptions tied to old email. jọ̀wọ́ advise. Ẹ ṣe iranlọwọ fún mi.,account_access,aug:yoruba:template:account_access:5,yoruba,1
125,Hi support — Why am I still seeing membership charges after I clicked cancel last week?,subscription_cancel,confusable:8,original,125
125_pidgin,"I cancel am but dem still dey charge me, Hi support — Why am I still seeing membership charges after I...",subscription_cancel,aug:pidgin:confusable:8,pidgin,125
125_yoruba,"E jọ, Hi support — Why am I still seeing membership charges after I clicked cancel last week? Ẹ ṣe iranlọwọ fún mi.",subscription_cancel,aug:yoruba:confusable:8,yoruba,125
125_hausa,"Ina roko, Hi support — Why am I still seeing membership charges after I clicked cancel last week?",subscription_cancel,aug:hausa:confusable:8,hausa,125
8,Writing to complain: Can I buy spare filters in bulk through the corporate portal? Please advise.,general_inquiry,template:general_inquiry:4,original,8
8_pidgin,Writing to complain: Can I buy spare filters in bulk through the corporate portal? abeg advise. I don tire for this matter.,general_inquiry,aug:pidgin:template:general_inquiry:4,pidgin,8
8_yoruba,Mo ní pé Writing to complain: Can I buy spare filters in bulk through the corporate portal? jọ̀wọ́ advise. Mo ti rẹ.,general_inquiry,aug:yoruba:template:general_inquiry:4,yoruba,8
8_igbo,Kedu ihe mere na Writing to complain: Can I buy spare filters in bulk through the corporate portal? Please advise.,general_inquiry,aug:igbo:template:general_inquiry:4,igbo,8
8_hausa,Writing to complain: Can I buy spare filters in bulk through the corporate portal? don Allah advise.,general_inquiry,aug:hausa:template:general_inquiry:4,hausa,8
136,Case update: Invoice total does not match quoted price from sales chat. Please advise.,billing,overlap:5,original,136
136_pidgin,Dem dey charge me Case update: Invoice total does not match quoted price from sales chat... wey I no authorize.,billing,aug:pidgin:overlap:5,pidgin,136
136_yoruba,Mo ní pé Case update: Invoice total does not match quoted price from sales chat. Please advise. Ẹ ṣe iranlọwọ fún mi.,billing,aug:yoruba:overlap:5,yoruba,136
136_igbo,Case update: Invoice total does not match quoted price from sales chat. biko advise. Obi adịghị m mma.,billing,aug:igbo:overlap:5,igbo,136
136_hausa,Case update: Invoice total does not match quoted price from sales chat. don Allah advise. Don Allah ku taimake ni.,billing,aug:hausa:overlap:5,hausa,136
56,Writing to complain: Smartphone battery drains from full to zero in under three hours. Please advise.,product_defect,template:product_defect:4,original,56
56_pidgin,Writing to complain: Smartphone battery drains from full to zero in under three hours. Please advise. This one no good at all.,product_defect,aug:pidgin:template:product_defect:4,pidgin,56
56_yoruba,Writing to complain: Smartphone battery drains from full to zero in under three hours. jọ̀wọ́ advise.,product_defect,aug:yoruba:template:product_defect:4,yoruba,56
56_igbo,Writing to complain: Smartphone battery drains from full to zero in under three hours. biko advise.,product_defect,aug:igbo:template:product_defect:4,igbo,56
56_hausa,"Ina roko, Writing to complain: Smartphone battery drains from full to zero in under three hours. Please advise. Na gaji da wannan.",product_defect,aug:hausa:template:product_defect:4,hausa,56
365,Waited forty minutes on chat before the agent disconnected without reply.,customer_service,template:customer_service:0,original,365
365_yoruba,Ó ṣeé ṣe kí Waited forty minutes on chat before the agent disconnected without reply.,customer_service,aug:yoruba:template:customer_service:0,yoruba,365
365_igbo,"Nna, Waited forty minutes on chat before the agent disconnected without reply.",customer_service,aug:igbo:template:customer_service:0,igbo,365
365_hausa,"Ina roko, Waited forty minutes on chat before the agent disconnected without reply. Na gaji da wannan.",customer_service,aug:hausa:template:customer_service:0,hausa,365
363,Writing to complain: Extended protection plan will not cover water damage from known seal defect. Please advise.,warranty_repair,template:warranty_repair:6,original,363
363_pidgin,"Repair never happen, Writing to complain: Extended protection plan will not cover water damage from...",warranty_repair,aug:pidgin:template:warranty_repair:6,pidgin,363
363_yoruba,"Ẹ jọ̀wọ́, Writing to complain: Extended protection plan will not cover water damage from known seal defect. jọ̀wọ́ advise.",warranty_repair,aug:yoruba:template:warranty_repair:6,yoruba,363
363_igbo,Writing to complain: Extended protection plan will not cover water damage from known seal defect. biko advise.,warranty_repair,aug:igbo:template:warranty_repair:6,igbo,363
363_hausa,Writing to complain: Extended protection plan will not cover water damage from known seal defect. don Allah advise.,warranty_repair,aug:hausa:template:warranty_repair:6,hausa,363
95,Hi support — Where can I download compliance certificates for school procurement?,general_inquiry,template:general_inquiry:7,original,95
95_pidgin,"Na unfair o, how far support — Where can I download compliance certificates for school procurement?",general_inquiry,aug:pidgin:template:general_inquiry:7,pidgin,95
95_yoruba,Mo ní pé Hi support — Where can I download compliance certificates for school procurement? Ẹ ṣe iranlọwọ fún mi.,general_inquiry,aug:yoruba:template:general_inquiry:7,yoruba,95
95_igbo,Biko kwe ka m kwuo na Hi support — Where can I download compliance certificates for school procurement? Obi adịghị m mma.,general_inquiry,aug:igbo:template:general_inquiry:7,igbo,95
95_hausa,Hi support — Where can I download compliance certificates for school procurement? Don Allah ku taimake ni.,general_inquiry,aug:hausa:template:general_inquiry:7,hausa,95
339,Flagging an issue: Wallet charged for subscription I never activated after free trial ended silently. Please advise.,fraud_unauthorized,template:fraud_unauthorized:4,original,339
339_pidgin,"Somebody use my account without permission, Flagging an issue: Wallet charged for subscription I never activated after free...",fraud_unauthorized,aug:pidgin:template:fraud_unauthorized:4,pidgin,339
339_yoruba,"Ẹ jọ̀wọ́, Flagging an issue: Wallet charged for subscription I never activated after free trial ended silently. jọ̀wọ́ advise. Mo ti rẹ.",fraud_unauthorized,aug:yoruba:template:fraud_unauthorized:4,yoruba,339
339_igbo,"Nna, Flagging an issue: Wallet charged for subscription I never activated after free trial ended silently. biko advise. Biko nyere m aka.",fraud_unauthorized,aug:igbo:template:fraud_unauthorized:4,igbo,339
339_hausa,"Ina roko, Flagging an issue: Wallet charged for subscription I never activated after free trial ended silently. don Allah advise. Na gaji da wannan.",fraud_unauthorized,aug:hausa:template:fraud_unauthorized:4,hausa,339
247,Flagging an issue: Unknown party used saved card for renewal I did not authorize. Please advise.,fraud_unauthorized,overlap:9,original,247
247_pidgin,I dey vex say Flagging an issue: Unknown party used saved card for renewal I did not authorize. abeg advise. Make e work well abeg.,fraud_unauthorized,aug:pidgin:overlap:9,pidgin,247
247_yoruba,"Ẹ jọ̀wọ́, Flagging an issue: Unknown party used saved card for renewal I did not authorize. Please advise.",fraud_unauthorized,aug:yoruba:overlap:9,yoruba,247
247_igbo,Flagging an issue: Unknown party used saved card for renewal I did not authorize. biko advise. Obi adịghị m mma.,fraud_unauthorized,aug:igbo:overlap:9,igbo,247
247_hausa,"Wannan ba daidai ba ne, Flagging an issue: Unknown party used saved card for renewal I did not authorize. Please advise. Don Allah ku taimake ni.",fraud_unauthorized,aug:hausa:overlap:9,hausa,247
109,Hi support — The laptop screen flickers after only two weeks of normal use.,product_defect,template:product_defect:0,original,109
109_pidgin,"Wetin dey sup na, Hi support — The laptop screen flickers after only two weeks of normal use. Abeg make una help me.",product_defect,aug:pidgin:template:product_defect:0,pidgin,109
109_yoruba,Ó ṣeé ṣe kí Hi support — The laptop screen flickers after only two weeks of normal use. Mo ti rẹ.,product_defect,aug:yoruba:template:product_defect:0,yoruba,109
109_igbo,Hi support — The laptop screen flickers after only two weeks of normal use. Obi adịghị m mma.,product_defect,aug:igbo:template:product_defect:0,igbo,109
109_hausa,"Ina roko, Hi support — The laptop screen flickers after only two weeks of normal use. Na gaji da wannan.",product_defect,aug:hausa:template:product_defect:0,hausa,109
70,Flagging an issue: Agent said return was approved but warehouse team never sent label. Please advise.,refund_return,confusable:5,original,70
70_pidgin,"Abeg return my money, Flagging an issue: Agent said return was approved but warehouse team never...",refund_return,aug:pidgin:confusable:5,pidgin,70
70_yoruba,"E jọ, Flagging an issue: Agent said return was approved but warehouse team never sent label. jọ̀wọ́ advise. Mo ti rẹ.",refund_return,aug:yoruba:confusable:5,yoruba,70
70_igbo,Flagging an issue: Agent said return was approved but warehouse team never sent label. Please advise. Biko nyere m aka.,refund_return,aug:igbo:confusable:5,igbo,70
70_hausa,"Ina roko, Flagging an issue: Agent said return was approved but warehouse team never sent label. don Allah advise. Na gaji da wannan.",refund_return,aug:hausa:confusable:5,hausa,70
352,Flagging an issue: Shipment delayed two weeks — where is my package now? Please advise.,delivery_shipping,overlap:2,original,352
352_pidgin,Flagging an issue: Shipment delayed two weeks — where is my package now? abeg advise. This one no good at all.,delivery_shipping,aug:pidgin:overlap:2,pidgin,352
352_yoruba,Flagging an issue: Shipment delayed two weeks — where is my package now? jọ̀wọ́ advise.,delivery_shipping,aug:yoruba:overlap:2,yoruba,352
352_igbo,"Nna, Flagging an issue: Shipment delayed two weeks — where is my package now? biko advise.",delivery_shipping,aug:igbo:overlap:2,igbo,352
352_hausa,"Wannan ba daidai ba ne, Flagging an issue: Shipment delayed two weeks — where is my package now? Please advise. Na gaji da wannan.",delivery_shipping,aug:hausa:overlap:2,hausa,352
184,"Hello, Why am I still seeing membership charges after I clicked cancel last week?",subscription_cancel,confusable:8,original,184
184_pidgin,"how far, Why am I still seeing membership charges after I clicked cancel last week?",subscription_cancel,aug:pidgin:confusable:8,pidgin,184
184_igbo,"Biko, kedu, Why am I still seeing membership charges after I clicked cancel last week? Obi adịghị m mma.",subscription_cancel,aug:igbo:confusable:8,igbo,184
184_hausa,"Ina roko, Hello, Why am I still seeing membership charges after I clicked cancel last week? Na gaji da wannan.",subscription_cancel,aug:hausa:confusable:8,hausa,184
170,"Hello, Wallet charged for subscription I never activated after free trial ended silently.",fraud_unauthorized,template:fraud_unauthorized:4,original,170
170_pidgin,"Hello, Wallet dem charge me for subscription I never activated after free trial ended silently. I don tire for this matter.",fraud_unauthorized,aug:pidgin:template:fraud_unauthorized:4,pidgin,170
170_yoruba,"Hello, Wallet charged for subscription I never activated after free trial ended silently. Mo ti rẹ.",fraud_unauthorized,aug:yoruba:template:fraud_unauthorized:4,yoruba,170
170_hausa,"Ina roko, sannu, Wallet charged for subscription I never activated after free trial ended silently. Na gaji da wannan.",fraud_unauthorized,aug:hausa:template:fraud_unauthorized:4,hausa,170
93,Hi support — Representative gave conflicting answers about the same warranty claim.,customer_service,template:customer_service:2,original,93
93_pidgin,"Wetin dey sup na, Hi support — Representative gave conflicting answers about the same warranty claim.",customer_service,aug:pidgin:template:customer_service:2,pidgin,93
93_yoruba,Hi support — Representative gave conflicting answers about the same warranty claim. Mo ti rẹ.,customer_service,aug:yoruba:template:customer_service:2,yoruba,93
93_igbo,Biko kwe ka m kwuo na Hi support — Representative gave conflicting answers about the same warranty claim.,customer_service,aug:igbo:template:customer_service:2,igbo,93
93_hausa,"Don Allah, Hi support — Representative gave conflicting answers about the same warranty claim. Don Allah ku taimake ni.",customer_service,aug:hausa:template:customer_service:2,hausa,93
77,"Hello, Refund never posted back to my card after return was approved last month.",billing,confusable:1,original,77
77_pidgin,"Dem dey charge me Hello, Refund never posted back to my card after return was approved... wey I no authorize.",billing,aug:pidgin:confusable:1,pidgin,77
77_yoruba,"Ó ṣeé ṣe kí bawo ni, Refund never posted back to my card after return was approved last month. Mo ti rẹ.",billing,aug:yoruba:confusable:1,yoruba,77
77_igbo,"Biko kwe ka m kwuo na kedu, Refund never posted back to my card after return was approved last month. Biko nyere m aka.",billing,aug:igbo:confusable:1,igbo,77
77_hausa,"Don Allah, sannu, Refund never posted back to my card after return was approved last month. Don Allah ku taimake ni.",billing,aug:hausa:confusable:1,hausa,77
74,Flagging an issue: Warranty inspection completed but authorized repair was never scheduled. Please advise.,warranty_repair,overlap:1,original,74
74_pidgin,"Na unfair o, Flagging an wahala: Warranty inspection completed but authorized repair was never scheduled. Please advise. I don tire for this matter.",warranty_repair,aug:pidgin:overlap:1,pidgin,74
74_yoruba,"Ẹ jọ̀wọ́, Flagging an issue: Warranty inspection completed but authorized repair was never scheduled. Please advise. Ẹ ṣe iranlọwọ fún mi.",warranty_repair,aug:yoruba:overlap:1,yoruba,74
74_igbo,Biko kwe ka m kwuo na Flagging an issue: Warranty inspection completed but authorized repair was never scheduled. biko advise. Biko nyere m aka.,warranty_repair,aug:igbo:overlap:1,igbo,74
74_hausa,Flagging an issue: Warranty inspection completed but authorized repair was never scheduled. don Allah advise.,warranty_repair,aug:hausa:overlap:1,hausa,74
124,Hi support — Outer box intact yet internal foam was wet when parcel arrived.,delivery_shipping,confusable:16,original,124
124_pidgin,how far support — Outer box intact yet internal foam was wet when parcel arrived.,delivery_shipping,aug:pidgin:confusable:16,pidgin,124
124_yoruba,"Ẹ jọ̀wọ́, Hi support — Outer box intact yet internal foam was wet when parcel arrived.",delivery_shipping,aug:yoruba:confusable:16,yoruba,124
124_hausa,"Ina roko, Hi support — Outer box intact yet internal foam was wet when parcel arrived. Don Allah ku taimake ni.",delivery_shipping,aug:hausa:confusable:16,hausa,124
197,Return tracking shows received at warehouse five days ago with no credit.,refund_return,template:refund_return:6,original,197
197_pidgin,Omo Return tracking shows received at warehouse five days ago with no credit.,refund_return,aug:pidgin:template:refund_return:6,pidgin,197
197_yoruba,Mo ní pé Return tracking shows received at warehouse five days ago with no credit.,refund_return,aug:yoruba:template:refund_return:6,yoruba,197
197_igbo,"Nna, Return tracking shows received at warehouse five days ago with no credit. Obi adịghị m mma.",refund_return,aug:igbo:template:refund_return:6,igbo,197
197_hausa,"Wannan ba daidai ba ne, Return tracking shows received at warehouse five days ago with no credit. Na gaji da wannan.",refund_return,aug:hausa:template:refund_return:6,hausa,197
359,Flagging an issue: Support email promised response in twenty-four hours but no follow-up after a week. Please advise.,customer_service,template:customer_service:1,original,359
359_pidgin,Flagging an issue: support email promised response in twenty-four hours but no follow-up after a week. abeg advise. Abeg make una help me.,customer_service,aug:pidgin:template:customer_service:1,pidgin,359
359_yoruba,"E jọ, Flagging an issue: Support email promised response in twenty-four hours but no follow-up after a week. jọ̀wọ́ advise.",customer_service,aug:yoruba:template:customer_service:1,yoruba,359
359_igbo,Kedu ihe mere na Flagging an issue: Support email promised response in twenty-four hours but no follow-up after a week. biko advise. Biko nyere m aka.,customer_service,aug:igbo:template:customer_service:1,igbo,359
149,Flagging an issue: Exchange requested but warehouse sent a different color than approved. Please advise.,refund_return,template:refund_return:4,original,149
149_pidgin,Flagging an wahala: Exchange requested but warehouse sent a different color than approved. abeg advise.,refund_return,aug:pidgin:template:refund_return:4,pidgin,149
149_yoruba,"E jọ, Flagging an issue: Exchange requested but warehouse sent a different color than approved. jọ̀wọ́ advise. Ẹ ṣe iranlọwọ fún mi.",refund_return,aug:yoruba:template:refund_return:4,yoruba,149
149_igbo,"Nna, Flagging an issue: Exchange requested but warehouse sent a different color than approved. Please advise. Biko nyere m aka.",refund_return,aug:igbo:template:refund_return:4,igbo,149
149_hausa,Flagging an issue: Exchange requested but warehouse sent a different color than approved. Please advise. Na gaji da wannan.,refund_return,aug:hausa:template:refund_return:4,hausa,149
