Complaint ID,Consumer complaint narrative,Issue,Product,Sub-product,Sub-issue,Company,Date received,State,ZIP code,Company response to consumer,Submitted via
24228388,"I am submitting this complaint because TransUnion is reporting inaccurate derogatory information regarding my XXXX XXXX XXXX account. My account is currently open and in good standing ; however, TransUnion continues reporting a 30-day late payment that I dispute as inaccurate. This inaccurate reporting is negatively affecting my creditworthiness and does not accurately reflect my payment history. Pursuant to 15 U.S.C. 1681e ( b ), TransUnion is required to maintain reasonable procedures to assure the maximum possible accuracy of the information reported in consumer credit files. I am formally disputing the accuracy of this reported late payment and requesting a reasonable investigation as required by 15 U.S.C. 1681i. I specifically request that TransUnion provide competent documentary evidence supporting this reported delinquency, including : The complete payment history and account ledger. The contractual due date for the disputed payment. The date the payment was actually received and posted. The documentation obtained from XXXX XXXX XXXX supporting the reported late payment. The results of the reasonable investigation conducted in response to this dispute. Additionally, under 15 U.S.C. 1681s-2 ( b ), after receiving notice of a dispute, the furnisher is required to conduct a reasonable investigation, review all relevant information, and report only information that is accurate and complete. If TransUnion can not verify this reported late payment through competent documentary evidence, I request that it be immediately corrected or deleted from my credit report. Failure to comply with 15 U.S.C. 1681e ( b ), 1681i, and 1681s-2 ( b ) may constitute violations of the Fair Credit Reporting Act and may subject the responsible parties to liability under 15 U.S.C. 1681n and 1681o. I respectfully request that TransUnion correct or delete any information that can not be fully verified and ensure that my credit report accurately reflects my payment history.",Incorrect information on your report,Vehicle loan or lease,Loan,Account status incorrect,"TRANSUNION INTERMEDIATE HOLDINGS, INC.",2026-07-15T16:57:05.000Z,FL,33409,Closed with non-monetary relief,Web
24662117,"I am not liable for this debt with these following companies. I do not have a contract with these companies, They did not provide me with the original contract as i requested.",Attempts to collect debt not owed,Debt collection,Other debt,Debt is not yours,"TRANSUNION INTERMEDIATE HOLDINGS, INC.",2026-07-28T02:47:45.000Z,MS,39110,Closed with non-monetary relief,Web
24622801,"I went shopping at Macys & gave them my Macys credit card for my purchase, the cashier did ask me if i want to open a credit card for a discount & it will come in the mail & I can decline it if I want. The Credit card did come in the Mail & I thought it look just like my Macys card & I thought why do i need XXXX of the same card. So I did not activate it & called to have the card closed. Macys statements were coming in the mail, saying my card was late, so i would go to Macys to make a payment. They do not want you to bring the statements to make the payment, they want you to bring the card. So my payments were on my Macys card that I use. And then I was getting late payments from Macys Citi card that said i was late. So I called the number. That's when they told me the purchase i made was not put on my Macys card- it was put on the new credit card. I said I do not understand they never told me it was going to be put on another card, when i gave them my Macys card. And I told them I never activated the card that came in the mail. They said the statements were sent to me. I said both statement for both cards look exactly the same, same Macy logo and everything & since they do not want you to bring in the statements to make a payment, I would just bring in my Macys card & make a payment, some time XXXX or XXXX payments in a month. Not knowing there was a charge on another card that was never activated. I told them I do not mind paying my balance, but they want to charge me late fees. I said, I was mislead & tricked. I told them you can look at my payments, i have never been late paying my Macys bill.",Problem with a purchase shown on your statement,Credit card,General-purpose credit card or charge card,Card was charged for something you did not purchase with the card,"CITIBANK, N.A.",2026-07-27T02:10:18.000Z,CA,94015,Closed with monetary relief,Web
23937506,"To do what is fair to me as a consumer, delete and update my credit report as they are reporting inaccurate information that I have made them aware of but still keep reporting! This has caused me multiple denials and mental anguish that I can't even stand. I will not tolerate this anymore and will seek litigation if this is not handled!",Improper use of your report,Credit reporting or other personal consumer reports,Credit reporting,Reporting company used your report improperly,Experian Information Solutions Inc.,2026-07-07T13:13:05.000Z,NY,10128,Closed with explanation,Web
24631399,"XXXX XXXX XXXXe is refusing to place an auto loan into collections even though the vehicle is no longer in my possession. I have repeatedly contacted XXXX XXXX XXXX to resolve this, but they will not escalate my issue. Every time I call, customer service keeps me in a loop and refuses to transfer me to their credit or reporting department. I can not get a hold of anyone who can actually address the problem. Their refusal to investigate or escalate is preventing the account from being handled properly and is causing ongoing damage to my credit. I am requesting CFPB assistance to require XXXX XXXX XXXX XXXXo investigate and process the account correctly since I do not have the vehicle. I was even told that I needed to pay the pastdue amount before I could speak to the correct department, but after paying, I still could not reach anyone who could address the problem. I tried both the number they gave me and the number listed online, and neither led to the right department. These are predatory practices that prevent people from resolving their issues with XXXX XXXX XXXX",Problem with a company's investigation into an existing problem,Vehicle loan or lease,Loan,Difficulty submitting a dispute or getting information about a dispute over the phone,HYUNDAI CAPITAL AMERICA,2026-07-27T12:48:44.000Z,IL,60133,Closed with explanation,Web
24117757,"On XX/XX/year>, I submitted a formal Notice of Error and Request for Information regarding XXXX persistent servicing issues. First, I identified a recurring security error where my online portal profile repeatedly displayed unrelated, incorrect out-of-state addresses. Second, I identified a discrepancy between my account 's unpaid principal balance ( {$290000.00} ) and the inflated balance being reported to the credit bureaus ( {$290000.00} ). I explicitly requested a finalized, executed copy of my payment-deferral agreement and a written reconciliation of how the {$11000.00} deferred amount is being calculated and implemented. Guild Mortgage acknowledged receipt on XX/XX/year>, and committed to a response within XXXX business days. That deadline passed on XX/XX/year>, without any substantive response, specifically failing to provide the requested payment-deferral documentation or the requested accounting reconciliation. Consequently, these errors and the resulting credit reporting inaccuracies remain unresolved.",Problem with a company's investigation into an existing problem,Mortgage,Conventional home mortgage,Was not notified of investigation status or results,Guild Holdings Company,2026-07-12T15:27:49.000Z,NC,28786,Closed with explanation,Web
24612059,On XX/XX/year> I received a text message on XXXX XXXX about someone wanting to paint me for an exchange for promo and they would pay me XXXX since I have a pretty good following on social media. The person sent a digital check to my email and I tried to deposit it through the bank TRUIST but they put it on hold. Since it is the weekend I can not contact my bank until XXXX,Managing an account,Checking or savings account,Savings account,Deposits and withdrawals,TRUIST FINANCIAL CORPORATION,2026-07-26T05:39:43.000Z,FL,34208,Closed with explanation,Web
24000480,"I am filing this complaint against * * Southwest Credit Systems, L.P. * * regarding an alleged collection account that is being reported on my consumer credit reports. I dispute this account in its entirety and request that it be investigated immediately. According to my credit reports, Southwest Credit Systems began reporting this alleged collection account on or about * * XX/XX/year> * *, with an alleged balance of * * {$1100.00} * *. I do not recognize this debt, have no knowledge of any legal obligation for this account, and have not been provided any documentation establishing that I am responsible for the alleged balance. Despite this account being reported to the nationwide consumer reporting agencies, I have not received sufficient evidence demonstrating that the information being furnished is complete and accurate. The continued reporting of an unverified account has negatively impacted my credit profile and my ability to obtain favorable credit. I formally dispute this account and demand that Southwest Credit Systems conduct a thorough and reasonable investigation rather than relying solely on automated verification procedures or internal records. Specifically, I demand that Southwest Credit Systems provide : * The name of the Original Creditor. * The original account number associated with the alleged debt. * A copy of the original signed contract or account agreement establishing my legal responsibility. * A complete account history from the Original Creditor. * A complete chain of assignment or transfer showing how Southwest Credit Systems obtained the legal right to collect or report this alleged debt. * Documentation proving Southwest Credit Systems has the legal authority to collect this account. * A complete itemization explaining how the alleged balance of * * {$1100.00} * * was calculated. * Documentation supporting every piece of information currently being furnished to XXXX XXXX XXXX XXXX Under the * * Fair Credit Reporting Act ( FCRA ) * *, companies that furnish information to consumer reporting agencies are required to report information that is complete and accurate and must conduct a reasonable investigation when a consumer disputes the accuracy of an account. If Southwest Credit Systems can not produce competent documentary evidence establishing that I am legally responsible for this alleged debt, I demand that the account be * * immediately deleted * * from * XXXX XXXX XXXX XXXX XXXX XXXX XXXX I further request that the * * Consumer Financial Protection Bureau * * ensure that Southwest Credit Systems fully complies with its obligations under the Fair Credit Reporting Act by conducting a legitimate investigation supported by documentary evidence rather than conclusory statements that the account has been "" verified. '' I will not accept a generic verification response without supporting documentation. If Southwest Credit Systems continues reporting this account, it should be prepared to produce competent evidence establishing both my legal responsibility for the alleged debt and the accuracy of every item of information being furnished. If it can not do so, the account should be removed immediately, and I reserve all rights available under federal and applicable state law.",Took or threatened to take negative or legal action,Debt collection,I do not know,Threatened or suggested your credit would be damaged,"Southwest Credit Systems, L.P.",2026-07-08T21:33:25.000Z,IL,60160,Closed with non-monetary relief,Web
24383812,"This company is breaking the law by failing to provide proper validation details as required under 12 CFR 1006.34 ( b ) ( 5 ). Despite this, theyve re added a collection to my report for each validation I am entitled {$1000.00}. They must either compensate me or remove these account immediately",Took or threatened to take negative or legal action,Debt collection,I do not know,Threatened or suggested your credit would be damaged,"First Federal Credit Control, Inc.",2026-07-20T16:21:06.000Z,PA,19335,Closed with explanation,Web
24738329,"Credit Control XXXX XXXX XXXX XXXX XXXX XXXX, XXXX XXXX XXXX XXXX, MO XXXX To Whom It May Concern : I am writing this letter in response to your communications regarding the alleged debt referenced above. This is not a refusal to pay, but a formal notice that your claim is disputed and that I am requesting validation of this debt pursuant to my rights under the Fair Debt Collection Practices Act ( FDCPA ), 15 U.S.C. 1692g, and the Fair Credit Reporting Act ( FCRA ), 15 U.S.C. 1681s-2 ( b ). To date, you have failed to provide any competent evidence that I have a legal obligation to pay you. Please provide the following information so that I may verify the validity of this claim : Proof of Authorization : A copy of the original signed contract or agreement creating the debt. Verification of Amount : A complete payment history or ledger showing how the alleged balance was calculated, including all interest, fees, and credits. Proof of Ownership : Documentation proving that you have the legal right to collect this debt ( e.g., a bill of sale or assignment from the original creditor ). Licensing : Proof that you are licensed to collect debts in my home state. Furthermore, under the FCRA, you are required to report accurate information to credit bureaus. Since this debt is currently unverified and disputed, any reporting of this account to credit reporting agencies without noting it as "" disputed '' is a violation of federal law. If you can not provide the requested documentation within XXXX days, you must cease all collection activity and remove any mention of this account from my credit reports immediately. Please be advised that I am aware of my rights. If you continue to pursue collection or report inaccurate information without providing validation, I will not hesitate to file a formal complaint with the Consumer Financial Protection Bureau ( CFPB ) and my State Attorney General XXXX office. I look forward to your prompt response. Sincerely,",False statements or representation,Debt collection,I do not know,Attempted to collect wrong amount,"Credit Control, LLC",2026-07-29T19:28:41.000Z,PR,00680,Closed with explanation,Web
24684881,This company is trying to collect a debt that I don't owe them. It's negatively affecting my credit report.,Attempts to collect debt not owed,Debt collection,I do not know,Debt is not yours,"FAIR COLLECTIONS & OUTSOURCING, INC.",2026-07-28T17:09:10.000Z,MD,20852,Closed with explanation,Web
24003456,"XXXX XX/XX/year> I was summoned for an over the limit by {$250.00} on my Wells Fargo XXXX. I have. Not received statements in more than a year nor can I get access on line. My contact information : XXXX XXXX XXXX : XXXX Mailing Address : : XXXX XXXX XXXX XXXX XXXX GA, XXXX",Took or threatened to take negative or legal action,Debt collection,Credit card debt,Sued you without properly notifying you of lawsuit,WELLS FARGO & COMPANY,2026-07-08T22:28:08.000Z,GA,30809,Closed with explanation,Web
24688471,"my checking account has been closed around XX/XX/XXXX with about {$6000.00} still in the account. Sine then Ive been calling Citi bank to find out the reason at first I was told theres no information they can give me then I was previously told that a check for my remaining balance had already been mailed and would arrive within 1015 business days thats was XX/XX/XXXX. Today I was told no check was ever sent and that my {$6000.00} would not be returned, the reason it has not been returned has not been established",Managing an account,Checking or savings account,CD (Certificate of Deposit),Deposits or withdrawals,"CITIBANK, N.A.",2026-07-28T18:06:39.000Z,NY,10029,Closed with explanation,Web
24537022,"This CFPB complaint has been filed to request pursuant to FCRA 605B ( 15 U.S.C. 1681c-2 ) XXXXXXXX XXXX you -- credit reporting agency, block information appearing on my consumer credit report that is the result of identity theft and fraud within XXXX business days of you receiving this complaint. I am concerned about the validity and accuracy of your recent investigation of these accounts that are reporting on my credit report. Last month I requested an investigation because I felt the item was not being reported legally. Couple of days ago I received a letter stating that you have ceased investigation of my credit reports because, in your opinion, you believe that I have used a third party credit repair agency. Not only do I believe this to be a stall tactic on your part to XXXX you an additional XXXX days to comply with my original request, but I believe it to be a blatant violation of the FCRA. I have attached a copy of my government issued ID as well as mail showing proof of address. So, there shouldnt be any confusion or stall tactics on your end.",Improper use of your report,Credit reporting or other personal consumer reports,Credit reporting,Reporting company used your report improperly,"TRANSUNION INTERMEDIATE HOLDINGS, INC.",2026-07-23T21:02:59.000Z,TX,79928,Closed with explanation,Web
24204324,"My XXXX XXXX XXXX with the XXXX XXXX XXXX filed a modification under the map program about XX/XX/year>, we had until XX/XX/year> to get all documents that US Bank requested in, we uploaded all documents on or about XX/XX/year>, XXXX weeks of current pay stubs, death certificate ( which Us bank has lost muliple time ) and an explanation why I'm using a XXXX XXXXXXXX instead of the home address. I recieved a letter from Us Bank saying all documents recieved and we are in review. On XX/XX/year> XXXX Bank closed our map and side they never recieved XXXX documents. My attorney and I have all emails and comfermations of Us Bank recieved said documentents.. I learned they closed the map when I called on XXXX, 2026 and was informed by the customer service agent. This conversation was recorded. I had until XX/XX/year> to get all documents in, Us Bank never reached out to either myself or my attorney for any additional documents or even asking for the documents they claim they never recieved. Us Bank costomer service agents on XX/XX/XXXX, XXXX. XXXX, 2026 all addmitted that Us Bank screwed up with prematuring closing the map when they should not of closed it, we still had 9 days to the XXXX of XX/XX/year>,",Struggling to pay mortgage,Mortgage,Conventional home mortgage,"Applying for or obtaining a modification, forbearance plan, short sale, or deed-in-lieu",U.S. BANCORP,2026-07-15T00:51:25.000Z,WA,98371,Closed with explanation,Web
24404303,"I am filing this complaint regarding a disputed hotel charge that was denied by Bank of America despite my repeated and well-documented efforts to resolve the matter directly with both the hotel and Booking.com before filing a dispute. I booked a hotel reservation through XXXX for a stay scheduled from XX/XX/year> through XX/XX/year>. On XX/XX/year>, prior to the scheduled check-in date, I attempted to cancel the reservation and contacted both Booking.com and the hotel multiple times in an effort to resolve the issue in good faith. During these communications, XXXX repeatedly informed me that they were attempting to contact the hotel regarding my cancellation request. However, when I directly contacted the hotel multiple times, hotel representatives clearly stated that XXXX had never contacted them regarding my request. I have text message evidence from the hotel supporting this statement. Despite my repeated efforts and cooperation before the stay dates, the cancellation was never properly handled, and no resolution or refund was provided. Most importantly, I never checked into the hotel, never used the reservation, and never received any services associated with this charge. I then filed a dispute with Bank of America and fully explained the circumstances surrounding this matter. I submitted documentation showing my repeated attempts to cancel the reservation before the scheduled stay, my communications with both Booking.com and the hotel, and evidence supporting my claim. However, my dispute was denied primarily based on the merchants cancellation policy. Bank of America denied my dispute primarily based on the merchants refund policy without adequately addressing the evidence I submitted. I provided documentation showing that I attempted to cancel before the check-in date, communicated repeatedly with both Booking.com and the hotel, and never received the booked services. I believe the bank failed to conduct a reasonable investigation and did not properly consider all relevant evidence before denying my claim. I believe this matter warrants a fair and thorough re-evaluation for the following reasons : * I attempted to cancel the reservation on XX/XX/year>, before the scheduled stay dates of February 2427, 2026. * I made repeated efforts to resolve the issue directly with both Booking.com and the hotel. * The hotel confirmed that XXXX never contacted them despite informing me otherwise. * I have supporting evidence, including text messages from the hotel and dispute documentation. * I never checked into the hotel and never received or used any services associated with this reservation. Given these circumstances, I respectfully request that Bank of America reopen and fairly re-evaluate my dispute, carefully review all supporting documentation and evidence, explain how my evidence was evaluated, and provide the appropriate relief if the investigation determines that the charge was improperly upheld. I also request confirmation that my evidence has been fully considered in accordance with applicable consumer protection requirements. Thank you for your time and attention to this matter.",Problem with a purchase shown on your statement,Credit card,General-purpose credit card or charge card,Credit card company isn't resolving a dispute about a purchase on your statement,"BANK OF AMERICA, NATIONAL ASSOCIATION",2026-07-20T23:59:54.000Z,NJ,07304,Closed with explanation,Web
24534746,"RE : Billing Error Dispute, Coercive Credit Reporting, and Breach of Verbal AgreementI am filing this formal complaint against Citibank , N.A . regarding my co-branded My Best Buy Credit Card account. Citibank has repeatedly violated my consumer rights under the Fair Credit Billing Act ( FCBA ) and the Fair Credit Reporting Act ( FCRA ). XXXX. The FCBA Violation ( Billing Error/Non-Delivery ) : I purchased a premium item from Best Buy. The merchant delivered a lower-tier, cheaper model instead. Under 15 U.S.C. 1666, this constitutes a billing error as "" goods or services not delivered to the obligor as agreed. '' I provided physical proof from the Best Buy website and a Best Buy store supervisor 's written verification proving the model mismatch. Citibank illegally refused to investigate, repeatedly hiding behind a "" merchant cancellation/return policy. '' A merchant 's return policy can not legally abrogate my federal FCBA rights regarding the non-delivery of an agreed-upon item. The total disputed balance resulting from this non-delivery is {$570.00}. XXXXThe FCRA and Coercive Collection Violation : Citibank subsequently reported this fraudulent balance to the credit bureaus. Citibank explicitly stated in writing that the only way the dispute note would be removed from my credit profile is if I paid the fraudulent balance in full. This is a coercive, predatory collection tactic and a direct violation of the FCRA ( 15 U.S.C. 1681s-2 ) for reporting inaccurate information and failing to conduct a reasonable investigation. XXXX. Verbal Settlement & Admission : On XX/XX/year>, I spoke with a XXXX named XXXX from the Best Buy XXXX XXXX XXXX ( the servicing division for this Citibank account ). Upon being informed that I filed federal complaints with the FTC and CFPB, XXXX reviewed the file and admitted on a recorded line that "" the third party never responded to them. '' She explicitly stated that Best Buy would be in contact within XXXX hours to refund my money and told me not to worry.",Problem with a purchase shown on your statement,Credit card,General-purpose credit card or charge card,Credit card company isn't resolving a dispute about a purchase on your statement,"CITIBANK, N.A.",2026-07-23T20:05:15.000Z,PA,15235,Closed with explanation,Web
23994280,"Subject : Severe FDCPA and FCRA Violations : Fraud upon the Court, Deceptive Litigation, and Credit Defamation by LVNV Funding LLC [ XXXX, XXXX ] and their legal representative XXXX XXXX XXXX, XXXX, specific attorney : XXXX XXXX I am filing this formal complaint against LVNV Funding LLC and their legal counsel for egregious violations of the Fair Debt Collection Practices Act ( FDCPA ), specifically 15 U.S.C. 1692e ( False or Misleading Representations ), and the Fair Credit Reporting Act ( FCRA ). LVNV Funding LLC initiated a debt collection lawsuit against me. During the active timeline of this case, their legal counsel explicitly stated to me via written email and recorded telephonic communications that I did not need to go to court because the case and the multiple other listings on my credit reports "" would be dropped under a hardship discharge. '' Relying on this official representation from an officer of the court, I believed the legal matter was finalized and closed. However, XXXX months later, LVNV Funding LLC and its attorney secretly went back to the courtwithout my knowledge, notice, or serviceand fraudulently obtained a default judgment against me. This is a malicious "" sewer service '' tactic designed to intentionally deprive me of my constitutional right to due process and defense. I possess irrefutable evidence of this deception, including the electronic emails and audio recordings of the attorney making these false claims. To compound this harassment, LVNV Funding LLC is engaging in unlawful multiple reporting. They have XXXX additional duplicate tradelines on my Equifax, Experian, and TransUnion credit files for what originates from the same financial profiles or are unconfirmable. This artificial inflation of alleged accounts severely penalizes my XXXX XXXX. I am an individual oXXXX XXXX XXXX and my sole income consists of XXXX XXXX XXXX XXXX XXXX ), which are entirely exempt from garnishment or collection under federal law. LVNV Funding and its legal counsel are knowingly utilizing fraudulent litigation tactics to intimidate a protected, judgment-proof disabled citizen. Note : The company was notified of these issues and had no response during recorded phone calls on XX/XX/year>. I am not going to relinquish the recordings or emails at this time. If this is not resolved, I will turn them over to a local consumer attorney to pursue this further in all possible formats Desired Resolution : Immediate deletion of all XXXX LVNV Funding tradelines and suppression of the fraudulent judgment from all credit bureaus. Complete dismissal of the lawsuit and vacating of the fraudulently obtained judgment. Cease and desist all further collection activities, legal actions, and contact regarding these alleged accounts.",Took or threatened to take negative or legal action,Debt collection,I do not know,Collected or attempted to collect exempt funds,Resurgent Capital Services L.P.,2026-07-08T18:52:33.000Z,AL,359XX,Closed with non-monetary relief,Web
24696438,"I explained that I had new information and wished to dispute those transactions as unauthorized. In addition to my statement that these transactions were unauthorized, I have since filed a police report with my local police department, and law enforcement is actively investigating the fraud. This constitutes new information that I believe should have been considered by the bank and warranted reopening or accepting my fraud claims for investigation. I repeatedly requested that the bank accept and investigate my fraud claims. Instead, XXXX, phone number XXXX ( XXXX ) XXXX, refused to file the claims. I believe M & T Banks repeated refusal to accept or investigate my claims may have violated my rights under the Electronic Fund Transfer Act ( 15 U.S.C. 1693 et seq. ) and Regulation E ( 12 C.F.R. Part 1005 ). Regulation E provides consumers with the right to report unauthorized electronic fund transfers and requires financial institutions to investigate qualifying notices of error. Rather than accepting my claims and making a determination based on an investigation, I was prevented from filing the claims altogether despite presenting new information and continuing to dispute the transactions as unauthorized. The conversation continued for approximately ten minutes and became increasingly hostile. XXXX repeatedly raised his voice and ultimately shouted at me. I asked him multiple times to stop raising his voice because his behavior was unprofessional. He responded by stating, Because youre not listening. As a consumer, I believed I should at least be permitted to submit a claim for investigation, even if the bank ultimately determined the claim lacked merit. Instead, I was prevented from even initiating the dispute process for these transactions. I am also concerned that my XXXX impairment was used against me during this process rather than reasonably accommodated. I specifically informed XXXX that my XXXX XXXX limits my ability to carefully review my banking activity and identify unauthorized transactions. Rather than taking this into consideration, I believe my XXXX was effectively used against me during the fraud investigation. As a result, I feel that I was treated differently because of my XXXX and that I was denied a fair opportunity to report and dispute unauthorized transactions. Due to XXXX conduct, I no longer feel comfortable having him manage or oversee any aspect of my banking relationship.",Managing an account,Checking or savings account,Checking account,Problem accessing account,M&T BANK CORPORATION,2026-07-28T20:49:55.000Z,MA,022XX,Closed with explanation,Web
24506166,IC SYSTEM INC is falsely reporting on my credit. I have never had any accounts with them. Per my research IC SYSTEM INC is a debt collector. They are falsely reporting on my credit!! Account number iXXXX XXXX XXXX is falsely reporting to my credit file and is against my rights and fair credit act. Under U.S Code 1618d - Disclosure of investigation consumer report ; you are in violation.,Attempts to collect debt not owed,Debt collection,I do not know,Debt was result of identity theft,"I.C. System, Inc.",2026-07-23T04:55:07.000Z,AL,35020,Closed with explanation,Web
24233091,"I am filing this complaint because Barclays Bank Delaware is reporting an account on my consumer credit reports that is materially misleading and continues to negatively affect my credit profile. The account is being reported as an Authorized User account. I was never the primary account holder and was never contractually responsible for repayment of this debt. Despite this, Barclays is reporting severe derogatory payment history, including XXXX, XXXX, and XXXX late payments, which creates the false impression that I was legally responsible for the account 's payment performance. The account has also been closed by the creditor and currently reports a XXXX balance, yet the derogatory payment history continues to damage my credit profile. As an authorized user, I did not enter into the underlying credit agreement with Barclays and did not assume contractual liability for repayment. Reporting derogatory payment history under these circumstances is misleading and warrants a thorough investigation. I am requesting that Barclays conduct a reasonable investigation and provide documentation demonstrating : - That I was legally obligated for this account. - That the derogatory payment history is accurately attributable to me. - The legal basis for continuing to report this account with negative payment history against my consumer credit file. If Barclays can not provide competent documentation supporting the continued reporting of this derogatory information, I request that the account and its associated negative payment history be removed from all consumer reporting agencies. I also request that Barclays ensure any information furnished to XXXX XXXX XXXX XXXX complies with the Fair Credit Reporting Act 's accuracy requirements.",Incorrect information on your report,Credit card,General-purpose credit card or charge card,Account status incorrect,BARCLAYS BANK DELAWARE,2026-07-15T17:56:53.000Z,CA,92867,Closed with explanation,Web
24526421,"b'I am writing to formally request the blocking and deletion of all accounts associated with my personal information due to the recent data breach.\n\nXXXX 7778 08/01/2017 -- $0 \n\nXXXX XXXX 7256 06/01/2022 -- $383 \n\nXXXX XXXX 0129 07/01/2023 -- $1,362\n\nCCB/XXXX 3996 08/01/2023 -- $383 \n\nXXXX BANK NA XXXX 09/01/2018 -- $0 \n\nXXXX 3760 01/01/2022 -- $3,272 \n\nXXXX 0003 10/01/2025 -- $2,305 \n\nINQUIRIES:\n\nFINWISE/UPST 07/03/2026 \nXXXX XXXX XXXX 06/28/2026'",Improper use of your report,Credit reporting or other personal consumer reports,Credit reporting,Reporting company used your report improperly,"TRANSUNION INTERMEDIATE HOLDINGS, INC.",2026-07-23T17:24:14.000Z,TX,789XX,Closed with explanation,Web
24292124,I was work with XXXX ( debt consolidation company ) which is a debt consolidation company. They have been handling my payments to XXXX XXXX since XXXX. They had a glitch in their system which caused a few late payments. They paid off XXXX XXXX in XXXX and asked for the late payments to be removed. I have tried to talk to XXXX XXXX by phone and email. They refuse to talk to me about my own account. On my credit report they have reported different months for late payments. It was paid off in XXXX so there is no way that month should even be on the credit report. I called today because I believe I have a credit balance now and they owe me money due to overpayment by XXXX XXXX. They refuse to talk to me about my own account. The worst credit card company ever,Problem with a company's investigation into an existing problem,Credit card,General-purpose credit card or charge card,Difficulty submitting a dispute or getting information about a dispute over the phone,"Continental Finance Company, LLC",2026-07-17T01:17:48.000Z,VA,23454,Closed with explanation,Web
24031824,I have disputed a collection on my credit report that does not belong to me and have no knowledge of at all!,Took or threatened to take negative or legal action,Debt collection,Telecommunications debt,Threatened or suggested your credit would be damaged,CL Holdings LLC,2026-07-09T16:51:15.000Z,IL,60901,Closed with non-monetary relief,Web
24231537,"I am filing a complaint because XXXXXXXX XXXX XXXX XXXX XXXX XXXX XXXX XXXX XXXX XXXX XXXX is reporting inaccurate and inconsistent information regarding my auto loan in violation of the Fair Credit Reporting Act ( XXXX5 U.S.C . 1681s-2 ( b ) ). The information reported to Equifax , Experian, and Transunion is materially inconsistent. Specifically : -Creditor name is inaccurate and inconsistent -Date opened is inaccurate -Past Due Amount -Number of Months -Payment status is inaccurate -Date of last activity is inaccurate -Monthly Payment is inaccurate -Date of last payment -The information reported differs among all three nationwide consumer reporting agencies The same account can not lawfully have different historical information across three nationwide consumer reporting agencies if it is being reported accurately. I have disputed inaccuracies directly with the furnisher and requested that they conduct a reasonable investigation and review their original records. If the information can not be verified with competent evidence, it must be deleted. Failure to conduct a reasonable investigation or continued reporting of inaccurate information may constitute violations of the Fair Credit Reporting Act. See 15 U.S.C. 1681s-2 ( a ) ( accuracy of information furnished ) and 15 U.S.C 1681s-2 ( b ) ( duties after dispute ). If XXXX XXXX XXXX XXXX XXXX not substantiate every disputed data field with competent business records, I request to immediately delete the inaccurate information with Equifax , Experian, and Transunion.",Incorrect information on your report,Credit reporting or other personal consumer reports,Credit reporting,Account information incorrect,"TRANSUNION INTERMEDIATE HOLDINGS, INC.",2026-07-15T18:32:30.000Z,AL,368XX,Closed with explanation,Web
24640769,"I am.XXXX with XXXX XXXX for 40 years and chronic XXXX XXXX. I have a hard time concentrating and on-time. I have disputed this card for years.i did finally get a letter from encode bank stating that I didnt have a checking acct at their bank ever .the check CITI provided HAS NO DATE NO NAME NO ADDRESS HOW IS THAT CONSIDER3D MINE? I CAN SEND ENCORE LETTER THAT I HAVE NOW PROVES I DIDNT HAVE THAT ACCT .. the 28 of 60 statements and no contract with fake check is all lies .U GOT CITIBANK IN TROUBLE FOR XXXX FALSE VEDT CASES LIKE MINE CAN U ELABORATE THIS TO SHOW CITIBANK PARTICIPATION IN FRAUD AND DECEPTIVE ADD ONS? .I missed a court service not where XXXX lived and this debt got put against me.. it is false debt and.is trash .. if so the statements u pulled from the XXXX XXXX dollar case would show that had an add on jobloss Insurance plan .. I had them.on all accts I couldn't pay .. I didnt have this acct with citi had a different fully paid acct with them for less of owed .. if u have the records in XXXX u subpoena from XXXX XXXX then this acct will be there if is unDer someone else 's name .i need this as proof this is not mydebt.there are no purchases, no payments XXXX dollar check paying a XXXX $ payment on XXXX? When someone is broke they dont pay extra? They say the debt was not paid and that would constitute an arbitration. Clause i wasn't offered either .. THIS DEBT HAD A ROBO SIGNER XXXX XXXX XXXX which u have had listed in many of these lawsuits as chief financial officer .. how can she sign for 2000 people a. Day and have personal knowledge of what? The 2015 will prove or disprove if u didnt get that acct number or if u got the one I legit had.. was like XXXX or something .. this XXXX is bogus .. PLEASE I BEG U TO LOOK THIS UP I WILL PAY ANYTHING TO U .. THEY ARE STEALING MY MONEY ON on false paperwork I live in my car now from them taking 25 percent of my check.i swear I will take polygraph to verify.please find that either during the XXXX XXXX XXXX XXXX suit u did or didnt find this acct or any acct my name.i need this for court .. they have judgement against me because missed court date and this all started .I will give u access to all my information .. I CAN UPLOAD THIS ENCORE LETTER IF NEED TO SHOW NOT MY ACCT.. THE STATENENTS CITI PROVIDED ARE NOT MINE BUT THEY PUT MY NAME ON SOME OF THEM.ONE OF THEM IS SAME MONTH AND IS DIFFERNET LOGOS I CAN CIRCLE AND SEND .. CAN U PLEASE CHECK FOR THIS ACCT IN YOUR PULL OF RECIRDS IN THE XXXX XXXX SUIT I CAN NOT LIVE LIKE THIS A BUM .. I AM SICK AND PARTIALLY DISABLED .. THIS IS A CRUEL MISJUSTICE .. IF U SEND LETTER U FOUND ACCT OR ANY ACCT I HAD THIS WILL EXPLAIN .. THEY OWENED THE ACCT IT DONT MATTER IF SOLD.U HAVE THE I FORMATION PLEASE HELP",Problem with a company's investigation into an existing problem,Credit card,General-purpose credit card or charge card,Problem with personal statement of dispute,"CITIBANK, N.A.",2026-07-27T16:51:53.000Z,FL,339XX,Closed with explanation,Web
24644353,XXXX XXXX XXXX went out of business XX/XX/XXXX. I had begun an agreement with them on XX/XX/XXXX. I never was able to finish my treatment and receive my retainers due to the company shutting down before I could receive it. The company wanted me to finish making payments but did not fulfill their end of the contract. They sold my debt to TekCollect who wants me to pay more than my original contract.,Written notification about debt,Debt collection,I do not know,Didn't receive notice of right to dispute,TekCollect Inc.,2026-07-27T17:56:13.000Z,AL,351XX,Closed with explanation,Web
24016112,"I received an escrow analysis notice on XX/XX/XXXX of a significant increase in my mortgage payment due to an escrow shortage of approximately {$9800.00} from Onity Mortgage. My understanding is that my property taxes was reassessed two years ago when I purchased the home in XX/XX/XXXX. However, it appears that my Onity Mortgage was only collecting about {$800.00} annually due to the previous home owners property tax assessment. Onity Mortage has sent me escrow analysis statements on XX/XX/XXXX, and XX/XX/XXXX. Which states that the county tax was {$800.00}. On XX/XX/XXXX, I received the escrow analysis statement, and now the property tax is {$8500.00}. I reached out to Onity Mortgage, and I was instructed to contact my County Tax Office and ask why the property tax has greatly increased. After speaking with the XXXX XXXX XXXX XXXX XXXX, they said that Onity Mortgage has been paying the correct property tax this entire time, but failed to adjust my monthly mortgage payment accordingly. My monthly mortage payment has increased {$1100.00} due to this Onity Mortgage negligence, and now my family is struggling to keep the house.",Struggling to pay mortgage,Mortgage,Conventional home mortgage,"Trying to communicate with the company to fix an issue related to modification, forbearance, short sale, deed-in-lieu, bankruptcy, or foreclosure",Ocwen Financial Corporation,2026-07-09T05:59:53.000Z,CA,93906,Closed with explanation,Web
24428264,"Dear CFPB, I am writing to formally request the removal of an inaccurate medical collection account from my credit report. When I reviewed my credit report, I discovered a collection account related to an emergency room visit in XXXX XXXX, Texas. I immediately disputed the account because I believed it was reported in error. Unfortunately, my dispute was denied. After my dispute was denied, I contacted both my health insurance company and the collection agency to understand how this debt was created. My health insurance company informed me that they have no record of ever receiving a claim or medical bill for services allegedly provided on XX/XX/year>. Since my insurance was never billed, they were never given the opportunity to process or pay the claim. I then contacted the collection agency, and they informed me that the emergency room had reported my information incorrectly, including my name and my date of birth. They also told me that the medical bill was sent directly to collections on the very same day of the alleged service, instead of first being submitted to my insurance company. As a result, my insurance never received the claim. The collection agency also told me that I could pay {$370.00} for them to pursue a legal dispute on my behalf to avoid paying the full medical bill. However, I do not believe I should have to pay to correct an error that was caused by the medical provider. I also attempted to contact the emergency room directly. They told me they have no record of treating me on XX/XX/year>, and therefore could not provide any additional information regarding this account. I have made every reasonable effort to resolve this issue by contacting my insurance company, the collection agency, and the medical provider. Unfortunately, no one has been able to correct the error or provide a valid explanation for why this account was reported. Because this account appears to have been reported using incorrect personal information and without first billing my insurance, I respectfully request that you conduct a thorough reinvestigation and remove this inaccurate collection account from my credit report in accordance with the Fair Credit Reporting Act ( FCRA ). Thank you for your time and consideration. I appreciate your prompt attention to this matter and look forward to your response. Sincerely, XXXX XXXX XXXX XXXX",Written notification about debt,Debt collection,Medical debt,Didn't receive enough information to verify debt,"Ability Recovery Services, LLC",2026-07-21T15:02:27.000Z,TX,777XX,Closed with explanation,Web
24153505,"I reached an agreement to pay a debt of {$3800.00} up till XX/XX/year>. I am honoring the agreement reached by making payment within the payment window but to my surprise they changed payment portal without informing me about the change and I called to speak with a representative but to no avail. Also, I realized the outstanding amount owed is not reflected in the payment portal set by the debt collector. Furthermore, I reached out to them to express my concerns only for me to be hearing some funny statement that we have to reach another agreement which to me is inappropriate, inaccurate and fraudulent. The associate I spoke with XXXX XXXX at XXXX XXXX. I am planning to expedite the balance of payment remaining ( {$2700.00} ) which is still within the deadline for my final payment of XX/XX/year> ). As at today that I am lodging this complaint, I called with the intention of paying {$1000.00} to reduce the outstanding balance to {$1700.00} but because the previous payment of {$1100.00} paid so far is not accurately captured. I am losing confidence in making further payment when I am not certain it is going to be adequately account for.",False statements or representation,Debt collection,Credit card debt,Attempted to collect wrong amount,"CITIBANK, N.A.",2026-07-13T22:24:22.000Z,CO,80134,Closed with explanation,Web
24439432,I started back in the beginning of XXXX talking to my mortgage company about getting help with my mortgage payments and to get solutions. They told me that they would send package for me to fill out and the XXXX XXXX packets I never received in the mail. I finally at the end of XXXX got a packet to fill out and send back to them and they told me they never got it so I had a another packet sent to me to fill out to get help with my mortgage payments which was the beginning of XXXX and I filled it out and had all the paperwork required and this time I faxed it and they finally got it because I called to make sure they had it and they were processing it. My single point of contact told they were going to try XXXX for a deferment but that failed i was told but I never got anything in writing telling me that and they were going to try for a forbearance but that never happened. They also would not take half payments from me and now I am being told that I am in foreclosure I don't want to XXXX my house. I also XXXX to apply for repayment plan at least that is what my single point of contact says he is doing. I need assistance in obtaining something in writing that has total amount due for reinstatement but my single point of contact says they can't get it. Please help me .XXXX XXXX XXXX,Struggling to pay mortgage,Mortgage,Other type of mortgage,"Trying to communicate with the company to fix an issue related to modification, forbearance, short sale, deed-in-lieu, bankruptcy, or foreclosure","Shellpoint Partners, LLC",2026-07-21T19:02:23.000Z,IN,466XX,Closed with explanation,Web
24625158,"This collector is attempting to collect and report a debt they claim I owe on a former utility account ( XXXX XXXX XXXX ), in the amount of approximately {$5200.00}. On XX/XX/year>, I sent this collector a written debt validation request by certified mail, addressed to the collection address associated with this account : XXXX XXXX XXXX XXXX XXXX XXXX XXXX My request asked the collector to validate the debt under the Fair Debt Collection Practices Act, 15 U.S.C. 1692g specifically verification of the amount claimed, proof of their right to collect this account, and identification of the original creditor. The certified mailing was never delivered. USPS tracking shows the item reached the XXXX XXXX XXXX XXXX XXXX XXXX XXXXXX/XX/year>, and on XX/XX/year> was marked "" FORWARD EXPIRED. '' The envelope was returned to me bearing a USPS notice dated XX/XX/year> reading "" RETURN TO SENDER NOT DELIVERABLE AS ADDRESSED UNABLE TO FORWARD. '' I have retained the returned envelope and the full USPS tracking record. This indicates the collector vacated the address it uses for consumer correspondence and allowed its mail forwarding to lapse, while continuing to pursue and report this account. On my own, I located an alternate address and re-sent the same validation request by certified mail on XX/XX/year>. I am filing this complaint because the collector 's use of a non-functioning mailing address obstructed my ability to exercise my validation and dispute rights under 1692g. I request that the company either ( XXXX ) provide full, competent validation of this debt, or ( XXXX ) cease collection and delete the associated tradeline from all consumer reporting agencies.",Written notification about debt,Debt collection,Credit card debt,Didn't receive enough information to verify debt,Penn Credit Corporation,2026-07-27T05:13:33.000Z,PA,19132,Closed with explanation,Web
24179581,"On XX/XX/XXXXXXXX XXXX XXXX Rubin & Rothman , LLC, on behalf of XXXX XXXX XXXX XXXXXXXX, filed a debt collection lawsuit against XXXX XXXX XXXX XXXX XXXX XXXX XXXX XXXX XXXX XXXX XXXX XXXX XXXX XXXX XXXX XXXX XXXX XXXX XXXX XXXX XXXX XXXX XXXX XXXXXXXX, Massachusetts ( Docket No. XXXX ). My legal name is XXXX XXXX XXXX XXXX XXXX XXXX XXXX XXXX XXXX XXXX XXXX XXXX XXXX XXXX '' is not my name, has never been my name, and is not an alias or former name. This is not a minor typographical errorthe middle initial is wrong and the surname is completely different. Over seven months and five attempts, Plaintiff 's counsel failed to correctly identify my legal name, using the following variations : XXXX XXXX XXXX XXXX XXXX XXXX XXXX XXXX XXXX XXXX XXXX XXXX XXXX Original Complaint ( XX/XX/XXXXXXXX XXXX XXXX XXXX XXXX XXXX XXXX XXXX XXXX XXXX XXXX XXXX XXXX XXXX XXXX XXXX XXXX XXXX XXXX XXXX XXXX XXXX XXXX Correspondence ( XXXX XXXX XXXX XXXX XXXX XXXX XXXX XXXX XXXX XXXX XXXX XXXX XXXX XXXX XXXX XXXX XXXX XXXX' Attempted court filing ( XX/XX/XXXXXXXX XXXX XXXX XXXX XXXX XXXX XXXX XXXX XXXX XXXX XXXX XXXX XXXX XXXX XXXX XXXX XXXX XXXX XXXX XXXX XXXX XXXX XXXX XXXX XXXX XXXX XXXX XXXX XXXX XXXX XXXX XXXX XXXX XXXX XXXX XXXX XXXX XXXX XXXX Finally correct ( XX/XX/XXXX ) On XX/XX/XXXX, counsel represented to the Court that documents containing an incorrect name had not yet been mailed. However, I possess an envelope postmarked XX/XX/XXXX, XXXXXXXX days before that hearingcontaining those very documents with the incorrect name XXXX XXXX XXXX XXXX XXXX XXXX This appears to be a misrepresentation to the Court made to obtain additional time. Additionally, counsel provided the Court with a "" direct line '' telephone number. When I called as ordered by the Judge at XXXXXXXX XXXX XXXX XXXX XXXX XXXXXX/XX/XXXX, the call was answered by a call center. The representative stated there was "" no one here by that name '' when I asked for the attorney. This debt is also being reported to credit bureaus under the incorrect name XXXX XXXX XXXX XXXX XXXX causing ongoing harm to my credit profile. REQUESTED RESOLUTION : 1. Investigation of Rubin & Rothman 's debt collection practices 2. Correction or deletion of credit reporting under incorrect name 3. Accountability for misrepresentation to court SUPPORTING DOCUMENTS : - Original Complaint naming XXXX XXXX XXXX XXXX XXXX XXXX XXXX Envelope postmarked XX/XX/XXXX with incorrect name - Envelope postmarked XX/XX/XXXX with correct name - Court filings documenting the errors",False statements or representation,Debt collection,Credit card debt,Indicated you were committing crime by not paying debt,"Rubin & Rothman, LLC",2026-07-14T15:06:33.000Z,MA,02122,Closed with explanation,Web
24164075,"I resided at XXXX XXXX XXXX XXXX XXXX XXXX XXXX XXXX XXXXXXXX, XXXX, IL XXXX, from XX/XX/XXXXXXXX through XX/XX/XXXX. I completed my full 17-month lease term and was never evicted. On XX/XX/XXXX, property manager XXXX XXXX emailed me confirming I could leave my keys in the drop box. I vacated properly on XX/XX/XXXXXXXX with no balance dispute raised by the property. On XX/XX/XXXX, a {$15000.00} government rental assistance payment ( Check # XXXX ) was applied to my account, as documented in The XXXX official Resident Statement generated XX/XX/XXXXXXXX by XXXX XXXX XXXX the propertys own management system. I have now obtained and compared two ledgers covering this account : DOCUMENT XXXX XXXX XXXXXXXX official Resident Statement ( XXXX XXXX XXXX, XX/XX/XXXXXXXX ) : Covers my full 17-month tenancy. Shows the {$15000.00} rental assistance payment applied XX/XX/XXXX. The figure of {$7800.00} does not appear anywhere in this document at any point during my tenancy. DOCUMENT XXXX XXXX ledger on XXXX XXXX letterhead ( dated XX/XX/XXXXXXXX ) : This is the document FCO used to collect and report this debt. When compared against the official Resident Statement, it contains the following specific falsifications : 1.My lease end date is listed as XX/XX/XXXX. My actual lease ended XX/XX/XXXX confirmed by my signed lease and written emails from XXXX XXXX property managers. XXXX {$15000.00} rental assistance payment ( Check # XXXX ) is completely omitted. This payment appears clearly in the official Resident Statement and was confirmed by XXXX XXXXXXXX own property management team. 3.An unexplained Conversion Balance of {$3900.00} is inserted on XX/XX/XXXXXXXX after I had already vacated the property with no payment history showing how this figure was calculated. XXXX XXXX, and XX/XX/XXXXXXXX rent charges are added, then XXXX and XXXX are reversed with notes stating XXXX XXXX XXXX should not have been charged and XXXX XXXX rent should not have been charged acknowledging these charges were wrong but a manipulated balance is still carried forward. XXXX XXXX rent of {$560.00} and parking of {$33.00} are then charged after my move-out to reach a final balance of {$7800.00}, which FCO rounded to {$7800.00} for reporting purposes. The {$7800.00} FCO is reporting was manufactured using a document that omits a {$15000.00} payment and falsifies my lease end date. This is not a bookkeeping dispute. This is a fabricated document used to collect a false debt and report it to all three credit bureaus. I sent FCO two certified dispute letters in XXXX and XX/XX/XXXXXXXX with full documentation. FCO did not respond to either and closed the account without requesting deletion. I wrote to XXXX XXXX registered agent on XX/XX/XXXX with no response. All three bureaus have failed to remove this tradeline despite my documentation : XXXX re-reported it as current as of XX/XX/XXXXXXXX ; XXXX completed a 10-day reinvestigation without addressing my evidence ; XXXX is still investigating. This false reporting has directly prevented me from securing housing for myself and my child with XXXX. I am requesting that FCO immediately delete this tradeline from all three credit bureaus and provide written confirmation that no balance is owed.",False statements or representation,Debt collection,Rental debt,Attempted to collect wrong amount,"FAIR COLLECTIONS & OUTSOURCING, INC.",2026-07-14T03:57:37.000Z,IL,604XX,Closed with explanation,Web
24532000,"XXXX XXXX XXXX XXXX XXXX dates XX/XX/year> amounts {$4200.00} 15 U.S.C. 1692c ( c ) is a key provision of the Fair Debt Collection Practices Act ( FDCPA ) that allows you to demand a debt collector cease all communications. By notifying them in writing that you refuse to pay or want them to stop contacting you, they must halt all further communication. This company keeps calling and asking for payment. I also didn't agree synchrony bank to sell my information to them.",Written notification about debt,Debt collection,Credit card debt,Didn't receive notice of right to dispute,SYNCHRONY FINANCIAL,2026-07-23T19:26:43.000Z,CT,06513,Closed with explanation,Web
24217486,"Request the following 1. My insurance policy is immediately reinstated based upon the past due amount of {$7.00} on the online bill pay website, see attached ; 3. Scheduled payment for XX/XX/XXXX for the due amount, that stated I must make the total payment by that date or my policy would be canceled. Kindly ask for the policy amount to be reviewed ; my old policy was from XX/XX/XXXX to XX/XX/XXXX, {$480.00} vs my new policy XX/XX/XXXX to XX/XX/XXXX in the amount of {$2800.00} ; that is a significant increase after adding one car that is similar. If the bi-monthly payment is {$2800.00}, then the monthly payment is {$480.00}, totaling {$2400.00} by XX/XX/XXXX and {$2800.00} by XX/XX/XXXX. The following payments were completed : XX/XX/XXXX : XXXX XXXX XXXX : XXXX XXXX/ XXXX : XXXX XXXX : XXXX Total : XXXX XXXX - XXXX XXXX remaining for XX/XX/XXXX, but the online portal said {$7.00} so thats what I paid. XXXX XXXX + XXXX XXXX = XXXX ; there is a scheduled payment for {$830.00}. Kindly de-conflict the difference in the amounts XXXX - XXXX XXXX, and reinstate my policy immediately.",Took or threatened to take negative or legal action,Debt collection,Other debt,Threatened or suggested your credit would be damaged,UNITED SERVICES AUTOMOBILE ASSOCIATION,2026-07-15T12:00:12.000Z,GA,XXXXX,Closed with explanation,Web
24255704,"I advised ONITY Mortgage for a new escrow analysis due to a significant decrease in my homeowners insurance premium in XXXX. The previous escrow analysis had been done using a previous higher homeowners insurance premium. I was asked to provide my new premium declaration page, which I did via a representative on the phone. I have sent several messages to ONITY via my online customer portal and emails. I have been advised that a new analysis would be done, but after 2 months, it has not been done. Meanwhile, my mortgage payment was increased by almost {$300.00} due to the inaccurate escrow analysis. I can not afford that increase and need a correct analysis done before my loan becomes further behind.",Trouble during payment process,Mortgage,VA mortgage,"Escrow, taxes, or insurance",Ocwen Financial Corporation,2026-07-16T06:39:00.000Z,TX,78233,Closed with explanation,Web
24131423,I have two credit cards with Chase Bank. I've been paying off those credit cards at {$1000.00} a month. the issues with the credit cards is that Chase Bank decrease my credit limit down to the balance that existing today. which causes the credit report agencies to look at it as if I'm using 100 % of my credit limit. so Chase is messing around with my credit score. apparently they can go into my credit report and check it anytime they want to they say it's in writing. I'm just confused as to why they would have to go in there unless I ask for increase or you would have to go and look at my credit. so at this point in time on the two cards that I have with Chase they have me using 100 % on both cards which is going to send my credit scores down to I don't know. I had a credit limit on one card of {$9200.00} and the other XXXX and they have been decreased down to approximately {$4000.00} which is the balance of the credit card that I owe. I did speak to someone and they said I could appeal it in 60 days. but the damage will already have been done and lowered my score! don't appreciate the inconvenience don't appreciate all my hard work bottoming out my credit score. I take pride in trying to keep my credit score in the proper place and for a large institution to come in and say well you're not worthy we're going to change things is unfair!,Improper use of your report,Credit card,General-purpose credit card or charge card,Reporting company used your report improperly,JPMORGAN CHASE & CO.,2026-07-13T13:00:04.000Z,WI,53216,Closed with explanation,Web
24736827,"I don't agree with the previous investigation and these accounts need to be reinvestigated. In accordance with the Fair Credit Reporting Act, the following accounts listed in the Attachments have violated my federally protected consumer rights to privacy and confidentiality under 15 USC 1681. I would like to assert that no permissible purpose under 15 USC 1681b ( 2 ) has been established and under the Fair Credit Reporting Act this must be established. 15 U.S.C 6802 ( a ) A financial institution may not, directly or through any affiliate, disclose to a non affiliated third party any nonpublic personal information. 15 U.S.C 1681 section 602 A. States I have the right to privacy. 15 U.S.C section 604 A Section 2 : States a consumer reporting agency can not furnish an account without my written instructions. 15 U.S.C 1681c ( a ) ( 5 ) Section States : no consumer reporting agency may make any consumer report containing any of the following items of information. Any other adverse item of information, other than records of convictions of crimes which antedates the report by more than 7 years. 15 U.S.C 1681s-2 ( a ) ( 1 ) A person shall not furnish any information relating to a consumer to any consumer reporting agency if the person knows or has reasonable cause to believe that the information is inaccurate. 15 U.S. Code 1681i ( 5a ) ( A ) In general Subject to subsection ( f ) and except as provided in subsection ( g ), if the completeness or accuracy of any item of information contained in a consumers file at a consumer reporting agency is disputed by the consumer and the consumer notifies the agency directly, or indirectly through a reseller, of such dispute, the agency shall, free of charge, conduct a reasonable reinvestigation to determine whether the disputed information is inaccurate and record the current status of the disputed information, or delete the item from the file in accordance with paragraph ( 5 ), before the end of the 30-day period beginning on the date on which the agency receives the notice of the dispute from the consumer or reseller. 15 U.S.C 1666b ( a ) Time to make payments, A credit may not treat a payment on a credit card account under an open end consumer credit plan as late for any purpose 15 U.S.C 1681s-2 ( a ) ( 1 ) A person shall not furnish any information relating to a consumer to any consumer reporting agency if the person knows or has reasonable cause to believe that the information is inaccurate. 15 U.S. Code 1681i ) : You have the right to dispute any information on your credit report that is inaccurate, incomplete, outdated, or unverifiable.",Improper use of your report,Credit reporting or other personal consumer reports,Credit reporting,Reporting company used your report improperly,"TRANSUNION INTERMEDIATE HOLDINGS, INC.",2026-07-29T19:22:19.000Z,IL,60621,Closed with explanation,Web
24662339,"I am attempting to file a partial transaction dispute for {$25.00} on a {$57.00} posted charge from XXXX on XX/XX/year>. The merchant sent an incorrect item ( received a XXXX % density XXXX wig instead of the ordered XXXX % density XXXX wig ). I returned the item unworn in original packaging, but the merchant refused to issue my {$25.00} refund. Truists mobile app and online automated dispute workflow fail to load this international transaction in the "" Select Transactions '' drop-down menu, making it impossible to submit an online dispute through self-service channels. I am filing this complaint to request that Truist manually process a card chargeback for "" Item Not as Described / Refund Not Processed '' in the amount of {$25.00} and issue a provisional credit to my account.",Managing an account,Checking or savings account,Checking account,Fee problem,TRUIST FINANCIAL CORPORATION,2026-07-28T02:59:19.000Z,GA,303XX,Closed with explanation,Web
24476051,HARRIS HARRIS LTD is falsely reporting on my credit. I have never had any accounts with them. Per my research HARRIS HARRIS LTD is a debt collector. They are falsely reporting on my credit!! Account number is XXXX XXXX is falsely reporting to my credit file and is against my rights and fair credit act. Under U.S Code 1618d - Disclosure of investigation consumer report ; you are in violation.,Attempts to collect debt not owed,Debt collection,I do not know,Debt was result of identity theft,"Harris & Harris, Ltd.",2026-07-22T16:08:31.000Z,AL,35173,Closed with non-monetary relief,Web
24516265,"On XX/XX/year>, I submitted a formal written debt validation and dispute notice via email to L.J. Ross Associates regarding an alleged XXXX debt. Prior to placing this account on my credit report, the collection agency made XXXX attempts to contact me by phone, mail, or email. They have since failed to provide any written validation or verification of the debt. I am requesting that the CFPB assist in having the collection agency either properly validate this debt or remove the inaccurate reporting from my credit files immediately due to their failure to provide proper notice.",Written notification about debt,Debt collection,Other debt,Didn't receive enough information to verify debt,LJ Ross Associates,2026-07-23T13:30:45.000Z,IA,527XX,Closed with explanation,Web
24730382,"I am formally disputing the collection account reported by XXXX XXXX XXXX XXXX XXXX, as this account is unverified and does not belong to me. Despite my attempts to resolve this matter by contacting both the collection agency and the original creditor, I have not received a satisfactory resolution or sufficient verification of the debt. I request an immediate investigation into this account and demand that you provide verifiable proof of ownership and the validity of this alleged debt. Additionally, I believe this account may be the result of identity theft, as my identity has previously been compromised. Under the Fair Credit Reporting Act ( FCRA ), I expect a prompt response and the removal of any inaccurate or unverifiable information from my credit report. Please ensure that this matter is handled in compliance with all applicable federal laws.",Attempts to collect debt not owed,Debt collection,I do not know,Debt is not yours,U.S. BANCORP,2026-07-29T17:08:04.000Z,IL,60561,Closed with explanation,Web
24390332,"I am submitting this complaint regarding Kia Finance America, account number XXXX, currently reporting as a charge-off on my XXXX and XXXX credit files with a balance of {$7700.00}. On XX/XX/year> XXXX confirmed in writing through CFPB Complaint ID XXXX that this account was deleted from my XXXX credit file following an investigation in which Kia Finance America was contacted as the furnisher. Despite that documented deletion Kia Finance America continues to report this same account on my XXXX and XXXX credit files. On XX/XX/year> I sent a certified dispute letter directly to Kia Finance America pursuant to FCRA 623 ( a ) ( 8 ) demanding the original certified account ledger and all supporting documentation necessary to verify every data point currently being reported. That letter was sent via certified mail with return receipt requested. Kia Finance America failed to respond within the required XXXX day window. No documentation was ever produced. A furnisher that can not verify an account on XXXX bureau and fails to respond to a direct certified dispute within XXXX days has no legal basis to continue reporting that same account on other bureaus. The continued reporting on XXXX and XXXX following a documented bureau deletion and an unanswered direct dispute constitutes a violation of FCRA 607 ( b ), 623 ( a ) ( 1 ) ( A ), and 623 ( a ) ( 8 ).",Problem with a company's investigation into an existing problem,Vehicle loan or lease,Loan,Their investigation did not fix an error on your report,HYUNDAI CAPITAL AMERICA,2026-07-20T19:01:42.000Z,GA,30238,Closed with explanation,Web
24729674,"I moved in XXXX of XXXX. I had XXXX for my cable company and paid all of my bills my water, my lights. XXXX didn't give me the opportunity to pay the said equipment bill they just forward to the credit bureau the third party is called Eastern Account System XXXX XXXX XXXX XXXX XXXX, without my knowledge and didn't give me a chance to pay the small amount {$130.00} there after I called the collection company and they stated that I owe {$130.00} the rep told me to pay the amount and in a few months it will be taken off your credit report and that was in XXXX of XXXX. I paid the {$130.00}. I check my credit on Tuesday, XX/XX/XXXXXXXX and it's still on there with a XXXX balance. I called them back then they wanted {$1.00} to pull the information. I paid it then they wanted {$15.00} to pull the XXXX XXXX account. I paid that then after they told me yes we see it and it has a {$0.00} balance but you will have to pay {$300.00} so we can take it off. This doesn't seems right. I am in the processing of purchasing a home in a year and I told them that and they stated it will be off in ( 3 ) months. I said just like they put on there they can take it off. Then she told me about another collection called XXXX aka as XXXX XXXX XXXX which this debt was sold back XXXX and they updated the file of dates which they have updated of XXXX, XXXX, XXXX and XX/XX/XXXXXXXX and I know this is not legal.",Written notification about debt,Debt collection,Telecommunications debt,Didn't receive notice of right to dispute,"Eastern Account Systems of Connecticut, Inc.",2026-07-29T16:24:43.000Z,FL,33138,Closed with explanation,Web
24359177,"As per the guidance from the Consumer Financial Protection Bureau ( CFPB ) the documents needed are a picture ID, a bill, and a letter from an advocacy group helping me due to XXXX XXXX debt bondage, which falls under trafficking according to Trafficking-Debt Final Rule 1002.142 ( b ) ( 4 ) -5 -- 1002.142 ( b ) ( 7 ). I have provided my ID along with the XXXX letter signed by other required documents that verifies me. I kindly request that you block this information from my credit report within four business days, pursuant to section 605C of the Fair Credit Reporting Act. I have given you my identification as well as the information requested from the list of acceptable items which only 2 are required per the Law. I have provided all needed documentation as well as a victim determination letter according to 1022.142 ( b ) ( 6 ). To Whom It May Concern, Please consider this letter a formal dispute of the alleged debt pursuant to the FDCPA, 15 U.S.C. 1692g ( b ). I also request verification, validation, and the name and address of the original creditor pursuant to 15 U.S. C. 1692g ( b ). According to, 15 U.S. Code 1681 The banking system is dependent upon fair and accurate credit reporting. Inaccurate credit reports directly impair the efficiency of the banking system, and unfair credit reporting methods undermine the public confidence which is essential to the continued functioning of the banking system. Under, 15 U.S Code 1681b - Permissible purposes of consumer reports ( a ) IN GENERAL Subject to subsection ( c ) any consumer reporting agency may furnish a consumer report und the following circumstances and no other : ( 2 ) In accordance with the WRITTEN INSTRUCTION of the consumer to whom it relates. I NEVER gave any consumer reporting agency WRITTEN CONSENT to report anything on my consumer report which violates my rights as a federal protected consumer. NO CONSENT IS IDENTITY THEFT. As a consumer I am demanding the deletion of the accounts ( or inquiries ) listed IMMEDIATELY.",Improper use of your report,Credit reporting or other personal consumer reports,Credit reporting,Reporting company used your report improperly,"TRANSUNION INTERMEDIATE HOLDINGS, INC.",2026-07-19T12:29:11.000Z,TX,77035,Closed with explanation,Web
24252765,"I am formally disputing the collection account being reported by * * CREDIT COLLECTION SERV * * regarding an alleged debt originally owed to * * XXXX * * in the amount of * * {$980.00} * *. * * Account Number : XXXX XXXX XXXX XXXX XXXX XXXX XXXX Pursuant to the * * Fair Debt Collection Practices Act ( FDCPA ), 15 U.S.C. 1692 et seq. * *, and the * * Fair Credit Reporting Act ( FCRA ), 15 U.S.C. 1681 et seq. * *, I request that Credit Collection Services conduct a reasonable investigation and provide competent evidence that this debt is valid, accurate, and legally collectible. Specifically, I request the following : * A copy of the original signed agreement or contract creating the alleged obligation. * Documentation establishing the complete payment history and how the balance of * * {$980.00} * * was calculated. * Documentation demonstrating that Credit Collection Services has the legal authority to collect this debt, including proof of assignment or transfer from XXXX. * The date of first delinquency. * Evidence that the information being furnished to the consumer reporting agencies is complete and accurate. Under * * 15 U.S.C. 1681s-2 ( b ) * * of the Fair Credit Reporting Act, furnishers of information are required to conduct a reasonable investigation after receiving notice of a dispute and may not continue reporting information that can not be verified. Additionally, under * * 15 U.S.C. 1692e and 1692f * * of the Fair Debt Collection Practices Act, a debt collector may not use false, deceptive, misleading, unfair, or unconscionable means to collect or report a debt. If Credit Collection Serv can not produce sufficient documentation validating the debt and verifying the accuracy of the information being reported, I request that the account be permanently deleted from all consumer reporting agencies and that written confirmation of the deletion be provided. I also request that the Consumer Financial Protection Bureau ensure that Credit Collection Services complies with its obligations under the FDCPA and FCRA by conducting a complete investigation and correcting or deleting any information that can not be substantiated. This correspondence is not an acknowledgment of liability for the alleged debt and should not be construed as a promise or agreement to pay. It is a formal dispute and request for investigation under applicable federal law.",False statements or representation,Debt collection,I do not know,Attempted to collect wrong amount,"CCS Financial Services, Inc.",2026-07-16T03:53:26.000Z,FL,33168,Closed with explanation,Web
24731650,I am reporting identity theft because accounts and/or debts were reported under my name that I did not authorize or create. I discovered these unauthorized accounts when reviewing my financial records and credit information. I dispute responsibility for these accounts because they were opened or used without my knowledge or permission.,Took or threatened to take negative or legal action,Debt collection,Other debt,Threatened or suggested your credit would be damaged,"I.C. System, Inc.",2026-07-29T17:31:18.000Z,NJ,07112,Closed with explanation,Web
24481702,"I went into Wells Fargo and explained that someone ran a scam on me. They then began adding provisional funds to my account until they do investigations. They call my dispute a "" case. '' Whenever I brought to their attention that I never made a certain purchase they would add provisional funds. Now it has gotten confusing. One provisional credit was for {$490.00} even and one was for {$490.00}. The whole time I thought this was the same credit. One was reversed a couple weeks after. Then when I inquired about it, a larger credit was added to my account and then reversed. The {$490.00} was added only two days after the {$490.00}. but the {$490.00} wasn't reversed until four months later when I thought it was all taken care of. And when they reversed the charge, they give you a date they'll take the money from your account but never consider if you can afford it that month. I am on a fixed income. I went to them and said I believed I was scammed and this debacle with the provisional credits has been worse. I spoke with someone on XX/XX/XXXX regarding a credit reversal that was to come out of my account on XX/XX/XXXX. The Wells Fargo person stated that he found the problem, and he will ensure that nothing comes out of my account on XX/XX/XXXX. But it did. When I called to complain, I asked them if they recorded the conversation and I was told that they did. The Wells Fargo guy clearly said he found a mistake. And the {$490.00} credit they deducted was given back in XXXX of XXXX. When I asked why didn't it get reversed with the credit of {$490.00} because they were only two days apart when they were added, they respond it got overlooked. When I asked about the {$490.00}, the next day my account was credited with a provisional credit of {$950.00}. I was told they gave the wrong credit amount and that the {$490.00} was a partial. If you are confused then join the club. When I went into the bank for assistance, after an hour the clerk was still confused herself. I only stopped my assistance with the clerk because her XXXX XXXX appointment was waiting",Problem with a purchase shown on your statement,Credit card,General-purpose credit card or charge card,Card was charged for something you did not purchase with the card,WELLS FARGO & COMPANY,2026-07-22T17:51:10.000Z,CA,903XX,Closed with explanation,Web
24375771,"Navy Federals XX/XX/XXXX denial says you accepted the amount charged when receiving the merchandise or services and that it can not proceed without a merchant credit acknowledgment. The packet directly challenges that reasoning : no merchant credit acknowledgment exists because the merchant never promised a refund, and your dispute is for digital services not delivered as agreed, not for a promised credit that failed to post.",Problem with a purchase shown on your statement,Credit card,General-purpose credit card or charge card,Credit card company isn't resolving a dispute about a purchase on your statement,NAVY FEDERAL CREDIT UNION,2026-07-20T12:51:19.000Z,WA,981XX,Closed with explanation,Web
24023587,"I am the victim of identity theft involving an Affirm loan that I did not apply for, authorize, receive, or benefit from. Before this loan was opened, I received emails showing that someone had already attempted unsuccessfully to obtain Affirm financing in my name on XXXX prior occasions. After discovering the identity theft, I froze my credit files with all three nationwide credit bureaus and filed a formal identity-theft/fraud report. I submitted an unauthorized-loan dispute to Affirm under case number XXXX and provided supporting documentation. Affirm closed the dispute and stated that I remain responsible for the loan, despite the prior fraudulent application attempts and the documentation showing identity theft. Affirms online dispute system now only redirects me to the closed case and does not provide a meaningful way to submit a reinvestigation request or additional evidence. I am requesting that Affirm : 1. Reopen and conduct a reasonable reinvestigation of this identity-theft claim. 2. Determine that I am not liable for the fraudulent loan. 3. Stop collection activity while the identity-theft dispute is being reviewed. 4. Remove or correct any information furnished to consumer reporting agencies. 5. Provide the application and transaction records associated with the fraudulent loan, including the email address, phone number, delivery address, merchant, device or IP information, identity-verification records, and payment information used. 6. Provide a written explanation of the evidence Affirm relied upon when it concluded that I was responsible. This is not a purchase-quality dispute or request for a courtesy adjustment. It is a formal identity-theft dispute concerning a loan I never authorized.",Problem with a company's investigation into an existing problem,"Payday loan, title loan, personal loan, or advance loan",Installment loan,Problem with personal statement of dispute,"Affirm Holdings, Inc",2026-07-09T13:04:38.000Z,TX,77386,Closed with explanation,Web
24479232,"I am submitting this complaint because Citi Bank closed my checking account after stating that they suspected fraudulent activity and reported the account to XXXX. I believe this action has negatively affected my ability to open a bank account, and I am requesting a thorough review of the banks decision and reporting.the dates are ranging from XXXX At no time did I knowingly commit fraud or intentionally engage in any fraudulent activity. After my account was closed, I attempted to dispute the XXXX reporting. However, XXXX informed me that they could not investigate or change the information because it was reported by Citi Bank and that I would need to work directly with Citi. I am requesting that Citi Bank provide a clear explanation of the specific reason my account was flagged, the evidence supporting its determination, and the basis for reporting me to XXXX. If the reporting is inaccurate or can not be substantiated, I request that Citi immediately correct or remove the information from XXXX. This report has made it difficult for me to obtain banking services and has caused financial hardship. I respectfully ask the CFPB to review this matter, require Citi Bank to investigate my complaint, and ensure that any inaccurate or unsupported information is corrected. Thank you for your time and consideration.",Incorrect information on your report,Credit reporting or other personal consumer reports,Other personal consumer report,Information is incorrect,"CITIBANK, N.A.",2026-07-22T17:13:24.000Z,TX,782XX,Closed with explanation,Web
24723843,On XX/XX/year> I disputed a charge in my Bank of America checking account in the amount of {$1900.00} I made the purchase with my debit card but never received the merchandise because I was out of town at the time of arrival and they left it outside without requesting a signature. It is now XX/XX/year> and the dispute is still pending and I was never issued a provisional credit. It has now been XXXX days. I also was never received a request for a written affidavit,Managing an account,Checking or savings account,Checking account,Problem using a debit or ATM card,"BANK OF AMERICA, NATIONAL ASSOCIATION",2026-07-29T14:32:14.000Z,IN,46323,Closed with explanation,Web
24436644,"I am filing a complaint against Wells Fargo regarding denied fraud/billing dispute claims for XXXX unauthorized card transactions totaling {$190.00} and {$210.00} charged on XX/XX/year> by merchant XXXX XXXX XXXX XXXX XXXX ( Wells Fargo Claim # XXXX ). I reside in XXXX and did not make or authorize these charges. When I called the merchant directly ( XXXX ), their accounting department confirmed they have XXXX record of any order, customer profile, or shipment associated with my name or address. Wells Fargo repeatedly denied my fraud claim stating the transactions were "" authorized. '' I put in a claim of services not rendered because my fraud claim was denied and I exercised my right under federal regulations to request the "" Documents of Reliance '' used in their decision. Upon receiving the documentation package from Wells Fargo, I found that the bank provided no actual merchant proofno merchant receipts, no invoices, no shipping addresses, and no proof of delivery. The documentation provided consists entirely of Wells Fargo 's internal bank logs, which explicitly show the transactions were processed as "" Mail/phone order '' key-entered charges without cardholder security authentication. Wells Fargo has refused to allow or process a "" Merchandise/Services Not Received '' dispute under XXXX Core Rules ( Reason Code 13.1 ), despite the merchant confirming no order or service was ever rendered. I request the CFPB 's assistance to require Wells Fargo to properly investigate and reverse these unauthorized charges.",Problem with a purchase shown on your statement,Credit card,General-purpose credit card or charge card,Card was charged for something you did not purchase with the card,WELLS FARGO & COMPANY,2026-07-21T18:21:27.000Z,CA,94533,Closed with explanation,Web
24629533,"I am disputing the accuracy and completeness of the information that Military Star is furnishing to the consumer reporting agencies regarding my revolving credit account. My credit report reflects this account as closed and reports a paid collection/charge-off history. I respectfully request that Military Star conduct a thorough and reasonable investigation to verify the accuracy of the payment history, account status, dates, and all other information being reported. If any information can not be verified with competent documentation, I request that it be corrected or removed from my credit reports in accordance with the Fair Credit Reporting Act. I have attached a formal dispute letter explaining my concerns and the resolution I am requesting.",Incorrect information on your report,Credit reporting or other personal consumer reports,Credit reporting,Account information incorrect,Army and Air Force Exchange Service,2026-07-27T11:06:26.000Z,NC,28390,Closed with explanation,Web
24534452,"On XX/XX/year> XXXX XXXX XXXX XXXX my fiance and I open a checking account with Truist. This account was open to put funds away for our wedding day etc. Our first statement came in XX/XX/year>. I XXXX XXXX noticed several atm withdrawal back to back immediately on XXXX statement. I notified XXXX about the account, he as well never taken any funds from either bank. We both notified Truist Bank and did a police report at XXXX XXXX police department. XXXX XXXX XXXX XXXX and XXXX XXXX are seeking resolution of {$5100.00} that was not safely secured by Truist Bank ATM. I XXXX XXXX XXXX Veteran and XXXX XXXX can not afford to let the bank take our funds.",Managing an account,Checking or savings account,Checking account,Problem using a debit or ATM card,TRUIST FINANCIAL CORPORATION,2026-07-23T19:33:49.000Z,GA,30296,Closed with explanation,Web
24694292,"On XX/XX/XXXX and XXXX, someone used my Visa to purchase computer related producs from XXXX XXXX. I did not authorize these purchases. On or around XX/XX/XXXX XXXX tried to deliver the packages. I opened the door and signed for the packages, and then looked at them after signing, and noticed they were addressed to XXXX XXXX ( not XXXX XXXX which is my name ). I told the XXXX driver it was a mistake and he needed to take the packages back. He did so, but never updated the XXXX XXXX that I didn't accept delivery. I filed a credit card dispute with XXXX. They found that a few of the charges from the same individual were in fact fraudulent, but somehow found that the 3 charges totaling {$4100.00} were mine because I had signed for them as noted above. I offered to send XXXX my XXXX video footage showing my declining the packages. They said they don't accept video. I filed a police report denying the charges. I do not believe they contacted the police department either. The company, XXXX XXXX, won't talk to me about the dispute and say I need to resolve it with XXXX. XXXX, in their investigation, sent me emails they received from XXXX XXXX in which this fraudulent purchaser tried to contact the company to have the shipping adress changed and he used a different email and address than the one on my account. However, XXXX won't make an agent available to discuss these discrepancies. Thanks",Problem with a purchase shown on your statement,Credit card,General-purpose credit card or charge card,Card was charged for something you did not purchase with the card,"BANK OF AMERICA, NATIONAL ASSOCIATION",2026-07-28T18:17:49.000Z,CA,90274,Closed with monetary relief,Web
24662794,"Company Information Collection Agency Name : Express Recovery Phone Number : ( XXXX ) XXXX Summary of the Issue I am filing a complaint because a debt collection agency is attempting to collect medical debt while violating multiple provisions of the Fair Debt Collection Practices Act ( FDCPA ). They are refusing to provide proper written validation, making false claims about legal requirements, and using coercive threats of legal action. Details of FDCPA Violations XXXX. Failure to Provide Required Written Validation Notice The agency claims they mailed a validation notice on XX/XX/XXXX, but I never received it. They told me I must have thrown it out, which is not acceptable. Under FDCPA 1692g ( a ), they must provide written notice within 5 days of first contact. They have refused to resend the full validation notice and will only send a statement. XXXX. Refusal to Validate the Debt Upon Request When I asked for proper validation, they refused and insisted they already sent it. They are continuing collection activity without providing the required written validation. XXXX. False Claims About FDCPA Requirements They stated they are in compliance with FDCPA by refusing to set up a payment plan unless I provide : My employer name My husbands name My husbands employer FDCPA does not require consumers to provide employer information. Conditioning payment arrangements on providing employer details is coercive and deceptive. XXXX. Coercive Threats of Legal Action They stated my account is eligible to go to their lawyer on XX/XX/XXXX. This appears to be a pressure tactic rather than a genuine legal action. Under FDCPA 807 ( 5 ), threatening legal action without intent is prohibited. XXXX. Refusal to Offer a Payment Plan Without Personal Information They told me I must either : Provide employer information, or Pay the debt in full within 30 days This is coercive and violates FDCPA 1692f ( unfair practices ). What I Am Requesting A full investigation into the agencys FDCPA compliance Confirmation that they must provide proper written validation Review of their coercive and deceptive practices Enforcement action if violations are confirmed",Written notification about debt,Debt collection,Medical debt,Didn't receive notice of right to dispute,"Express Recovery Services, Inc.",2026-07-28T03:40:01.000Z,UT,84015,Closed with explanation,Web
24503758,I was never notified from the rental management that the debt occurred and it went directly to the collection agency and now I can not rent any apartment since XXXX,Written notification about debt,Debt collection,Rental debt,Didn't receive enough information to verify debt,"FAIR COLLECTIONS & OUTSOURCING, INC.",2026-07-23T03:15:57.000Z,MD,20904,Closed with explanation,Web
24690232,"I am writing to formally request debt validation for a collection account mentioned in a letter I recently received. Under my rights through the Fair Debt Collection Practices Act ( FDCPA ), I ask that your office provide clear proof that the debt is valid. This should include the name of the original creditor, the amount owed, a full payment record, and proof that I am responsible for this debt. I am making this request to ensure the information being reported is accurate and not the result of a mistake, fraud, or confusion. While waiting for proper validation, I ask that you pause all collection activity and reporting related to this account, as allowed by law.",Attempts to collect debt not owed,Debt collection,I do not know,Debt is not yours,"CCS Financial Services, Inc.",2026-07-28T19:00:08.000Z,IL,610XX,Closed with explanation,Web
24611553,"I am a victim of identity theft and filed an Identity Theft Report with the Federal Trade Commission ( FTC Complaint # XXXX ). I submitted my identity theft documentation to both XXXX and XXXX and requested that they block and remove fraudulent accounts from my credit reports as required under the Fair Credit Reporting Act ( FCRA ), including 15 U.S.C. 1681c-2.The fraudulent accounts include XXXX XXXX ( Account No . ending in XXXX ) I did not open or authorize these accounts, and they are the result of identity theft. Despite receiving my identity theft documentation, XXXX and XXXX have refused to properly investigate and remove these fraudulent accounts, stating that my dispute is "" over a year old. '' I believe this is an improper basis for refusing to block and remove information resulting from identity theft. The inaccurate information continues to appear on my credit reports and has caused ongoing harm.I request that XXXX and XXXX comply with their obligations under the Fair Credit Reporting Act by conducting a proper investigation, blocking and permanently removing all fraudulent accounts related to my identity theft, and providing written confirmation that the corrections have been made.",Incorrect information on your report,Vehicle loan or lease,Loan,Information belongs to someone else,CREDIT ACCEPTANCE CORPORATION,2026-07-26T04:14:01.000Z,TN,37207,Closed with explanation,Web
24710681,"I am filing a complaint against Fortiva and its collector, XXXX XXXX XXXX. I financed a Byte aligner contract that has been completely breached because XXXX shut down operations. I have already paid {$850.00}, yet XXXX is still demanding a current balance of {$2000.00}. Under the FTC XXXX XXXX, this debt is legally unenforceable due to merchant default. I demand XXXX immediately stop collections, XXXX XXXX XXXXe {$2000.00} balance, refund the paid amount and close the file",Attempts to collect debt not owed,Debt collection,Other debt,Debt was paid,Atlanticus Services Corporation,2026-07-29T05:25:30.000Z,CO,81212,Closed with monetary relief,Web
24527653,"XXXX XXXX XXXX XXXX XXXX XXXX XXXX, NY, XXXX XXXX XXXX XX/XX/year> XXXX XXXXXXXX. XXXX XXXX XXXX XXXXXXXX XXXX XXXXXXXX RE : Dispute of Alleged Debt under Consumer Protection Laws Account/Reference Number : XXXX To Whom It May Concern, This letter serves as a formal notice that I dispute the validity of the debt referenced above. I am exercising my rights under the following federal consumer protection laws : 1. Fair Debt Collection Practices Act ( FDCPA ) ( 15 U.S.C. 1692 ) Under the FDCPA, I have the right to request verification of the alleged debt. I hereby demand that you provide written validation of the debt, including the original creditor, itemized breakdown of the amount, and proof that I am legally responsible for it. 2. Fair Credit Reporting Act ( FCRA ) ( 15 U.S.C. 1681 ) If this debt has been reported to any consumer reporting agencies, I request an immediate investigation and removal of any inaccurate or unverifiable information from my credit report. 3. Truth in Lending Act ( TILA ) ( 15 U.S.C. 1601 ) If this debt arises from a credit account, provide complete disclosure of all terms, conditions, and finance charges that support the alleged debt. 4. Consumer Financial Protection Bureau ( CFPB ) Regulations As per CFPB guidelines, I am entitled to clear and accurate information regarding any debts claimed against me. I request that all future communication regarding this matter be conducted in writing. Additionally, I instruct you to cease and desist any harassing or threatening communication in compliance with the FDCPA. If you can not provide sufficient proof of the alleged debt, you are required to remove all negative information from my credit report and cease collection activities immediately. Failure to comply with this request may result in me filing a formal complaint with the Consumer Financial Protection Bureau, my state Attorney XXXX office, and other appropriate authorities. Please respond to this letter within 30 days of receipt. Send all documentation to the address listed above. Sincerely, XXXX XXXX XXXX",Attempts to collect debt not owed,Debt collection,Other debt,Debt is not yours,"CITIBANK, N.A.",2026-07-23T17:48:29.000Z,NY,10469,Closed with non-monetary relief,Web
24513545,""" My mortgage servicer formally approved a forbearance agreement on XX/XX/year>. However, my online portal contains XXXX record of this approved forbearance and is actively demanding a past-due XXXX payment. Furthermore, the servicer retroactively backdated the contract effective date to XX/XX/XXXX, despite my XXXX payment already being processed and cleared. This constitutes a severe Breach of the XXXX of Good Faith and Fair Dealing by retroactively altering required performance and keeping a payment for a period officially waived under the modification. It also violates RESPA Regulation X ( 12 CFR 1024.34 ) via escrow/suspense misapplication, and UDAAP via verbal misrepresentations by supervisory staff claiming the forbearance is a 'technicality ' requiring payment. I demand immediate realignment of my forbearance start date to XX/XX/XXXX, removal of the false XXXX delinquency status from my account, plus my XXXX payment credited back into my bank account but they are still maintaining a predatory "" past-due '' XXXX balance on your live online dashboard anyway. immediate acceptance of a XXXX of Foreclosure. ''",Struggling to pay mortgage,Mortgage,FHA mortgage,"An existing modification, forbearance plan, short sale, or other loss mitigation relief","Shellpoint Partners, LLC",2026-07-23T10:51:00.000Z,FL,33837,Closed with explanation,Web
24525193,"On XX/XX/year>, I used my Wells Fargo debit card at XXXX XXXX in XXXX, North Carolina. I authorized XXXX transaction for {$21.00}. The merchant swiped my card a second time and submitted a separate transaction for {$99.00} that I did not authorize or approve. I received no goods, services, or other benefit in exchange for the {$99.00} transaction. I immediately notified Wells Fargo and opened Claim Reference Number XXXX on XX/XX/year>. I clearly explained that the {$21.00} transaction was authorized and that the separate {$99.00} transaction was not. This is not a claim involving dissatisfaction with a purchase. It is a claim involving a second card transaction that the merchant processed without my authorization. The {$99.00} transaction qualifies as an error under Regulation E, 12 C.F.R. 1005.11 ( a ) ( 1 ) ( i ) and ( ii ), because it is either an unauthorized electronic fund transfer or an incorrect electronic fund transfer from my account. Regulation E defines an unauthorized electronic fund transfer as a transfer initiated by someone other than the consumer, without actual authority, and from which the consumer receives no benefit. 12 C.F.R. 1005.2 ( m ). The fact that I authorized a separate {$21.00} transaction with the same merchant does not establish that I authorized the additional {$99.00} transaction. The CFPB has specifically stated that a financial institution does not conduct a reasonable investigation when it summarily denies a dispute merely because the consumer previously conducted transactions with the same merchant, without considering the consumers statement that the disputed transfer was unauthorized or for an incorrect amount. Wells Fargo must promptly investigate my oral or written notice of error. It can not require me to first resolve the matter with the merchant or delay its investigation while waiting for additional documentation from me. Wells Fargo should obtain the merchants transaction records, receipts, authorization data, point of sale records, and any signature or tip documentation associated with both transactions. Wells Fargos XX/XX/year> claim confirmation states that it will make a determination within XXXX business days regarding whether the claim has been resolved, additional information is required, temporary credit will be issued, or additional investigation time is needed. Under 12 C.F.R. 1005.11 ( c ), Wells Fargo must either complete its investigation within the applicable XXXX business day period or provisionally credit the {$99.00} disputed amount if it requires additional time to investigate. I am requesting that Wells Fargo properly classify and investigate the {$99.00} transaction separately from the authorized {$21.00} transaction, refund the unauthorized {$99.00} charge, reverse any related fees or financial consequences, and provide its findings and supporting documentation in writing. If Wells Fargo can not complete the investigation within the applicable XXXX business day period, I request provisional credit as required by Regulation E.",Managing an account,Checking or savings account,Checking account,Problem using a debit or ATM card,WELLS FARGO & COMPANY,2026-07-23T16:58:32.000Z,NC,282XX,Closed with explanation,Web
24392285,"Monterey Financial and XXXX advertised its product as XXXX XXXX Pay Later and Pay Over Time, which reasonably led me to believe I was applying for a traditional financing or buy-now-pay-later product. At no point during the initial marketing shown to me was it clearly disclosed that I would instead be entering into a XXXX XXXX XXXX XXXX with no ownership rights unless I exercised a separate purchase option. The material nature of the transaction was not presented clearly and conspicuously before I proceeded. After execution, I learned that the agreement required total lease payments of approximately {$1900.00} for merchandise with a cash price of approximately {$740.00}, and ownership was not automatic at the end of the payment schedule. I believe the marketing and disclosures were misleading and prevented me from making an informed financial decision.",Written notification about debt,Debt collection,Other debt,Didn't receive enough information to verify debt,Monterey Financial Services LLC,2026-07-20T19:39:48.000Z,TX,750XX,Closed with explanation,Web
24731745,"Check No. XXXX written from my HELOC account from XXXX XXXX in the amount of {$10000.00} was not deposited in the Navy Federal Credit Union ( NFCU ) Account of which I am a co-owner with my daughter, XXXX XXXX. XXXX has been charging me interest on the HELOC since XX/XX/year> and NFCU has not credited the account that I hold jointly with my daughter for the {$10000.00} even though XXXX says the money was withdrawn from my HELOC account. I have submitted my previous complaint against XXXX and also attached is the NFCU statement showing the money was not credited to my account. At no time was the {$10000.00} written on the HELOC from XXXX ever credited to the NFCU account. The fix is for NFCU to credit my account the {$10000.00}, which was, according to XXXX deposited in the NFCU account.",Managing an account,Checking or savings account,Checking account,Banking errors,NAVY FEDERAL CREDIT UNION,2026-07-29T17:27:17.000Z,VA,22207,Closed with explanation,Web
24401739,"I sent my servicer, LoanCare, and master servicer, XXXX XXXX XXXX, a Request for Information under RESPA ( 12 C.F.R. 1024.36 ) and TILA ( 15 U.S.C. 1641 ( f ) ( 2 ) ) asking them to identify the owner of my mortgage note and related records. In their July 20, 2026 responses they gave me contradictory answers about who owns the note the one fact the law requires them to identify correctly. On XX/XX/XXXX and again on XX/XX/year>, LoanCare wrote that the current owner of the note is XXXX XXXX ( pool XXXX ). On XX/XX/year>, LoanCare wrote instead that the loan was sold to XXXX who is the lender that currently holds the Note. The same day, in its response to this complaint, XXXX wrote that the loan is invested/backed by Fannie Mae XXXX XXXX record of any other assignments. XXXX can not hold the note while Fannie Mae owns it with no other assignments, and XXXX own XX/XX/XXXX and XX/XX/XXXX letters refute its XX/XX/XXXX statement. The recorded Deed of Trust they themselves produced is a XXXX XXXX XXXX XXXX XXXX XXXX XXXX MIN XXXX consistent with Fannie Mae ownership and XXXX with LoanCares claim that XXXX holds the XXXX. In that same XX/XX/XXXX response, XXXX stated it was unable to substantiate any claims of errors in ownership. That statement is refuted by its own sub-servicers same-day letter. They also failed to provide most of what I requested : the XXXX MIN ( which is printed on the Deed of Trust their own originator recorded ), the complete servicing-transfer notices, the notes assignment/endorsement/allonge history, and the life-of-loan payment and remittance history. My prior complaint, No. XXXX, was closed before any of this was resolved.",Trouble during payment process,Mortgage,Conventional home mortgage,Loan sold or transferred to another company,"LoanCare, LLC",2026-07-20T22:05:00.000Z,CA,91405,Closed with explanation,Web
24176958,This complaint is legitimate and should not be treated as a mistake or misunderstanding. My credit report contains inaccurate information that does not meet the standard of maximum possible accuracy. These inaccuracies continue to negatively affect my financial standing and my ability to obtain credit.,Incorrect information on your report,Credit reporting or other personal consumer reports,Credit reporting,Account information incorrect,"TRANSUNION INTERMEDIATE HOLDINGS, INC.",2026-07-14T14:41:21.000Z,NJ,08081,Closed with non-monetary relief,Web
24681636,I talked to the company and they cant provide me with any information. They said that my limit was {$4000.00} but then it says I owe {$4000.00} then I asked him. How am I over the credit card usage when you guys cant provide me what I actually purchased they said they dont have that information I also made a payment when I first got all the equipment for the security system didnt tell me that this was a third-party as well that was giving me the loan so all the information was so incorrect then they cant even provide me proof of purchase I also was told wrong by the sales rep that it was a soft credit check yall look up. Its a hard credit check. All of this was all inaccurate information for me. I dont like the fact that I was told all kind of different stuff I feel like this is fraudulent. No information was corrected on either part.,Incorrect information on your report,Credit card,Store credit card,Account information incorrect,Atlanticus Services Corporation,2026-07-28T15:41:20.000Z,IN,46235,Closed with monetary relief,Web
24188337,"This is my direct complaint submitted on XX/XX/scrub>XXXX XXXX I have not heard back I am writing this letter with extreme frustration and urgency, having endured * * seven months * * of relentless incompetence and outright failures by your company in processing my mortgage payments. Since purchasing my home just seven months ago, I have not had a single moment of peace because of your repeated inability to handle the most basic function of a mortgage servicer : accepting and applying monthly payments. My payments have now been returned four times, including the current months payment, which was sent back to me with no explanation. I have called your customer service line multiple times and personally spoken with several different agents, each of whom confidently assured me that the issue had been corrected and that my account was in good standing. Those assurances were clearly false. To make matters worse, I have now received notification that you are reporting me as late to the credit bureaus despite your agents explicitly telling me this would * * not * * happen. This is unacceptable and potentially damaging to my credit, which I will not tolerate. This level of repeated error, broken promises, and disregard for your customer is outrageous. I have done everything correctly on my end you have failed on yours consistently. * * I demand the following immediately : * * 1. A * * senior account manager * * ( not another low-level customer service representative ) must contact me * * within 48 hours * * to take personal ownership of this file and resolve every deficiency. 2. Full reversal of any late reporting to the credit bureaus, with written confirmation sent to me. 3. Written explanation for every returned payment, including the most recent one. 4. Confirmation that all future payments will be properly processed without delay or rejection. 5. Assurance in writing that no further negative credit reporting or late fees will be applied due to your companys errors. If this is not resolved promptly and professionally, I will escalate this matter further including complaints to the Consumer Financial Protection Bureau ( CFPB ), my state attorney general, and any other regulatory bodies, as well as pursuing all available legal remedies for the harm your negligence has caused. I expect your senior managers call * * no later than [ insert date 2 business days from now ] * *. Do not waste my time with more empty assurances.",Trouble during payment process,Mortgage,VA mortgage,Payment process,Freedom Mortgage Company,2026-07-14T18:29:29.000Z,TX,76140,Closed with explanation,Web
24386732,"I am filing a new complaint because Sallie Mae re-reported a previously removed XXXX delinquency to XXXX in XX/XX/XXXX. This delinquency was already disputed because Sallie Mae retroactively applied my SCRA interest-rate adjustment to XX/XX/XXXX, and issued an account credit of approximately {$510.00}. Despite making that retroactive correction, Sallie Mae has never provided a month-by-month payment history or accounting showing how my account could still have legitimately reached 60 days past due under the corrected interest rate and payment calculations. I previously filed an CFPB complaint. Sallie Maes response did not address the corrected account calculations or provide documentation proving the XXXX delinquency was accurate. The delinquency was subsequently removed from my credit report, but it has now been added back without any explanation or supporting documentation being provided to me. This is a new reporting event and not simply a disagreement with Sallie Maes prior response. Sallie Mae is continuing to furnish disputed information after retroactively correcting the account, while refusing to provide the calculations necessary to substantiate the delinquency.",Problem with a company's investigation into an existing problem,Student loan,Private student loan,Their investigation did not fix an error on your report,SLM CORPORATION,2026-07-20T17:42:14.000Z,CA,92592,Closed with explanation,Web
24161859,"XXXX XXXX I, XXXX filed two cases against me in state court. I represented myself XXXX XXXX. Then they never answered requests for documents, even when ordered by the court to do so later on. The cases ( two of them ) were dismissed for lack of prosecution, which is the same as judgment on the merits. Since then they have come back months later claiming to be seeking to reopen the cases, which are now barred by XXXX XXXX. What they really wanted was to make me an offer in private for me to dismiss a different case I filed against them under the XXXX of Kansas, and in exchange for me doing that they would have the two cases removed with prejudice and set my credit right, but only if I would sign an agreement to release Cavalry and their law firm, XXXXXXXX XXXX XXXXXXXX from liability. At first, I thought it would be a way to end all, so I signed, but after that moment they changed the terms right in front of me and said the second offer was the one they wanted me to sign. I quickly said they changed the terms and are now pointing me to having to give in, where the first on be showed both will agree equally. I tore up the first agreement because they wanted me to sign the second one. I said I would take a look at it after they emailed me and left it at that. I declined and offers went back and forth through email, until I said there will be no more offers and that I will not release XXXXXXXX XXXX XXXXXXXX from any liability. During this I eventually saw what they were doing and it was bribery and coercion, which is illegal and would void any agreement instantly. They have since filed another two cases against me seeking the same claims as before. This is prohibited by law. At the original private meeting at the courthouse, they said very politely they would just keep refiling if I didn't sign the agreement. Which is what they have done. I am waiting on service for the two recently filed, of which I will have to file a motion to dismiss and continue fighting them even though they are barred from relitigating the same action. I am fed up, and enough is enough. If charges can be filed against them, I will do it.",False statements or representation,Debt collection,Credit card debt,Attempted to collect wrong amount,BMO BANK NATIONAL ASSOCIATION,2026-07-14T02:33:02.000Z,KS,672XX,Closed with explanation,Web
24536817,"I sent the atttached rather desperate letter to Bank of America after months of being locked out of my former checking account from my days of working for an Oklahoma company. The latter lockout was accompanied by a block on all communication for reasons that evidently relate to the bank 's incompetence and dereliction of duty rather than anything to do with myself. Following this I was finally helped by XXXX XXXX XXXX of the banks 's New York XXXX XXXX ( XXXX XXXX XXXX XXXX ; XXXX ) and actually sent a credit card. However, I have been locked again apparently because I am a XXXX citizen without an XXXX ' and similarly, as before, I can not pass security when I phone - for similar reasons. Is B of A really entitled to undertake XXXX ' banking? They just don't seem geared up for it. Can you make them understand, do you think - or should I accept defeat and just close my account! Any help would be gratefully received! Best regards, XXXX XXXX",Managing an account,Checking or savings account,Checking account,Problem accessing account,"BANK OF AMERICA, NATIONAL ASSOCIATION",2026-07-23T20:29:21.000Z,,,Closed with explanation,Web
24136327,"I submit this formal complaint against Equifax , TransUnion, and Experian for their continued and willful violations of federal consumer protection laws under the Fair Credit Reporting Act ( FCRA ) and the Fair Debt Collection Practices Act ( FDCPA ). These violations include the unlawful reinsertion of previously deleted accounts without proper notification, failure to ensure maximum possible accuracy, failure to investigate disputes within the mandated time frame, failure to provide verification details upon request, and failure to validate debt prior to reporting. Background & Violations My credit reports contain fraudulent accounts and unauthorized inquiries that the Bureaus have failed to properly investigate and address despite multiple disputes and supporting documentation. Additionally, these Bureaus have removed fraudulent accounts and unauthorized inquiries only to reinsert them without proper validation, constituting an egregious violation of 15 U.S.C. 1692g ( a ) and ( b ). Furthermore, I sent a certified dispute letter to all three credit bureaus requesting verification details, including contracts, signatures, and all relevant documentation for these accounts. Despite more than 15 days passing, I have not received any response or documentation from any of the bureaus, which constitutes an additional violation of federal consumer protection laws, specifically : 15 U.S.C. 1681i ( a ) ( 1 ) ( A ) : Failure to investigate disputes within the required 30-day period. 15 U.S.C. 1681i ( a ) ( 5 ) ( B ) : Failure to provide notice and certification before reinserting previously deleted information. 15 U.S.C. 1681e ( b ) : Failure to ensure maximum possible accuracy. 15 U.S.C. 1692g ( a ) ( 4 ) : Failure to provide verification of debt, including original contracts and signatures, upon request. 15 U.S.C. 1681i ( a ) ( 6 ) ( B ) ( iii ) : Failure to provide specific details on dispute findings. Related Lawsuits & CFPB Actions The CFPB has actively taken enforcement actions against the credit bureaus for similar violations, further demonstrating a pattern of noncompliance. These legal precedents reinforce the validity of my complaint : Experian Lawsuit ( XX/XX/XXXX ) : The CFPB filed a lawsuit against Experian for failing to properly investigate consumer disputes regarding credit report inaccuracies. The lawsuit alleged that Experian allowed erroneous information to reappear on reports, impacting consumers ' credit, employment, and housing access. The CFPB seeks to halt Experian 's misconduct, provide redress, and impose penalties. TransUnion Settlement ( XX/XX/XXXX ) : The CFPB, alongside the FTC, reached a {$15.00} XXXX settlement with TransUnion and its subsidiary, TransUnion Rental Screening Solutions , Inc., for failing to ensure the accuracy of tenant screening reports. The agency charged that TransUnions inaccuracy potentially hindered consumers ' ability to secure housing. TransUnion agreed to pay {$11.00} XXXX in restitution and a {$4.00} XXXX civil penalty and implement enhanced accuracy measures. Equifax Lawsuit ( XX/XX/XXXX ) : The CFPB filed a major lawsuit against Equifax for repeated violations of the FCRA and deceptive practices that misled consumers regarding credit report accuracy. The lawsuit highlighted that Equifax knowingly reported incorrect information, failed to correct disputes in a timely manner, and continued to allow erroneous reinsertion of previously deleted data without proper consumer notification. The CFPB is seeking financial penalties, injunctive relief, and systemic reforms to prevent future violations. These actions underscore the CFPBs commitment to enforcing the FCRA and ensuring that consumer reporting agencies uphold their obligations. My case mirrors these past violations, and I urge the CFPB to take similar action against Equifax , TransUnion, and Experian. Fraudulent Accounts & Unauthorized Reinsertions Disputed Account and Details : XXXX Account Number : XXXXXXXX XXXX XXXX XXXX Violations : FCRA 1681e ( b ), 1681i ( a ), 1681g, 1681s-2 ( b ), 1681i ( a ) ( 5 ) ( B ), 1681c ( a ) FDCPA 1692g ( a ), 1692g ( b ), 1692e ( 8 ), 1692d GLBA 6801 ( b ), 6802 ( a ) Metro 2 formatting and accuracy violations FDUTPA 501.204 ( 1 ), 501.203 ( 3 ) ( c ), 501.976 ( 11 ) FCCPA 559.72 ( 9 ), 559.72 ( 18 ) Demand : Immediate deletion and permanent blocking of this tradeline under FCRA 1681c-2 and FCCPA 559.72 ( 9 ) due to identity theft and lack of verification. This account must be deleted immediately, flagged under Dispute Code 103 Fraudulent, and suppressed permanently as part of your automated fraud deletion protocol, in full compliance with federal and Florida law. Additional Inaccuracies to Remove Fraudulent Hard Inquiry : XXXX XXXX XXXX XXXX XXXX XXXX XXXX XXXX XXXX XXXX, XXXX XXXX XXXX FIN Demand : Immediate deletion and permanent blocking of these inquiries under FCRA 1681c-2 and Florida Consumer Collection Practices Act ( FCCPA ) 559.72 ( 9 ) due to identity theft and lack of verification. Incorrect Employer Listing : XXXXXXXX XXXX XXXX XXXXXXXX XXXX XXXX XXXX XXXX Demand : Immediate deletion and permanent blocking of these employers under FCRA 1681c-2 and FCCPA 559.72 ( 9 ) due to identity theft and lack of verification. Incorrect Address Listing : XXXX XXXX XXXXXXXX XXXX XXXXXXXX XXXX FL XXXX Demand : Immediate deletion and permanent blocking of these address under FCRA 1681c-2 and FCCPA 559.72 ( 9 ) due to identity theft and lack of verification. Demands for Resolution Immediate Removal and Blockage : Remove and block all fraudulent accounts and unauthorized inquiries from my credit file across all three bureaus. Ensure that these accou nts and inquiries are not reinserted without proper validation as required under 15 U.S.C. 1692g ( b ). Written Confirmation : Provide written confirmation of the removal of these accounts and inquiries along with updated copies of my credit reports. Thorough Investigation : Conduct a full investigation into how these fraudulent accounts and inquiries were recorded without my consent. Provide findings in writing, including all requested verification details, such as contracts and signatures. Compliance with Identity Theft Protections : Implement fraud alerts and provide me with identity theft resources as mandated under 15 U.S.C. 1681g ( e ). The continued noncompliance by Equifax , TransUnion, and Experian has caused significant financial harm and distress. The reinsertion of fraudulent accounts and inquiries without proper validation exacerbates these violations. Given the CFPBs history of legal action against these credit bureaus for similar misconduct, I urge immediate enforcement action to ensure compliance with federal law and provide appropriate remedies under 15 U.S.C. 1681n and 1681o for willful and negligent violations. Your intervention is necessary to ensure these Bureaus are held accountable and that my credit report is permanently corrected.",Problem with a company's investigation into an existing problem,Credit reporting or other personal consumer reports,Credit reporting,Their investigation did not fix an error on your report,"TRANSUNION INTERMEDIATE HOLDINGS, INC.",2026-07-13T15:58:52.000Z,FL,33569,Closed with non-monetary relief,Web
24248135,"I received a escrow shortage report from Freedom Mortgage Company in XX/XX/year>, That showed I was {$940.00} short. I agreed to pay the escrow shortage amount so my current mortgage payment would not change by much if any. I called Freedom Mortgage in XX/XX/year>, an scheduled the {$940.00} payment to draft on XX/XX/year>. The person I spoke to insured me my new payment of {$2000.00} would not process and my new payment would be {$1900.00} and that would only be a increase of {$78.00} from current payment of {$1800.00}. On XX/XX/year> the escrow short payment cleared as scheduled, On XX/XX/year> my new mortgage pay cleared in the amount of {$2000.00} not {$1900.00}. This caused my account to be in a negative status due to the incorrect amount summited by Freedom Mortgage. I called to speak to someone about this and they told me the rep that processed my escrow payment was suppose to make note not to process the {$2000.00} payment because the escrow shortage has been paid. This did not happen and I had to call my bank and dispute the incorrect payment amount so I would not have to pay the over draft fee for my other bills that came through. I was issued a credit {$78.00} back by Freedom Mortgage on XX/XX/year> and I paid the correct amount of {$1900.00} XXXX XX/XX/year> XXXX after they gave me the credit. Now my credit report is showing 30 & 60 days late for a mistake that they made my summiting the incorrect mortgage payment and causing my bank account to incur bank fees. I have never paid my mortgage late the whole 5 plus years I've been with this company, I have asked them to correct the incorrect credit reporting and they will not. I have disputed this with three credit companies and they are saying the mortgage company is stating the information is correct.",Trouble during payment process,Mortgage,FHA mortgage,Payment process,Freedom Mortgage Company,2026-07-16T00:11:08.000Z,MD,20603,Closed with explanation,Web
24427830,"Barclays is violating XXXX XXXX and the XXXX XXXX XXXX XXXX by failing to honor a billing error notice following a proper revocation of authorization [ XXXX, XXXX ]. I formally revoked XXXXXXXX XXXX authorization to charge my card. I have attached written proof that XXXX took possession of the revocation letter sent via XXXX certified mail on XX/XX/year> via a human. Despite having no legal authorization beyond this date to do so, XXXX charged my card XXXX more times ( XXXX monthly charges for XXXX additional months ) after this date and likely would have continued to do so had I not then permanently closed the account. Barclays is ignoring my proof of delivery. Furthermore, Barclays engaged in an unfair and deceptive practice by back-dating their denial correspondence, ensuring it arrived at my home after their arbitrary XXXX response window had already closed, denying me due process. Even when these issues were pointed out in detail in another appeal sent to Barclays, they have continued to deny my requests to further investigate or re-open the dispute cases. You will also notice in the attachments that their "" reasons '' for denial don't even address my reasons for requesting the disputes on the charges, which was also pointed out in detail in the most recent letter. Again, they maintained their original reasons for denial which have nothing to do with the valid legal reasons my disputes should be upheld in my favor.",Problem with a purchase shown on your statement,Credit card,General-purpose credit card or charge card,Credit card company isn't resolving a dispute about a purchase on your statement,BARCLAYS BANK DELAWARE,2026-07-21T14:51:20.000Z,TN,377XX,Closed with explanation,Web
24412005,"I am submitting this follow-up complaint to the Consumer Financial Protection Bureau regarding inaccurate, incomplete, and unverifiable information that continues to appear on my consumer credit reports maintained by Experian and TransUnion despite my prior concerns and requests for proper investigation. The disputed information remains unresolved, and the continued reporting of inaccurate account history, delinquency information, and charge-off status is negatively affecting my consumer credit profile. I dispute the continued reporting of FST PREMIER account number XXXX * *, which is reporting a balance owed of {$430.00}, date opened XX/XX/XXXX, and date of last activity XX/XX/XXXX, while reflecting inaccurate XXXX late payment indicators for XX/XX/XXXX and XX/XX/XXXX. I also dispute XXXX XXXX account number XXXX * * * * * * * * * * * * * * * * * * * with a balance owed of {$0.00}, date opened XX/XX/XXXX, and date of last activity XX/XX/XXXX, which is reporting inaccurate delinquency information, including XXXX late payment indicators from XX/XX/XXXX through XX/XX/XXXX and XX/XX/XXXX, along with a XXXX late payment indicator for XX/XX/XXXX. Additionally, I dispute XXXX XXXX BANK account number not provided, which is reporting a balance owed of {$19000.00}, date opened XX/XX/XXXX, and charge-off information that has not been properly verified for accuracy, completeness, or compliance with federal reporting requirements. I am requesting a complete reinvestigation of these accounts because I have not been provided sufficient documentation demonstrating that the reported payment history, delinquency dates, account status, and balances are accurate and supported by reliable records. Under FCRA 609 ( a ) ( 1 ), 15 U.S.C. 1681g, I am requesting full disclosure of the information contained within my consumer file, including the identity and contact information of each furnisher, original creditor information, account records, complete payment history, date of first delinquency, records supporting reported late payments, charge-off documentation, and all documents relied upon to verify the accuracy of the disputed reporting. Under FCRA 611, 15 U.S.C. 1681i, the consumer reporting agencies are required to conduct a reasonable reinvestigation of disputed information and correct or delete any information that can not be verified. Additionally, under FCRA 607 ( b ), 15 U.S.C. 1681e ( b ), consumer reporting agencies must follow reasonable procedures to assure maximum possible accuracy of consumer reports. The continued reporting of these disputed late payments and charge-off information without sufficient verification demonstrates a failure to meet the accuracy and verification requirements of the Fair Credit Reporting Act.",Problem with a company's investigation into an existing problem,Credit reporting or other personal consumer reports,Credit reporting,Their investigation did not fix an error on your report,"TRANSUNION INTERMEDIATE HOLDINGS, INC.",2026-07-21T04:43:07.000Z,MO,64157,Closed with non-monetary relief,Web
24023145,On XX/XX/year> Prg XXXX left a voice mail with my daughter and husband stating XXXX XXXX which was my name before I married twice now that there was a compliant that was pending being filed due to lack of response. I was contacted once by a different company never by this one in writing or phone. When I spoke to a person they stated that I had to make a payment today or a payment plan or I was going to be sued. I explained that I had talked with the original debt company and they explained it was bought and I had to make arrangements to pay this I could talk with someone to see if I qualify for a discount due to my limited free money at this time another person got on the phone and stated I had two choices I could pay today or they could put a lein on my car they would garnish my wages and proceeded to bully and make assumptions about what was going to happen. They gave me a deadline and then said I had until XXXX to pay. I told them I couldn't do those arrangements. They then messaged my husband again with the message that I needed to pay. They sent email stating that I had agreed to male a payment and the payment was denied that was false information they had no bank account information from me noe was any payment attempts were made on my current bank account in fact the bank account on original contract has been closed for over 3 years.,Took or threatened to take negative or legal action,Debt collection,Private student loan debt,Threatened to sue you for very old debt,Green Square Company LLC.,2026-07-09T13:12:34.000Z,FL,324XX,Untimely response,Web
24675947,"I am filing this complaint because my credit card issuer, Best Buy Credit Services ( Citibank , N.A . ), improperly denied my dispute by incorrectly categorizing it as a standard "" billing error, '' rather than evaluating my claim regarding defective merchandise under consumer protection guidelines and Visa Core Rules ( specifically Reason Code XXXX : Not as Described or Defective Merchandise ). On XX/XX/year>, I purchased a pair of XXXX XXXX sneakers from XXXX XXXX for {$150.00}. Upon receiving the product, I discovered severe structural and material defects rendering the item unfit for use as new merchandise. As demonstrated in the photographic evidence provided to the issuer : The interior insole is completely unattached and unglued from the shoe bed, lifting up freely to reveal exposed interior tape and unfinished stitching underneath ( reference file : XXXX ). The side leather panel displays severe creasing, structural imperfections, and material flaws that fail to meet baseline quality standards for new footwear ( reference file : XXXX ). I initiated a dispute with Best Buy Credit Services to obtain a refund for these defective goods. I did not attempt a return directly with the merchant beforehand because XXXX XXXX 's rigid non-return policies and documented history of refusing customer service assistance for defective items render such an attempt entirely futile. A merchant 's internal policy does not negate a consumer 's right to protection against defective merchandise under Visa network regulations. On XX/XX/year>, Best Buy sent a request for additional information. I supplied the necessary photographic evidence documenting these physical defects. Despite providing this photographic proof, I received a resolution letter dated XX/XX/year>, stating that my dispute was denied because Best Buy was "" unable to identify or determine that a billing error occurred, '' holding me responsible for the {$150.00} charge. Best Buy Credit Services ' determination is fundamentally flawed. I am not disputing statement math or alleging a "" billing error '' ; I am asserting my right as a Visa cardholder to dispute a charge for defective merchandise delivered by a merchant. The issuer completely ignored the visual evidence of the unglued footbed and flawed leather.",Problem with a purchase shown on your statement,Credit card,General-purpose credit card or charge card,Credit card company isn't resolving a dispute about a purchase on your statement,"CITIBANK, N.A.",2026-07-28T13:50:56.000Z,OH,43065,Closed with monetary relief,Web
24618342,"Cfpb Help my rights are being violated, 15 U.S.C code 1692 ( b ) of the FDCPA requires debt collectors to cease collection activities and provide proper validation of the debt when requested in writing within XXXX days of initial contact. This account Are not XXXX XXXX accurate. Until you provide competent evidence that validates the debt- including signed agreement, full account history, and verification of your authority to collect you must cease all collection efforts and remove the information from my credit report. Under 15 U.S.C. 1681iand 15 U.S.C. 1681s-2 ( b ) : I am demanding immediate deletion of these accounts. XXXX XXXX XXXX XXXX",Took or threatened to take negative or legal action,Debt collection,I do not know,Threatened to turn you in to immigration or deport you,"Lockhart, Morris & Montgomery Inc.",2026-07-26T18:46:51.000Z,MI,48910,Closed with explanation,Web
24660668,"I purchased a product off XXXX for a lower price then other sellers had it listed for. After 2 days of the seller not shipping the product I reached out and asked if it would ever be shipped. About an hour later the seller cancelled the order with no reason given. I presumed they did not want to sell the item for the price they had it listed for when I purchased it. I reached out to XXXX support because I wanted to know if this was something they had an issue with. The support rep I spoke to told me I could re-order the item at a higher price, once it came, I could contact XXXX and they would give me a refund for the difference in price I paid. So I purchased the item and it arrived, I reached out to support and a different rep told me that wasn't something XXXX did. So I started a regular old return on the product as I did not want to keep it for that price. I never even opened the product. It sat in the box it shipped in in my living room until I learned that I would not be credited the difference. After dropping the product off at a XXXX store I waited for it to arrive at XXXX shipping center so I could get my money back. On the XXXX of XXXX when XXXX site listed my refund would be issued, I reached out to support and they told me my refund had been approved just not initiated yet. A day later I got an email saying I "" didn't return the item I ordered '' which is blatantly incorrect.",Problem with a company's investigation into an existing problem,Checking or savings account,Checking account,Their investigation did not fix an error on your report,WELLS FARGO & COMPANY,2026-07-28T01:08:14.000Z,SD,57702,Closed with explanation,Web
24374934,"I am an unrepresented consumer filing a formal complaint against XXXX XXXX Mortgage ( XXXX ) and XXXX XXXX XXXX XXXX LoanCare , LLC for severe administrative errors, conflicting disclosures, deceptive verbal statements on recorded lines, and failure to provide material program disclosures during a servicing transfer. I am acting in good faith to restructure my mortgage via XXXX FHA loss mitigation to stay in my home, but the servicers are violating RESPA guidelines and FHA compliance.Account Timeline and Conflicting Disclosures : I purchased my home in XX/XX/XXXX with an FHA loan. My first payment was scheduled for XX/XX/XXXX. Right before that due date, my commission income was significantly halted by the federal government shutdown. I am a Sales Agent employed by the XXXX XXXX XXXX, selling and setting up certification training cycles for external clients, including government-funded organizations and public contractors whose budgets were immediately frozen by the shutdown.Prior to the shutdown, my performance records demonstrate financial stability and high performance : my year-to-date attainment was 102.98 % in XXXX, 108.32 % in XXXX, and 104.84 % in XXXX, ending XXXX at 104.84 % of my goal. This high-performing trajectory aligned me directly for a tiered fiscal year performance bonus scheduled to pay out in XX/XX/XXXX totaling {$25000.00} ( {$5000.00} at 100 % of goal, + {$10000.00} at 105 %, and + {$10000.00} at 110 % ). XXXX entirely to the shutdown freezing institutional client budgets, my attainment dropped to 88.09 % in XXXX and 77.46 % in XXXX, collapsing this pipeline and stripping away this anticipated lump-sum capital. XXXX verified this hardship and approved me for an FHA Deferment in XX/XX/XXXX, and a subsequent XXXX Forbearance Plan on XX/XX/XXXX ( setting my legal payments to {$0.00} from XX/XX/XXXX, to XX/XX/XXXX ). My normal XXXX base salary was {$18.00} per hour ( XXXX week ) in XXXX, increasing to {$19.00} per hour on XX/XX/XXXX. On XX/XX/XXXX, my daughter was born, and I was approved for employer-paid parental leave for XXXX weeks at 80 % of my base pay, compounding my temporary hardship. As client budgets slowly unfroze, my numbers began recovering, heading back up to end XXXX at 83.84 %. On XX/XX/XXXX, XXXX sent an incomplete application notice. On XX/XX/XXXX, XXXX sent a formal written notice confirming my application was fully Complete as of XX/XX/XXXX, XXXX XX/XX/XXXX, XXXX issued XXXX formal denial letter. The written letter stated I was denied for an FHA Standalone Modification and Standalone Partial Claim strictly because I "" have not made at least the minimum number of monthly payments required per investor guidelines. "" Verbal Misrepresentation : When I called XXXX to dispute this, a customer service representative stated on a recorded phone line that I was denied because "" documents were never received. '' This verbal statement directly contradicted XXXX 's own XX/XX/XXXX written confirmation of completeness.Servicing Transfer and Pending Legal Dispute : To dispute these errors, I mailed a comprehensive Qualified Written Request ( QWR ) to both LoanCare ( New Servicer ) and XXXX ( Prior Servicer ) in strict accordance with the addresses listed in the "" Notice of Servicing Transfer '' ( Attached as Exhibit J ). XXXX confirms the QWRs were delivered and signed for on XX/XX/XXXX and XX/XX/XXXX. LoanCare subsequently issued an Acknowledgement Letter dated XX/XX/XXXX ( Attached as Exhibit G ), confirming the inquiry was active. Despite this written acknowledgement and actual knowledge of the errors, LoanCare proceeded to issue a new denial letter just 12 days later on XX/XX/XXXX, demanding an immediate lump-sum payment of {$19000.00} to stop foreclosure.Failure to Disclose and Unlawful Evaluation : The XXXX Rule : LoanCare 's denial claims I am ineligible for an FHA Recovery Modification-Trial strictly XXXX I "" have not made XXXX or more principal & interest payments. '' This automated rule directly penalizes me for utilizing a prior, lender-approved FHA forbearance XXXX that legally reduced my payments to $ XXXX of RESPA Early Intervention ( XXXX XXXX XXXX ) : At no point during this XXXX process did XXXX or LoanCare ever disclose that XXXX "" XXXX minimum '' existed for modification eligibility. Hiding material guidelines while actively managing a year-long loss mitigation review prevented me from making informed financial decisions.",Struggling to pay mortgage,Mortgage,FHA mortgage,"Applying for or obtaining a modification, forbearance plan, short sale, or deed-in-lieu","LoanCare, LLC",2026-07-20T11:00:19.000Z,LA,70458,Closed with explanation,Web
23912758,I voluntary return the car and they said it was gone auction off for the full price but they didnt leaving me with a high balanced stew. I told him I am disabled. Im on Social Security now unable to pay that amount. They told me thats not my problem and then it showed up on my credit report. I said they told me they were gon na auction it off for close to what is old which is like {$6000.00} or maybe less and they did not do that all calls or recorded. I hope they could pull it up. I called them and it said that they were not supposed to report that on my credit report and I just got the run-on.,Improper use of your report,Vehicle loan or lease,Loan,Reporting company used your report improperly,CREDIT ACCEPTANCE CORPORATION,2026-07-06T20:33:08.000Z,TX,79936,Closed with explanation,Web
24399351,"I dispute Credit Control, LLCs attempt to collect an alleged XXXX debt because the company has not established that it is collecting the correct account or the correct amount. Its XX/XX/year> collection notice contains unexplained charges and adjustments, uses an account identifier that does not match the XXXX account appearing on my credit reports, and conflicts with the balances, statuses, and dates reported by Equifax, Experian, and TransUnion. This alleged XXXX obligation also has a prior collection history involving XXXX XXXX XXXX. XXXX XXXX collection tradeline concerning a XXXX account was previously removed from all three nationwide consumer reporting agencies. Credit Control is now attempting to collect an alleged XXXX debt without explaining whether it is the same obligation previously associated with XXXX XXXX, why a different account identifier is being used, or why the amount has changed. XXXX XXXX unsupported XXXX XXXX Controls XX/XX/year> notice identifies : Reference number : XXXX Alleged creditor : XXXX Account number : Beginning with XXXX Balance as of XX/XX/year> : {$1400.00} Interest added : {$0.00} Non-interest charges or fees added : {$250.00} Payments or credits applied : {$160.00} Current amount claimed : {$1400.00} Credit Control provides no account-level records explaining the {$250.00} in added charges or fees. It does not identify when the charges were imposed, who imposed them, what each charge represents, or the contractual or legal basis for adding them. The notice also fails to identify the date, source, or nature of the alleged {$160.00} payment or credit. It does not state whether that amount was a payment, adjustment, refund, reversal, account credit, or some other transaction. The notice therefore presents only a mathematical summary. It does not establish that the underlying account belongs to me, that the balance is accurate, or that the added charges are authorized. Material mismatch with the XXXX credit bureaus XXXX XXXX identifies an alleged XXXX account beginning with XXXX and seeks to collect {$1400.00}. However, my XX/XX/year> three-bureau credit report identifies the disputed XXXX account XXXX a different partial account number, ending in XXXX, and reports a balance of approximately {$1600.00}. The reporting agencies also materially disagree about the status of the alleged account : TransUnion reports the XXXX account as a collection or charge-off. Experian reports the XXXX account as a collection or charge-off. Equifax reports the account as open and approximately 120 days late. The reports further conflict regarding : the current balance ; the original balance ; the partial account number ; whether the account is open or closed ; whether the account is delinquent, charged off, or in collection ; the date of last payment ; the date reported ; the delinquency history ; the charge-off information ; and the collection status. These are not harmless formatting differences. They concern the identity, amount, status, history, and legal character of the alleged obligation. Credit Control has not explained how its account beginning with XXXX relates to the XXXX account ending in XXXX. It has not explained why it is demanding {$1400.00} while the bureaus report approximately {$1600.00}. It has also not explained why Equifax reports an open delinquent account while Experian and TransUnion report a collection or charge-off. Without reconciling those discrepancies, Credit Control can not reasonably establish that it is collecting the correct account in the correct amount. XXXX XXXX XXXX collection and deletion This alleged XXXX obligation has already been associated with a previous debt collector. XXXX XXXX XXXX previously reported a XXXX collection account. After the account was disputed, XXXX Capitals collection tradeline was deleted from Equifax, Experian, and TransUnion. I understand that deletion of a prior XXXX tradeline does not, by itself, establish that no underlying obligation exists. However, it is highly relevant to account identity, collection history, placement history, and data accuracy. Credit Control has not disclosed or explained : whether it is collecting the same alleged XXXX debt previously handled by XXXX XXXX ; when and why the account was transferred or reassigned ; whether XXXX XXXX returned the account to XXXX ; whether the prior deletion resulted from inadequate documentation, inaccurate reporting, reassignment, or another reason ; why Credit Control uses a different partial account number ; why the balance now differs from the amounts previously reported ; or what records Credit Control reviewed before beginning collection. A previously deleted collection account should not simply reappear through another collector under a different identifier and balance without a documented and accurate reconciliation of the account history. Entire debt and collection claim disputed I dispute the alleged debt in its entirety, including : liability ; account identity ; amount ; balance calculation ; added fees and charges ; payments and credits ; payment history ; delinquency history ; ownership ; assignment or placement history ; Credit Controls authority to collect ; the relationship between Credit Control, XXXX, and XXXX XXXX ; and the accuracy of any information communicated or furnished concerning the account. I am not requesting a conclusory statement that Credit Controls records show the balance is correct. I am requesting actual account-level evidence that identifies the obligation and reconciles the material contradictions. Documentation and explanations requested I request that Credit Control provide : The complete original XXXX account number, subject only to necessary security redactions. The full name and address of the original creditor. The original service agreement, device agreement, application, installment agreement, or other record allegedly creating the obligation. Records showing how the alleged account was connected to me. The complete XXXX billing history from account opening through placement with Credit Control. The final XXXX billing statement. A complete itemized ledger identifying every service charge, device charge, tax, fee, payment, credit, adjustment, refund, reversal, and balance change. The date, amount, description, and authority for every charge included in the alleged {$250.00} in non-interest charges or fees. The date, source, and nature of the alleged {$160.00} payment or credit. Documentation showing how Credit Control calculated the current balance of {$1400.00}. Documentation reconciling Credit Controls {$1400.00} demand with the approximately {$1600.00} balance appearing on the current credit reports. Documentation reconciling the account beginning with XXXX with the XXXX account ending in XXXX. The account opening date, closing date, date of default, date of last payment, date of charge-off, and date the account was placed for collection. Documentation identifying whether Credit Control owns the alleged debt or is collecting on XXXX behalf. Documentation establishing Credit Controls authority to collect. The complete placement or assignment history involving XXXX, XXXX XXXX XXXX, Credit Control, and any other collector. The date Credit Control received the account and the records it received from XXXX. An explanation of whether Credit Control is collecting the same alleged obligation previously reported by XXXX XXXX. An explanation of why XXXX XXXX tradeline was deleted from all three bureaus, to the extent Credit Control or XXXX possesses that information. The name of every consumer reporting agency to which Credit Control has furnished or caused information to be furnished. The exact account number, balance, status, dates, and remarks furnished to each reporting agency. Written confirmation that the account is identified as disputed wherever XXXX XXXX has communicated information concerning it. Requested resolution I request that Credit Control cease collection while the account remains disputed and provide complete account-level documentation establishing the identity, amount, history, and collection authority for the alleged debt. Credit Control should specifically reconcile : its account beginning with XXXX with the XXXX account ending in XXXX ; its claimed balance of {$1400.00} with the approximately {$1600.00} balance reported by the bureaus ; Equifaxs open and delinquent status with Experians and TransUnions collection or charge-off status ; the unexplained {$250.00} in added charges ; the unexplained {$160.00} payment or credit ; and the prior XXXX XXXX XXXX and deletion history. Credit Control should also confirm whether it furnished or caused information to be furnished to any consumer reporting agency and ensure that any such information is identified as disputed. If Credit Control can not produce competent records establishing that it is collecting the correct account, from the correct consumer, in the correct amount, it should : close the collection account ; cease all collection activity ; return the account to XXXX ; correct or withdraw any inaccurate information it furnished or caused to be furnished ; and provide written confirmation of those actions. This complaint is not a refusal to pay a proven and accurately documented obligation. It is a formal dispute of a collection claim whose identity, balance, status, fees, history, and relationship to a previously deleted collection account remain materially unsupported and unreconciled.",False statements or representation,Debt collection,Telecommunications debt,Attempted to collect wrong amount,"Credit Control, LLC",2026-07-20T21:55:46.000Z,FL,33312,Closed with explanation,Web
24234266,"A NewRez mortgage insurance sales representative, XXXX XXXX, called to sell me a policy. I told him I was not interested, but he continued to press, telling me to reschedule and demanding to know the exact time I would be available. I explained that I am an XXXX service member currently on XXXX orders for annual training and could not provide an exact time due to the nature of the mission. He responded in a condescending manner, repeatedly insisting that I didnt know my own schedule, and refused to end the call despite my repeated statements that I was not interested and unable to talk. Due to his refusal to disengage, I had a member of my chain of command speak with him directly. Rather than de-escalating, XXXX XXXX became more aggressive and began pressing my chain of command with the same tactics, prompting them to end the call. Shortly after, he called me back and threatened to report me despite the fact that I had done nothing other than decline a sales pitch while on duty. I consider this conduct inappropriate, unprofessional, and disrespectful toward a service member performing official military duties.",Trouble during payment process,Mortgage,VA mortgage,Private mortgage insurance (PMI),"Shellpoint Partners, LLC",2026-07-15T19:18:55.000Z,CO,80222,Closed with explanation,Web
24472719,"I am submitting this complaint because XXXX XXXX XXXX XXXX is attempting to collect an alleged debt in the amount of {$1100.00} that I do not recognize, did not open, and never authorized. This account is allegedly related to a Macys Credit Card issued by Citibank , N.A . I want to be very clear : I am not the debtor, I do not owe this debt, and I refuse to accept responsibility for an account that I did not create or benefit from. I was extremely concerned and frustrated to discover that this company is pursuing me for an account that appears to be the result of identity theft or unauthorized use of my personal information. I never applied for this account, never signed any agreement with Macys or Citibank for this obligation, and never gave permission for anyone to use my information to open or maintain this account. Despite having no proof that I am responsible for this alleged debt, XXXX XXXX XXXX XXXX is attempting to collect money from me and treating me as if I am the person who created this account. This is completely unacceptable. I should not be held responsible for a debt that does not belong to me, especially when the company has failed to provide any documentation proving that I am legally liable. I dispute this alleged debt under the Fair Debt Collection Practices Act ( FDCPA ), including XXXX XXXX. XXXX, and I demand proper validation. A generic balance statement or account information provided by a creditor is not enough. XXXX XXXX XXXX XXXX must provide actual documentation proving that I opened this account, authorized the charges, and legally owe this debt. The continued attempt to collect this account without proper proof raises serious concerns regarding violations of my consumer rights, including : XXXX XXXX. XXXX and XXXX of the FDCPA, which prohibit deceptive, misleading, and unfair collection practices ; XXXX U.S.C. XXXX, which requires proper validation of disputed debts ; XXXX U.S.C. XXXX ( b ) of the FCRA, which requires maximum possible accuracy when reporting consumer information ; XXXX U.S.C. XXXX, which requires furnishers to investigate and maintain accurate information. I am requesting that XXXX XXXX XXXX XXXX stop treating this fraudulent account as my responsibility and conduct a proper investigation. If they can not provide sufficient evidence proving that I opened and authorized this account, they must immediately stop collection efforts and remove my information from their records related to this alleged debt. I want XXXX XXXX XXXX XXXX to immediately cease all collection activity regarding this alleged account unless they can provide complete and legally valid documentation proving that I am responsible for this debt. I am requesting a full investigation into how this account became associated with my personal information and why I am being pursued for a debt I never created. I also request that XXXX XXXX XXXX XXXX permanently remove this alleged account from their internal records if they can not validate my responsibility, stop contacting me regarding this matter, and ensure that this inaccurate information is not reported to any consumer reporting agency. I should not have to defend myself against a debt created through possible identity theft. I have suffered unnecessary stress and concern because a company is attempting to collect money from me for an account that I never opened and never authorized. I expect this matter to be handled seriously, and I request CFPB assistance in ensuring that my rights as a consumer are protected.",Attempts to collect debt not owed,Debt collection,I do not know,Debt was result of identity theft,"CITIBANK, N.A.",2026-07-22T15:00:22.000Z,NJ,07105,Closed with non-monetary relief,Web
24514281,"I disputed a medical collection with Aargon Agency Inc. ( Account # XXXX ) via XXXX ( Report # XXXX ). XXXX rejected my dispute and verified the account. However, Aargon 's own official 5-page hospital ledger ( attached ) shows the registration date was XX/XX/2024. Aargon is illegally reporting the 'Date Opened ' as one month ago on my credit file. This is a deliberate re-aging violation of the FCRA designed to artificially damage my credit score. Furthermore, Page 2 shows all actual medical procedure balances are {$0.00}. I demand immediate deletion of this unverified, non-compliant trade line.",False statements or representation,Debt collection,Medical debt,Attempted to collect wrong amount,"Aargon Agency, Inc.",2026-07-23T11:56:33.000Z,OK,73701,Closed with explanation,Web
24025842,"In XX/XX/year>, my auto loan with this company was reported 30 days past due. The late payment was caused by an automatic payment failure, not an inability or unwillingness to pay. I brought the account current immediately after discovering the issue. This was a single, isolated event every other payment on the account was made on time. The account has since been paid in full. The final payoff of {$5100.00} posted, and the account is now closed with a {$0.00} balance. I contacted the company through its secure message center, submitted a written goodwill request to its Credit Dispute department, and also called XXXX XXXX by phone. On the phone I was told the company "" does not handle this, '' and the written response simply directed me to the credit bureaus without reviewing my request. I am not claiming the late payment is inaccurate. I am respectfully requesting a one-time goodwill adjustment : given the full payoff, the single isolated nature of this 30-day late, the automatic-payment cause, and my otherwise perfect payment history with the company ( including another auto account with them in good standing ), I ask that the company remove the XX/XX/year> 30-day late-payment notation. Desired resolution : remove the XX/XX/year> 30-day late-payment notation from all consumer credit bureaus ( XXXX XXXX XXXX XXXX XXXX.",Problem with a company's investigation into an existing problem,Vehicle loan or lease,Loan,Difficulty submitting a dispute or getting information about a dispute over the phone,Mercedes Benz Financial Services,2026-07-09T14:13:15.000Z,FL,331XX,Closed with explanation,Web
24602896,"I am reporting unauthorized credit card fraud and merchant retaliation. In XX/XX/XXXX, Citibank investigated a disputed charge from the merchant XXXX XXXX XXXX for {$940.00} and officially ruled the dispute in my favor, removing the charge. Citi XXXX XXXX credit card had written to me that this decision and credit was permanent. In XX/XX/XXXX, the merchant bypassed the legal dispute resolution by intentionally and manually re-processing my credit card for the exact same amount of {$940.00}. I did not authorize this transaction, I did not sign for it, and I have had no new business dealings or agreements with this merchant since the original XXXX dispute.The merchant used my card information without my consent to force a payment I do not owe, which constitutes unauthorized card-not-present fraud. My credit card issuer, Citibank, has failed to reverse this fraudulent charge and ruled this time in the merchants favor and has now rebooked me {$940.00}. I am filing this report to document the merchant 's illegal billing practices and unauthorized use of my financial information and Citibanks responsibility to honor their original investigation and credit back {$940.00}.",Problem with a purchase shown on your statement,Credit card,General-purpose credit card or charge card,Credit card company isn't resolving a dispute about a purchase on your statement,"CITIBANK, N.A.",2026-07-25T15:13:20.000Z,CA,92262,Closed with monetary relief,Web
23989549,"I am submitting this complaint because PennyMac Loan Services has failed to properly address the inaccurate and harmful reporting of a XXXX late payment on my credit report. I am requesting that PennyMac conduct a complete and meaningful investigation into this reporting and remove the XXXX late payment from my credit history. The continued reporting of this late payment is causing significant financial harm, including damage to my credit score and difficulty obtaining future credit and housing opportunities. Although PennyMac has stated that the reporting is accurate, I dispute that conclusion. PennyMac must not simply verify the information without reviewing the complete account history, payment records, communications, hardship circumstances, and how the account was handled during the forbearance process. I entered the forbearance process during a documented financial hardship and made efforts to resolve my mortgage obligations. I acted in good faith and relied on PennyMacs servicing and communication regarding my account. The reporting of a late payment without properly considering the circumstances and servicing history is unfair and does not accurately reflect my efforts to remain responsible for my mortgage. I am requesting that PennyMac : 1. Conduct a full investigation, not a superficial verification. XXXX Review all payment records, account notes, call recordings, and correspondence related to my forbearance and payment history. XXXX. Explain in detail the exact basis for reporting the XXXXday late payment. XXXX. Provide documentation showing how the reporting complies with applicable credit reporting requirements. XXXX. Correct the reporting by removing the XXXXday late payment from all consumer reporting agencies if PennyMac can not verify that the reporting is completely accurate and properly supported. This negative mark has created ongoing financial damage despite my attempts to resolve the matter directly. I am requesting a fair resolution and correction of my credit file. Please do not close this complaint with a generic response stating that the information was verified. A proper investigation requires a review of the complete facts and supporting documentation. I am requesting that PennyMac provide a detailed written response explainin",Improper use of your report,Mortgage,FHA mortgage,Reporting company used your report improperly,"PENNYMAC LOAN SERVICES, LLC.",2026-07-08T17:23:50.000Z,FL,33032,Closed with explanation,Web
24699849,"Accuracy in the credit information they report and may be liable under 15 U.S.C. 1681 accuracy and Your reporting agency has failed to maintain reasonable procedures in your operations to assure maximum possible and fairness of credit reporting. Also, in XXXX v. Equifax Information Services LLC ( D. Ariz. 2018 ).",Problem with a company's investigation into an existing problem,Credit reporting or other personal consumer reports,Credit reporting,Investigation took more than 30 days,"TRANSUNION INTERMEDIATE HOLDINGS, INC.",2026-07-28T20:31:31.000Z,SC,29466,Closed with explanation,Web
24244045,"I submitted a dispute to you regarding multiple inaccuracies on my credit report, including incorrect personal information ( name, addresses ) and multiple inaccurate account entries. Despite providing supporting documents, such as my driver 's license, proof of address, and social security card, you have failed to correct these errors. These inaccuracies impact my credit standing and violate the Fair Credit Reporting Act ( FCRA ), which requires credit bureaus to ensure maximum possible accuracy. Additionally, some of these accounts may involve debts that should have been reported differently under 1099-C tax laws. I formally requested verification and removal of these items, but you have not taken appropriate action.",Incorrect information on your report,Credit reporting or other personal consumer reports,Credit reporting,Account status incorrect,"TRANSUNION INTERMEDIATE HOLDINGS, INC.",2026-07-15T23:01:06.000Z,NY,11581,Closed with explanation,Web
24675428,"To who it may concern, I am writing this to escalate an issue with XXXX XXXX XXXX. The issue occurred over late payments due to being unable to enroll in XXXX through their system. As a note about myself I set up every account on auto pay and because of this I have never had a late payment noted on my credit history until I leased a car through XXXX XXXX XXXX. The issue started with a call from XXXX XXXX XXXX in XXXX of XXXX where they notified me of late payments and requested payment over the phone. With an abundance of caution I do not make payments over the phone, so I informed them I would log into the system and make a payment. I got off the call an logged into the app where I made a payment in full of the due balance on the account. Today, XX/XX/year> I saw an email alerting me to changes on my credit history where I saw that I was reported for a late payment. I contacted XXXX XXXX XXXX not to dispute the late payment, but to request a good will adjustment and get auto pay set up, because their system was still not allowing me to enroll in XXXX. After being on the call for XXXX and requesting escalation to a supervisor multiple times, I was unable to stay on the call any longer. I requested it be noted in the account that I was not able to speak to a supervisor and that I had called to enroll in autopay over the phone since their system prevented me as well as request a goodwill adjustment given my history of on time payments and a willingness to pay in full as soon as they had contacted me about the over due balance. The representative that I spoke with was XXXX XXXX, and I was provided with a case number as well. I am willing to work with the company to resolve this issue, but was unable to do so through their customer support line.",Incorrect information on your report,Vehicle loan or lease,Lease,Account status incorrect,HYUNDAI CAPITAL AMERICA,2026-07-28T13:21:44.000Z,MA,017XX,Closed with explanation,Web
24409158,"The mortgage company keeps sending too much money to the insurance company, for no reason. Thus, my escrow has increased astronomically, resulting in my monthly mortgage payment going from {$3200.00} to over {$4300.00}. Part of the problem is that the mortgage company failed to realize that the FLOOD insurance is BUNDLED with the HAZARD insurance, and sent thousands of dollars without my consent. XXXX, the insurance company, told me that they shouldn't just be sending all of this money to them. I've spent over 8 hours on the phone trying to fix this mess. It's unacceptable. I'm a XXXX Veteran with major health issues right now. The egregious mishandling of my escrow is giving me worry that I won't be able to afford my mortgage payment, especially as it seems to be going up every single month due to the gross incompetence described. I am demanding that my escrow by reduced to the bare minimum legal limit, which is just the FLOOD coverage. I pay my entire insurance premium in full to the insurance company ; I pay my entire tax bill to the tax collector. The fact that loan servicers can just sell/transfer your loan to someone every year and completely mess up your escrow and payment plan is ABSOLUTELY DISGUSTING. This whole process has been ridiculous and easily avoidable if a few competent individuals could have assessed the situation ... OR ... how about contact the loan holder???????? Do better.",Trouble during payment process,Mortgage,VA mortgage,"Escrow, taxes, or insurance","LAKEVIEW LOAN SERVICING, LLC",2026-07-21T02:44:46.000Z,FL,32967,Closed with explanation,Web
24468712,"On XX/XX/XXXX, Barclays double-charged my account for both a minimum payment and a previously canceled recurring payment. I immediately contacted Barclays customer support via online chat to resolve this billing error. The Barclays representative explicitly advised and instructed me to contact my external bank to initiate a payment reversal for the unauthorized duplicate charge. I followed Barclays exact instructions in good faith to correct their internal error. However, upon receiving the reversal, Barclays automated system incorrectly flagged my account as a high financial risk. As a direct result of following their employee 's explicit guidance, Barclays severely penalized me by cutting my credit limit by nearly 70 % .This sudden reduction instantly spiked my credit utilization ratio on my ongoing 0 % APR balance transfer, causing a devastating XXXX drop in my consumer credit score as of XX/XX/XXXX. Furthermore, the system locked out my primary checking account. A subsequent phone representative promised a manual override within a week to let me re-add my checking account, but this promise was never fulfilled, forcing me to pay from my savings account just to preserve my good standing. I have never missed a payment with Barclays, or any other credit card. Due to my excellent payment history, I have generally maintained Excellent-Good credit. The current balance in my Barclays account is a balance transfer due to a 0 % APR balance transfer offered by Barclays. I had previously paid off a large balance with Barclays so my account balance was at XXXX prior to XX/XX/XXXX. I have attached the exact transcripts from XX/XX/XXXX proving that a Barclays agent directed me to reverse this charge.",Problem with a company's investigation into an existing problem,Credit card,General-purpose credit card or charge card,Problem with personal statement of dispute,BARCLAYS BANK DELAWARE,2026-07-22T12:52:38.000Z,FL,346XX,Closed with explanation,Web
24668761,"I am submitting this complaint regarding an unauthorized hard credit inquiry by Barclays Bank Delaware that appeared on my credit report dated XX/XX/year>. I was notified of the hard inquiry through my XXXX monitoring service. I did not apply for any credit card, loan, or other credit product with Barclays Bank Delaware, nor did I authorize anyone to submit an application or pull my credit report on my behalf. I contacted Barclays Bank Delaware by phone on XX/XX/year> to obtain additional information regarding the inquiry, including what type of credit product was applied for, what personal information was used, who submitted the application, and what authorization they relied upon to access my credit report. However, I was unable to obtain any meaningful assistance during the call. I am requesting that Barclays Bank Delaware investigate this matter and provide : * The reason my credit report was accessed. * The specific credit product or application associated with the inquiry. * The date and time the application was submitted. * The information used to submit the application. * Documentation demonstrating that I authorized the credit inquiry. * If they can not provide evidence of my authorization, that the hard inquiry be removed from my credit report and that I be provided written confirmation of the outcome of their investigation. I did not authorize this hard inquiry and am concerned that my personal information may have been used without my knowledge or consent. I respectfully request a thorough investigation and a prompt resolution.",Improper use of your report,Credit card,General-purpose credit card or charge card,Credit inquiries on your report that you don't recognize,BARCLAYS BANK DELAWARE,2026-07-28T12:10:47.000Z,NC,27597,Closed with explanation,Web
24420818,"Please add this account to my credit report which is missing and taking value to my credit history. See attachments to support this claim. Under 15 U.S.C. 1681i, I am disputing the completeness of my file and requesting a reasonable reinvestigation. Please review all of the enclosed evidence and contact XXXX XXXX XXXX as part of that review. I understand that credit bureaus rely on information furnished by creditors ; I am therefore asking you to confirm the account with XXXX rather than close this request only because the tradeline is currently absent. I also request reasonable procedures to assure maximum possible accuracy under 15 U.S.C. 1681e ( b ). Please update my TransUnion credit report to include the XXXX account. Please send me written results and an updated copy of my report. Thank you for reviewing the documents carefully and helping ensure that my credit history is complete.Account XXXX XXXX XXXX",Incorrect information on your report,Credit card,General-purpose credit card or charge card,Information is missing that should be on the report,"TRANSUNION INTERMEDIATE HOLDINGS, INC.",2026-07-21T11:03:53.000Z,TX,78109,Closed with explanation,Web
24732381,"There are collection accounts on my report that I believe contain inaccurate information. Under my rights pursuant to 15 USC 1681e ( b ) and 15 USC 1681i, I am entitled to an accurate credit report. I request a review of these entries, and if they can not be verified as accurate, I ask that they be removed.",Written notification about debt,Debt collection,Other debt,Notification didn't disclose it was an attempt to collect a debt,Experian Information Solutions Inc.,2026-07-29T17:53:07.000Z,NY,11233,Closed with explanation,Web
24725839,"Use this for the CFPB complaint : Company : Onity Loan Servicing Product : Mortgage Issue : Trouble during the payment process / Applying for or completing a mortgage modification Complaint narrative : I am filing this complaint regarding Onity Loan Servicings failure to clearly and timely finalize and implement my permanent VA mortgage modification after I successfully completed every requirement of the approved trial payment plan. Onity determined that my loss-mitigation application was complete on XX/XX/year>. On XX/XX/year>, Onity approved me for a three-payment trial modification plan. I made all three required trial payments : * First payment completed by XX/XX/year> * Second payment completed by XX/XX/year> * Third and final payment completed by XX/XX/year> On XX/XX/year>, Onity confirmed that I had successfully completed the final trial payment. I fulfilled every obligation imposed on me under the trial plan. Despite my full compliance, Onity has not provided adequate written confirmation that the permanent modification has been fully approved, executed and accurately boarded onto my mortgage account. I have not received a clear and complete explanation of the permanent terms, including the modified principal balance, interest rate, loan term, monthly payment, effective date and first payment due date. I am also unable to verify that all three trial payments were properly applied or that my account is protected from improper late fees, additional servicing charges, adverse credit reporting, collection activity or foreclosure-related activity caused by Onitys delay. This is especially concerning because a borrower faces serious consequences for failing to comply with a modification. I complied with every requirement, yet I remain uncertain about the legal and financial status of my mortgage because the servicer has not clearly documented or completed the permanent modification process. This matter follows prior mortgage-servicing problems addressed in CFPB complaint number XXXX. This complaint concerns new events that occurred after that complaint, specifically my successful completion of the trial modification and Onitys subsequent failure to provide clear evidence that the permanent modification was finalized and properly implemented. I am requesting that Onity : 1. Immediately finalize and accurately board the permanent modification onto my account. 2. Provide the complete permanent modification agreement in writing. 3. State the modified principal balance, interest rate, loan term, monthly payment, effective date and first payment due date. 4. Provide a complete accounting showing the receipt and application of all three trial payments. 5. Remove or refund any improper late fees, legal fees, property-inspection fees or other charges caused by servicing delays. 6. Correct any inaccurate credit reporting associated with this modification or Onitys delay. 7. Confirm in writing that no foreclosure, collection or adverse servicing activity will occur because of Onitys failure to timely complete the modification. 8. Explain why the permanent modification was not promptly completed after I successfully finished the trial plan. 9. Compensate me for any documented financial or credit harm caused by the delay or servicing errors. XXXX. Provide a complete payment history and transaction ledger for my account.",Struggling to pay mortgage,Mortgage,VA mortgage,"An existing modification, forbearance plan, short sale, or other loss mitigation relief",Ocwen Financial Corporation,2026-07-29T15:30:21.000Z,PA,151XX,Closed with explanation,Web
23939859,"Upon reviewing my credit report, I found multiple accounts, inquiries and incorrect information that I am not aware of. Per FCRA 605B ( 15 U.S.C. 1681c-2 ) I demand immediate blocking and removal of accounts, inquiries, and personal information resulting from identity theft. I have provided government ID, proof of address, and an identity theft affidavit so, there shouldnt be any confusion or stall tactics on your end. Continued reporting of these fraudulent accounts violates FCRA 607 ( b ) ( accuracy requirement ), 611 ( dispute process ), and 623 ( furnisher responsibilities ). Failure to comply constitutes willful noncompliance under XXXX, exposing the bureaus and furnishers to statutory damages, punitive damages, and enforcement action.",Improper use of your report,Credit reporting or other personal consumer reports,Credit reporting,Reporting company used your report improperly,"EQUIFAX, INC.",2026-07-07T14:59:22.000Z,TX,774XX,Closed with explanation,Web
24159130,"XXXX is filing this formal complaint against the third-party debt collection law firm Blitt & Gaines , P.C . for engaging in unfair, deceptive, and high-pressure collection tactics, including direct legal misrepresentations to a consumer, in violation of the Fair Debt Collection Practices Act ( FDCPA ), 15 U.S.C. 1692e.On a recent telephonic settlement negotiation session, Respondent spoke with a female collector from Blitt & Gaines who identified herself as "" XXXX '' or "" XXXX '' ( with a XXXX surname sounding phonetically like "" XXXX '' or a similar root ). This agent explicitly stated that she was unauthorized to handle legal drafting, but insisted that her firm 's internal corporate database was structurally incapable of generating any written proposals or documentation unless the consumer first gave binding verbal consent to a payment plan on the recorded line.Furthermore, during this recorded conversation, the agent explicitly and falsely stated that the State of Iowa does not permit out-of-court installment settlements and only allows the entry of judgments. Relying on this legal misrepresentation, Respondent temporarily gave verbal assent to an arrangement solely to compel the firm to provide a written document for review.Immediately following the phone call, Respondent established a strict written record via email to retract the verbal assent obtained under duress. Respondent requested a private installment settlement and Stay of Proceedings under Iowa Rule of Civil Procedure 1.602 and official Iowa Judicial Branch Guidelines, which fully recognize out-of-court satisfactions without entering a public judgment.Blitt & Gaines completely ignored this written notification and instead emailed an aggressive automated "" Stipulation for Judgment '' packet, demanding an immediate public judgment entry on the court docket and forcing Respondent to completely rescind her active Answer and statutory defenses. Respondent promptly rejected this trap in writing on XX/XX/year>. Respondent has continued to act in complete good faith, sending a final settlement notice maintaining her financial readiness to deploy her {$320.00} down payment money orders within 48 hours of receiving a clean, non-judgment contract. ( Respondent has since independently saved an additional {$100.00}, building a personal cash reserve of {$420.00} to ensure absolute household stability ) XXXX XX/XX/year>, Associate Attorney XXXX XXXX engaged via email, initially offering a compromise where a Stipulation for Judgment would only be executed "" in the instance of a payment plan default '' effectively confirming that a private track was entirely possible. Respondent submitted a reasonable counter-offer accepting their financial math but requiring standard consumer protections, including a mandatory 10-day written notice to cure prior to any default acceleration.Following this, on Friday, XX/XX/year>, Attorney XXXX XXXX abruptly rescinded his own compromise and issued a hard-line email demanding an immediate public judgment entry, threatening to force the matter through prolonged litigation if Respondent refused to sign away her credit rating.",False statements or representation,Debt collection,Credit card debt,Attempted to collect wrong amount,"Blitt and Gaines, P.C.",2026-07-14T00:52:10.000Z,IA,52404,Closed with explanation,Web
24161739,I deny any role in creating or approving the specified accounts and do not claim them. Please investigate thoroughly and remove them once verified. Documentation is included.,Incorrect information on your report,Credit reporting or other personal consumer reports,Credit reporting,Account information incorrect,"TRANSUNION INTERMEDIATE HOLDINGS, INC.",2026-07-14T02:21:23.000Z,TX,776XX,Closed with non-monetary relief,Web
24293265,I recently looked at a copy of my credit report and noticed several inaccuracies on my account. This account is hurting my ability to obtain credit. It is my understanding that you will investigate these items for me to ensure accuracy.,False statements or representation,Debt collection,Rental debt,Attempted to collect wrong amount,"ProCollect, Inc.",2026-07-17T02:01:10.000Z,TX,75025,Closed with explanation,Web
24380603,"Direct dispute / validation - account XXXX I dispute this alleged debt and the accuracy and completeness of your credit reporting. This is a direct dispute under 12 C.F.R. 1022.43 and the FCRA. To the extent you are a debt collector, this is also a request for debt validation and verification under 15 U.S.C. 1692g. Do not interpret this letter as an acknowledgment of liability, a promise to pay, or a waiver of any rights or defenses. As a furnisher, you must conduct a reasonable investigation, review all relevant information, and correct or delete information that is inaccurate, incomplete, or can not be verified. See 15 U.S.C. 1681s-2 ( b ) and 12 C.F.R. 1022.43. As a debt collector, you must not falsely represent the character, amount, or legal status of a debt or communicate credit information known or which should be known to be false, including failing to communicate that a debt is disputed. See 15 U.S.C. 1692e ( 2 ), 1692e ( 8 ), and 1692f. Your reporting identifies XXXX XXXX as the original creditor, an original balance of {$340.00}, and a current balance of {$360.00}. I dispute the amount and demand a complete itemization of every additional charge, the service agreement, final bill, service dates, date of first delinquency, and documents establishing your authority to collect and report. Provide competent documentary support, including the original signed agreement or application, complete account-level payment history, contractual due dates, date of first delinquency, itemization of principal/interest/fees/credits, charge-off records, and any sale or assignment documents sufficient to establish ownership and reporting authority. A screen print, generic affidavit, or conclusory electronic verification is not sufficient to resolve the specific inconsistencies identified. If you can not substantiate every material field with reliable records, immediately request permanent deletion of the tradeline from XXXX XXXX XXXX XXXX If you continue reporting during the investigation, report the account as disputed to every consumer reporting agency. Send me your written investigation results and copies of the documents relied upon. This dispute is made in good faith and is specific. It is not a request to suppress accurate information merely because it is unfavorable. I demand deletion of each item that is inaccurate, incomplete, materially misleading, duplicated, obsolete, or can not be verified through a reasonable investigation. Please send me the written results of your investigation, an updated copy of my consumer report, the name, address, and telephone number of every furnisher contacted, and a description of the procedure used to determine the accuracy and completeness of each disputed item. Sincerely, XXXX XXXX",False statements or representation,Debt collection,I do not know,Attempted to collect wrong amount,"I.C. System, Inc.",2026-07-20T15:28:39.000Z,LA,712XX,Closed with explanation,Web
24518448,"The dispute is that the merchant accepted XXXX-time digital deposits for an account-based service whose material redemption and payout component was not delivered as agreed. They challenge the denial because you received merchandise or a service does not establish that the complete service was delivered. Some initial game value or gameplay may have been available, but that does not prove the merchant completed the separately represented payout function. The legal argument is deliberately conditional : provisional credit is generally required when a qualifying Regulation E investigation can not be completed within XXXX business days, subject to specified exceptions. Navy Federal is therefore required to disclose the original notice date, the investigation-completion date, the claim classification, and its factual and legal basis for not issuing provisional credit.",Managing an account,Checking or savings account,Checking account,Problem using a debit or ATM card,NAVY FEDERAL CREDIT UNION,2026-07-23T14:41:14.000Z,WA,981XX,Closed with explanation,Web
23957386,"I am filing this complaint regarding AmeriHome Mortgages repeated servicing failures, conflicting information, and mishandling of my loss mitigation efforts, which significantly contributed to my default and placed me at imminent risk of foreclosure. My financial hardship began after I was hospitalized for approximately XXXX weeks and my child was born prematurely, requiring a XXXX stay. I applied for FHA loss mitigation on XX/XX/XXXX and attempted to make a substantial payment toward my mortgage. I was told AmeriHome could not accept a partial payment and that I had to pay the full amount due. A later representative admitted this information was incorrect, acknowledged that my payment should have been accepted, and confirmed that accepting it would have extended my breach deadline and provided additional time to cure my default. I was not clearly informed of the significance of the XX/XX/XXXX breach deadline or the consequences of failing to meet it. After continuing to seek a resolution, I was instructed that wiring {$7000.00} would qualify me for a repayment plan. I relied on those instructions in good faith and sent the funds, only to have AmeriHome reject the payment and advise that the full balance was required. During recorded calls, representatives admitted that prior agents provided incorrect information, apologized for the misinformation, and acknowledged that someone should have accepted my earlier payment. Throughout this process, I received conflicting guidance from multiple representatives regarding payment options, loss mitigation eligibility, and available foreclosure alternatives. My online payment access was removed, my payment attempts were repeatedly rejected, and I was denied a fair opportunity to resolve my delinquency despite making repeated good-faith efforts. I have supporting evidence including recorded calls, proof of the {$7000.00} wire transfer, medical documentation, and correspondence showing these events. Despite actively marketing my home and obtaining a bona fide purchase offer that would avoid foreclosure, AmeriHomes continued servicing failures, delays, and reliance on potentially outdated property valuation information have jeopardized that opportunity. I respectfully request that the CFPB investigate AmeriHomes servicing practices, determine whether federal mortgage servicing requirements were violated, require correction of any servicing errors, ensure a fair review of my loss mitigation and foreclosure alternatives, and prevent further foreclosure activity while these issues are under review.",Struggling to pay mortgage,Mortgage,FHA mortgage,Foreclosure,"AmeriHome Mortgage Company, LLC",2026-07-07T21:11:13.000Z,MO,640XX,Closed with explanation,Web
23951099,"I am filing this complaint because [ Experian / Equifax XXXX TransUnion ] has violated the Fair Credit Reporting Act ( 15 U.S.C. 1681i ). Despite my written disputes, the bureau failed to conduct a reasonable reinvestigation within 30 days, continued reporting inaccurate accounts, and failed to provide written results. These actions violate 1681i ( a ) ( 1 ) ( A ), 1681i ( a ) ( 5 ), 1681i ( a ) ( 6 ), and 168XXXX ( b ). Courts have consistently ruled that such conduct is unlawfulXXXX XXXX XXXX XXXX ( XXXX XXXX. XXXX ) confirmed all objectively verifiable inaccuracies must be corrected ; XXXXXXXX XXXX XXXX XXXX XXXX ( XXXX XXXX ) held no entity is immune from FCRA liability ; and XXXX XXXX XXXX XXXXXXXX ( XXXX. XXXX XXXX ) resulted in a {$23.00} million settlement for failing to investigate disputes and allowing inaccuracies to remain. Accounts to Be Deleted : XXXX XXXX XXXX XXXXXXXX XXXX XXXX XXXX XXXX XXXX XXXX XXXX XXXX XXXX XXXX XXXX",Improper use of your report,Credit reporting or other personal consumer reports,Credit reporting,Reporting company used your report improperly,"EQUIFAX, INC.",2026-07-07T19:05:08.000Z,TX,77414,Closed with non-monetary relief,Web
24148724,"Jefferson Capital continues to report inaccurate, incomplete, and inconsistent information on my credit reports despite my dispute. The account is reported differently across the consumer reporting agencies, and Jefferson Capital has failed to comply with its obligations under the Fair Credit Reporting Act, including XXXX U.S.C. XXXX ( a ) ( XXXX ) ( A ) and XXXX ( b ), by continuing to furnish inaccurate information after receiving notice of my dispute.",False statements or representation,Debt collection,I do not know,Attempted to collect wrong amount,CL Holdings LLC,2026-07-13T20:22:24.000Z,AL,XXXXX,Closed with non-monetary relief,Web
23994435,I had a credit card with them they told me to pay to get it deleted I still havent got it delete off my credit report I called them they said they will delete it and still nothing,Problem with a company's investigation into an existing problem,Credit card,General-purpose credit card or charge card,Problem with personal statement of dispute,JPMORGAN CHASE & CO.,2026-07-08T19:12:16.000Z,CA,95382,Closed with explanation,Web
24706077,Well Ive paid everything owed but they keep sending me bills that Im overdue,Attempts to collect debt not owed,Debt collection,Credit card debt,Debt was paid,"CITIBANK, N.A.",2026-07-29T01:55:51.000Z,CA,960XX,Closed with non-monetary relief,Web
24192612,"Date : XXXX XXXX XXXX Re : Formal Notice of Dispute, Demand for Validation, and Immediate Deletion To Whom It May Concern, I am writing to formally dispute your alleged claim that I owe the above-referenced account. I dispute this debt in its entirety. This letter serves as my formal request for complete validation pursuant to the Fair Debt Collection Practices Act ( FDCPA ), 15 U.S.C. 1692 et seq., and my notice that any inaccurate reporting to any consumer reporting agency violates the Fair Credit Reporting Act ( FCRA ), 15 U.S.C. 1681 et seq. The original creditor has already admitted in writing that the alleged account was sold to another entity in XXXX and that it is no longer the creditor. If your company claims ownership today, then you bear the full burden of proving that you possess the legal right to collect this alleged obligation. Ownership of an alleged debt can not be presumed through account statements or computer-generated records. Statements merely reflect alleged activity ; they do not establish legal ownership, assignment, standing, or my contractual obligation to your company. Accordingly, provide competent admissible evidence establishing your legal authority to collect, including : The complete chain of title from the original creditor through every purchaser, assignee, and debt buyer to your company. Every purchase and sale agreement applicable to this specific account. Bills of Sale identifying my specific account by name and account number. Assignment agreements executed by authorized representatives. Proof that value was exchanged for this account. The complete original signed credit agreement bearing my signature. Proof that the alleged debt has not been previously settled, discharged, canceled, forgiven, or otherwise extinguished. Documentation establishing that the balance you claim is accurate, including a complete accounting of all fees, interest, payments, credits, and adjustments. Documentation demonstrating that you possess legal standing to enforce this alleged obligation in court. Documentation proving your authority to report this account to consumer reporting agencies. Please be advised that under the Fair Debt Collection Practices Act, you must cease collection activity until proper validation has been provided. Furthermore, under the Fair Credit Reporting Act : 15 U.S.C. 1681s-2 ( b ) requires furnishers to conduct a reasonable investigation before verifying disputed information. 15 U.S.C. 1681e ( b ) requires maximum possible accuracy. 15 U.S.C. 1681i requires reinvestigation of disputed information. Reporting information that can not be verified constitutes inaccurate reporting. Verifying information without competent evidence is neither reasonable nor lawful. If your company has reported this account to Equifax, Experian, or TransUnion without possessing competent evidence establishing ownership and collectability, such reporting is inaccurate and misleading. Additionally, if this alleged debt has been sold multiple times, you must establish an uninterrupted chain of assignments from the original creditor to every subsequent purchaser. Failure to produce a complete chain of title means you can not establish standing or ownership. Please consider this letter notice that any continued reporting, collection activity, or verification without competent documentary evidence may constitute violations of : Fair Debt Collection Practices Act ( 15 U.S.C. 1692e, 1692f, and 1692g ) Fair Credit Reporting Act ( 15 U.S.C. 1681e ( b ), 1681i, and 1681s-2 ( b ) ) Should your company continue reporting or collecting this disputed account without first producing competent legal evidence establishing ownership and standing, I reserve all rights to pursue every remedy available under federal and applicable state law, including filing complaints with the Consumer Financial Protection Bureau XXXX Federal Trade Commission , my State Attorney General, and seeking statutory damages, actual damages, attorney 's fees, and all other relief available by law. Nothing in this correspondence constitutes an acknowledgment of liability, an admission that any debt exists, or a promise to pay. I expressly reserve all rights.",Took or threatened to take negative or legal action,Debt collection,I do not know,Threatened or suggested your credit would be damaged,Diverse Funding Associates LLC,2026-07-14T19:50:44.000Z,HI,96826,Closed with explanation,Web
24636133,"The bank has received a completed loss mitigation packet three times ( XXXX XXXX XXXXXX/XX/year> ), is currently ignoring legal proof regarding the voluntary HOA, and is demanding a reapplication solely to delay the process and push the home into foreclosure. We have a short sale real estate agent, however the bank has been intentionally losing documentation to stall the process to push the home into pre foreclosure/foreclosure despite the fact that we have provided them with all requested documentation in a timely manner. They also required the submission of Illness Documentation such as Medical Statements, Insurance EOBs, and Medical Bills to verify the illness-related hardship, which is contrary to their own statement that detailed medical information and/or information from medical provider is not required. Fighting this requirement unnecessarily delayed the process further. In addition, American Pacific Mortgage committed a severe RESPA dual-tracking violation and illegal pre-foreclosure lockout on a property while a complete loss mitigation short sale package was on file.",Struggling to pay mortgage,Mortgage,Conventional home mortgage,"Applying for or obtaining a modification, forbearance plan, short sale, or deed-in-lieu",AMERICAN PACIFIC MORTGAGE,2026-07-27T15:12:58.000Z,TX,761XX,Closed with explanation,Web
24724993,"I am filing this complaint against TEKcollect IncXXXX regarding account XXXX / Debtor ID XXXX, originally issued by XXXX and XXXX through XXXX XXXX XXXX XXXX XXXX XXXX ). I previously filed a CFPB complaint against XXXX, which was closed after TEKcollect placed the account in dispute and promised to send debt validation. I received the validation documents and responded on XX/XX/year> with a formal written dispute asserting my rights under the FTC Holder Rule, XXXX C.F.R. XXXX, which is expressly incorporated into the original XXXX XXXX XXXX in bold capital letters. My defense is that XXXX filed for XXXX XXXX bankruptcy and ceased operations before completing my aligner treatment, despite my having already paid {$620.00} toward the account. I offered a one-time settlement of {$250.00} with pay-for-delete as a good faith resolution. I received no response. On XX/XX/year>, I sent a second written notice reiterating my position and requesting a response within XXXX business days. I have again received no response. TEKcollect has twice failed to respond to a formal written dispute asserting a valid legal defense under federal law. The tradeline remains on my credit report causing ongoing harm. I am requesting that TEKcollect be required to respond to my XXXX XXXX defense and remove this tradeline from all three credit bureaus immediately.",Attempts to collect debt not owed,Debt collection,Medical debt,Debt was already discharged in bankruptcy and is no longer owed,TekCollect Inc.,2026-07-29T15:00:50.000Z,NJ,07724,Closed with explanation,Web
24664654,Pro Collect {$2900.00} added to debt collection. No information regarding debt and facts. No proof provided.,Attempts to collect debt not owed,Debt collection,Rental debt,Debt is not yours,"ProCollect, Inc.",2026-07-28T05:09:14.000Z,TX,77053,Closed with explanation,Web
24701880,"CFPB Case Number : XXXX XXXX XXXX XXXX XXXX XXXXXX/XX/year> Complainants : XXXX XXXX XXXX and XXXX XXXX XXXX XXXX : Fulton Bank , N.A. ( XXXX XXXX XXXX XXXX XXXX XXXX XXXX. ) Additional Statement & Follow-Up Details To Whom It May Concern, This statement serves as an official update and comprehensive XXXX XXXX finalized follow-up to our pending CFPB complaint regarding Fulton Bank, N.A . When opening our checking accounts in person at the branch today ( assisted bXXXX XXXX XXXX XXXX XXXX XXXX XXXX XXXX XXXX XXXX located at XXXX XXXX XXXX XXXX XXXX XXXX XXXX XXXX XXXX XXXX XXXX XXXX XXXX XXXX XXXX XXXX XXXX XXXX, I specifically asked if she could apply promotion codes to the opening accounts for myself and my mother, XXXX XXXX. She informed us that we would need a code to redeem in the branch, and stated that she couldn't check or find out for us if there was a code available to be redeemed because the {$400.00} bonus was for "" account opening only. '' Additionally, both my mother and I had just received promotional emails for bonuses. Specifically, we received business banking promotional emails titled "" Your {$500.00} coupon has arrived! '' sent from Fulton Bank, N.A. ( XXXX XXXX XXXX XXXX XXXX XXXX XXXX XXXX XXXX XXXX XXXX XXXX XXXX XXXX XXXX XXXX XXXX XXXX XXXX XXXX XXXX XXXX XXXX XXXX XXXX XXXX XXXX XXXX XXXX These emails contained all internal and promotional codes, explicitly listing CODE XXXX and promo code XXXX, stating : "" You are on your way to earning a {$500.00} bonus! Open your new Business Checking account at a Fulton Bank financial center with promo code XXXX by XX/XX/year>. Then, simply complete the following within 60 days of opening your account : Deposit at least {$5000.00} of new money and Enroll in Online Statements for the new Business Checking account. Bring this email with youyoull need it to open your new account. '' Because we were opening personal checking accounts and did not open business accounts during this visit, I did not present these specific emails to her at the time. However, my specific promotional codes ( including the offer codes for our account openings and redeem codes ) were not added or applied to our accounts by the branch staff as requested. We are requesting that Fulton Bank honor and apply either the {$400.00} Simply Checking account bonus or the {$500.00} promotional bonus ( using all applicable codes, including redeem code XXXX and internal code XXXX ) as a one-time courtesy for our newly opened accounts, backed by the full faith and credit of the U.S. government / XXXX Requested Reliefs As part of this complaint update, we formally request the following reliefs from Fulton Bank, XXXX. : Manual Bonus Application & Credit : Immediate manual application and crediting of either the {$400.00} Simply Checking promotional bonus or the {$500.00} promotional bonus ( utilizing promo/redeem code XXXX / internal code XXXX ) to our newly opened checking accounts upon fulfillment of standard qualifying terms. Staff Accountability & Retraining : Written confirmation that branch personnelspecifically at the XXXX XXXX XXXX XXXX XXXX XXXXXXXX XXXX. ) receive proper guidance and training regarding in-branch promotion code acceptance, lookup, and processing so that customers are not turned away or misinformed. Account Transparency & Fee Protection : Assurance that our accounts remain fully compliant with promotional requirements without incurring unexpected account maintenance or opening penalties due to the staff 's inability to process promotional codes on-site. Reference Contact : Branch Location XXXX XXXX XXXX XXXX XXXX XXXX XXXX XXXX XXXX XXXX XXXX XXXX XXXX XXXX XXXX XXXX XXXX XXXX XXXX XXXX XXXX XXXX XXXX XXXX XXXX XXXX XXXX XXXX XXXX XXXX",Managing an account,Checking or savings account,Checking account,Deposits and withdrawals,FULTON FINANCIAL CORPORATION,2026-07-28T23:24:43.000Z,PA,17057,Closed with explanation,Web
24259626,"I previously filed CFPB Complaint No. XXXX regarding Regions Banks handling of my mortgage escrow account and property tax payments. Regions responded, and the complaint was closed without what I believe to be a fair resolution. Since that complaint was closed, Regions has provided additional information that raises new concerns. According to Regions, they issued payment for my XXXX city property taxes through my escrow account. They now state that the payment was returned to their tax vendor, XXXX ( formerly XXXX ), with a sticky note stating already paid. Regions further claims that XXXX confirmed through the tax collectors website that my taxes were shown as paid and, based on that information, returned the escrow funds to my account. After receiving this explanation, I contacted XXXX XXXX XXXX directly. I spoke with XXXX in the tax office, who advised me that if my XXXX taxes had actually been paid, they would not have remained unpaid in the citys system. She also explained that XXXX often submits checks covering multiple taxpayers and that if one account on the check has a delinquent balance, the entire check may be returned. She was unable to identify who would have informed Regions that my taxes had been paid by another party. Despite relying on this information to return the escrow funds, Regions has not provided documentation showing : * who allegedly paid my taxes, * proof that the taxes were actually paid, * the returned check with the alleged already paid notation, * or the documentation or screenshot from the tax collectors website that they claim supported their decision. Regions continues to maintain that there was no servicing error. However, replacement tax payments for the XXXX taxes were later required, and Regions paid {$150.00} in penalties and interest associated with the XXXX and XXXX tax payments. I am requesting that the CFPB review this as a new complaint because these additional facts and Regions latest explanation were not available during my original complaint. I believe these new facts raise legitimate questions about whether Regions adequately verified the returned tax payment before returning escrow funds and whether the escrow servicing was handled appropriately.",Trouble during payment process,Mortgage,Conventional home mortgage,"Escrow, taxes, or insurance",REGIONS FINANCIAL CORPORATION,2026-07-16T10:54:45.000Z,MS,389XX,Closed with explanation,Web
24265404,"I am distressed to inform you that you have included inaccurate information in my credit profile and have failed to maintain reasonable procedures in your operations to ensure maximum possible accuracy in the credit reports you publish. Credit reporting laws require that bureaus report only 100 % accurate credit information. YOU ARE VIOLATING FCRA REGULATIONS AND UNITED STATES FEDERAL LAW. Please block and remove all erroneous information from my credit report and send me an updated copy. Under the Fair Credit Reporting Act ( FCRA ), this disputed item may not appear on my credit report if it can not be supported by any evidence. 15 U.S. Code 1681n - Civil Liability for Willful Noncompliance, 15 U.S. Code 1681o - Civil Liability for Negligent Noncompliance, and 15 U.S. Code 1692k - Civil Liability : I am entitled to monetary compensation due to your multiple violations. Specifically, under FCRA 15 U.S.C. 1681i ( 6 ) ( Notice of Results of Reinvestigation ), a consumer reporting agency must provide written notice to a consumer of the results of a reinvestigation within XXXX business days of completion. Failure to do so constitutes a violation of my rights. Additionally, as per FCRA, a "" consumer report '' excludes any report solely detailing transactions or interactions between the consumer and the reporting entity. Including late payments or derogatory statuses constitutes an infringement of 15 U.S.C. 1681a ( d ) ( 1 ). Accounts listed below in green color highlighted and tag as in violation under 15 U.S. Code 1666 ( b ) billing error are inaccurate late payment history, must be updated to paid on time as never been late as agreed. ( 4 ) The creditors failure to properly reflect a payment made by the obligor or a credit issued to the obligor. ( 5 ) A computation error or similar error in the creditors accounting on a statement. This is a clear violation of the United States Code Law ( TILA, 15 U.S. Code 1666 ( b ) ). These accounts must be updated to reflect "" paid on time. '' Any continuation of providing negative information required by section FCRA 605B ( 15 U.S.C. 1681c-2 ) And Accounts listed below in yellow color highlight text accounts in status of Charge off that is tag FDCPA Section 807 Violation Misleading False Reporting together with incorrect personal information Must be deleted Immediately!. Collection Accounts listed below in yelow color highlighted that is tag as in violation Under 15 U.S. Code 1681b Permissible purposes of consumer reports i never gave you any written consent to report anything on my consumer report no consent is a violation of US Law. Instruction : As a consumer by law this account must be deleted immediately! Items listed below that is tag as Unauthorize inquiries that's Violated the United States Code Law 15 U.S.C. 1681 ( c ) ( 1 ) ( A ) ( B ) ( i ) ( 3 ) FURNISHING reports in connection with credit or insurance transactions that are not initiated by consumer. Must be deleted in my credit report. Please update my credit report as per law abiding accuracy of data. Please make all listed below update or deleted in my credit report!",Incorrect information on your report,Credit reporting or other personal consumer reports,Credit reporting,Account information incorrect,"TRANSUNION INTERMEDIATE HOLDINGS, INC.",2026-07-16T14:55:07.000Z,TX,77065,Closed with non-monetary relief,Web
24142378,This particular debt collector has reportedly false information on my credit which has damage my credit score.,Took or threatened to take negative or legal action,Debt collection,Auto debt,Threatened or suggested your credit would be damaged,"Exeter Finance, LLC.",2026-07-13T18:22:19.000Z,TX,77088,Closed with explanation,Web
24487647,"Response to Onity Mortgage 's Response CFPB Case No. XXXX I respectfully submit this response to Onity Mortgage 's response in the above-referenced CFPB complaint. Onity stated that it "" did not identify receipt of a signed modification agreement before XX/XX/XXXX. '' Have provided proof of delivery. My original signed FHA Partial Claim Modification Agreement was mailed via XXXX and delivered to Onity 's XXXX XXXX XXXX, Florida facility on XX/XX/XXXX, at XXXXXXXX XXXX., well before the XX/XX/XXXX deadline. Despite timely delivery, I was never notified that the package had been received or that there were any deficiencies before the deadline. Instead, I was first contacted on XX/XX/XXXX, more than six weeks later, and advised that the documents needed to be resubmitted because they had been printed double-sided. I immediately complied. My second executed Modification Agreement was delivered via XXXX to Onity 's XXXX XXXX XXXX facility on XX/XX/XXXX, at XXXX XXXX before the XX/XX/XXXX deadline. Again, no deficiency regarding the execution of the agreement was communicated to me before the deadline expired. I called to followup and then was notifed that it was not exeecuted properly. The rep knowing deadline passed emailed the agreement and told me to resubmit. I made every effort to comply by submitting a third executed Modification Agreement via XXXX Tracking No. XXXX, which was delivered to Onity on XX/XX/XXXX, at XXXX XXXX. and signed for by XXXX. It was not until my conversation with my Relationship Manager, XXXX XXXX, on XX/XX/XXXX, that I was informed the handwritten signature date on my second submission was believed to read "" XXXX '' instead of "" XXXX. '' I believe this was a misinterpretation of my handwriting. More importantly, this was a simple, curable issue. Had Onity notified me before the XX/XX/XXXX deadline that the date was considered unclear, I could have immediately corrected and re-executed the agreement, just as I promptly corrected the earlier double-sided printing issue. The evidence shows that I acted promptly every time Onity requested additional action and submitted prior to deadlines. My concern is not simply that Onity interpreted my handwriting differently. Rather, it is that Onity failed to notify me of correctable deficiencies while there was still time to cure them, despite timely receiving my modification packages before both applicable deadlines. I respectfully request that the CFPB investigate Onity 's handling of my submissions, including its receipt and processing of the XX/XX/XXXX, XX/XX/XXXX, and XX/XX/XXXX deliveries, and require Onity accept the signed agreement from XX/XX/XXXX and reinstate the loss mitigation agreement. I also made my 1st payment of the agreement gor XX/XX/XXXX and onity accepted payment, which confirms the agreement was in place. In XXXX, onity system did not allow further payme ts via website and via over the phone.",Struggling to pay mortgage,Mortgage,FHA mortgage,"Trying to communicate with the company to fix an issue related to modification, forbearance, short sale, deed-in-lieu, bankruptcy, or foreclosure",Ocwen Financial Corporation,2026-07-22T20:03:26.000Z,VA,235XX,Closed with explanation,Web
24189043,"In accordance with the Mandate for the Credit Bureaus under 15 U.S.C. 1681 and the Duties of Furnishers under 15 U.S.C. 1681s-2 ( b ), this serves as my eighth ( 8th ) and final formal notice of a catastrophic breakdown in accuracy procedures. I. STATEMENT OF SYSTEMIC FAILURE Despite seven ( 7 ) consecutive rounds of specific, fact-based disputes, the Credit Reporting Agency ( CRA ) has failed to perform a reasonable investigation or maintain reasonable procedures under 15 U.S.C. 1681e ( b ). The CRA continues to report unverified, inaccurate, and inconsistent data, specifically regarding "" Past Due '' payment histories that should legally be updated to "" Paid on Time. '' II. ENUMERATED STATUTORY VIOLATIONS Violation of 15 U.S.C. 1681i ( a ) ( 5 ) ( A ) : After seven rounds, the disputed items remain unverified. The law states the agency "" shall '' promptly delete or modify information that "" can not be verified. '' By failing to act, the CRA is in direct violation of a non-discretionary federal mandate. Violation of 15 U.S.C. 1681s-2 ( b ) : The furnisher has failed to provide a complete and accurate payment ledger. Under this statute, the failure of a furnisher to verify a debt requires the CRA to permanently suppress the data. Violation of 15 U.S.C. 1681n & 1681o : This persistence in reporting invalidated data constitutes Willful and Negligent Non-Compliance. The CRA is now liable for actual damages, including the severe emotional distress and financial exclusion I have suffered. Breach of 12 U.S.C. 5511 : I am invoking the CFPB 's mandatory duty to protect consumers from unfair, deceptive, or abusive acts or practices ( UDAAP ) perpetrated by CRAs that refuse to follow the FCRA. XXXXII. FINAL DEMAND FOR CORRECTIVE ACTION I demand the CFPB exercise its plenary authority under 15 U.S.C. 1681s to compel the concerned Credit Bureau to : 1.Modify and Update : Immediately update the Inaccurate Past Dues in the payment history to "" Paid on Time / Never Late. 2.Mandatory Deletion : If the CRA can not produce correct evidences respond to the complaint, must be permanently deleted per U.S.C. 1681i ( 5 ) for this following Items Listed Below",Incorrect information on your report,Credit reporting or other personal consumer reports,Credit reporting,Account information incorrect,"TRANSUNION INTERMEDIATE HOLDINGS, INC.",2026-07-14T18:57:09.000Z,NY,11230,Closed with non-monetary relief,Web
24732836,"Subject : Request for Reinvestigation Under the Fair Credit Reporting Act ( XXXX XXXX. XXXX XXXX XXXX XXXX XXXX XXXXXXXX Dispute Center I am writing to formally dispute the I.C. System, Inc. collection account reporting on my XXXX credit report. The account is reporting an alleged balance of {$97.00}, with XXXX XXXX XXXX listed as the original creditor. I dispute the accuracy and completeness of this account and request that XXXX conduct a reasonable reinvestigation as required by the Fair Credit Reporting Act. Pursuant to XXXX XXXX. XXXX, XXXX must conduct a reasonable reinvestigation of disputed information. Additionally, under XXXX XXXX. XXXX ( b ), consumer reporting agencies are required to follow reasonable procedures to assure the maximum possible accuracy of the information contained in consumer reports. Accordingly, I request that XXXX : XXXX a reasonable reinvestigation of this collection account. Require I.C. System, Inc. to provide competent evidence that the debt is accurate, belongs to me, and is legally reportable. Verify the original creditor information, account balance, date of delinquency, and all other information being reported. Delete the collection account if the furnisher can not provide sufficient documentation to verify the accounts accuracy and completeness. Additionally, pursuant to 15 U.S.C. 1681i ( a ) ( 6 ) ( B ) ( iii ), please provide me with the name, address, and telephone number of the entity that verified this information, along with a description of the procedures used during your reinvestigation. If the information can not be verified as accurate and complete, I request that it be deleted from my credit file in accordance with the Fair Credit Reporting Act. Thank you for your prompt attention to this matter. I look forward to receiving the results of your investigation within the time allowed by law.",Attempts to collect debt not owed,Debt collection,Other debt,Debt is not yours,"I.C. System, Inc.",2026-07-29T18:04:22.000Z,IN,463XX,Closed with explanation,Web
24422951,"I previously submitted a written dispute regarding several inaccurate and unfamiliar items appearing on my credit report. It has now been more than XXXX days since that notice was provided, and I have not received any response, results of an investigation, or confirmation that a reasonable investigation has been conducted. This lack of action is both unacceptable and concerning. Under Section XXXX ( a ) of the XXXX XXXX XXXX XXXX XXXX XXXX ), you are required to conduct a reasonable investigation of disputed information within XXXX days of receiving a dispute. If you are unable to verify the accuracy of the disputed items within this timeframe, the law requires that such information be deleted from the consumers credit file. Given that this statutory period has already elapsed without proper response or verification, I expect the immediate deletion of all disputed accounts from my credit report and an updated copy reflecting these changes. Failure to comply with these legal obligations may constitute willful or negligent noncompliance with the XXXX. If this matter is not resolved promptly, I am prepared to escalate it further, including filing formal complaints and pursuing legal remedies available to me. Additionally, I would like to note that I have been impacted by the widely reported data breaches involving XXXX, Experian , and TransUnion. These incidents raise serious concerns regarding the accuracy, security, and handling of my personal information. As such, I expect heightened diligence and full compliance with all applicable laws in addressing my dispute. I look forward to your prompt resolution of this matter.",Problem with a company's investigation into an existing problem,Credit reporting or other personal consumer reports,Credit reporting,Investigation took more than 30 days,"TRANSUNION INTERMEDIATE HOLDINGS, INC.",2026-07-21T13:07:33.000Z,FL,33027,Closed with explanation,Web
24691017,"On XX/XX/year> in the early afternoon my wallet was stolen somewhere by or in the XXXX XXXX train station. We had just arrived from XXXX, landing in XXXX and taking the train to XXXX. Within a few hours I reported the theft as soon as I realized that it was gone. My wallet included a debit card and some credit cards. I had brought a photocopy of my cards so I immediately called all the debit and credit card companies including Ally. They immediately canceled the cards. The police station where I needed to report the theft was closed for the day so I went and reported the theft the first thing the next morning. Attached is that police report. Ally is contending that no invalid PIN attempts occurred before, during, or after the disputed transaction. They used this rational for both transactions to determine that I authorized the transactions and the funds were withdrawn from my Ally checking account by me. Initially they reimbursed me for both amounts but ultimately determined I had withdrawn the funds because no invalid PIN attempts occurred before, during, or after the disputed transaction. An Ally debit card can be used as a debit card where a PIN is required or as a credit card where NO PIN is required. When I got my new Ally debit card I went to my local grocery store and bought food with my new Ally debit card and asked them to use it as a credit card which I did and no PIN was required. I then bought an item on XXXX using my Ally debit card and used it as a credit card and no PIN was required and I was able to purchase my item and the funds were withheld from my Ally checking account in the same manner as the funds were withheld with the 2 fraudulent transactions on XX/XX/XXXX. Attached are copies of those transactions as well as the 2 transactions associated with the thieves withdrawals. They are the same in all four cases. Conclusion, an Ally debit card can be used as a credit card and no PIN is required and that is what the thieves did. I am requesting the Ally reimburse me for the amount of money that was stolen from my account on XX/XX/year> before I was able to contact Ally- {$29000.00} and {$1700.00}. Note that I contacted Ally within 5 hours of my debit card being stolen. Ally should have a recording of my call. Ally said that I should contact the company where the purchases were made and ask them. Here is the company listed with the transactions : XXXX XXXX XXXX XXXX XXXX XXXX XXXX XXXX XXXX XXXX XXXX XXXX As best I could determine this is a company in XXXX. I tried to translate the company name and here is what I found XXXX XXXX XXXX XXXX XXXX XXXX XXXX XXXX XXXX XXXX XXXX XXXX XXXX That is as far as I got. Attached is my plane ticket to XXXX on XX/XX/XXXX. We took a train from XXXX to XXXX. I have disputed these transactions more than once with Ally. On each occasion they turned down my dispute. The only reason that they have given me so far is no invalid PIN attempts occurred before, during, or after the disputed transaction. In XXXX ( I did not write down the day ) XXXX from the research department at Ally ( XXXX ) called and reasserted that I was at fault and they were not going to reimburse the two amounts. Here is documentation from Allys website regarding debit cards. See the attachment Your Liability to Us Tell us AT ONCE if you believe your Card and/or PIN has been lost, stolen or compromised, or if you believe that a transaction has been made ( or is about to be made ) without your permission. Telephoning us is the best way of keeping your possible losses down. You could lose all the money in your account plus any money in another account linked to your account. If you tell us within two business days after you learn of the loss or theft of your Card and/or PIN, you can lose no more than {$50.00} if someone used your Card and/or PIN without your permission. If you do NOT tell us within two business days after you learn of the loss or theft of your Card and/or PIN, and we can prove we could have stopped someone from using your Card without your permission if you had told us, you could lose as much as {$500.00}. Also, if your statement shows transfers that you did not make, including those made by Card or other means, tell us at once. If you do not tell us within 60 days after the statement was mailed to you, you may not get back any money you lost after the 60 days if we can prove that we could have stopped someone from taking the money if you had told us in time. If a good reason ( such as a long trip or a hospital stay ) kept you from telling us, we will extend the time periods. If you believe the Card and/or PIN has been lost, stolen or compromised, call : XXXX ( XXXX ), or write to us at : Ally Bank, XXXX XXXX XXXX XXXX XXXX XXXX XXXX I also filed a dispute with XXXX since the thieves also used my XXXX credit card. Chases response is attached. They reversed the charge so my credit card did not get charged. On XX/XX/XXXX I reached out to Ally to get more info and they said they would get back to me with XXXX business days. I have had no response. See Dispute Summary from XXXX Attachments Ally XX/XX/XXXX response XXXX Ally XX/XX/XXXX response.pdf Ally dispute letter XXXX XXXX Ally XX/XX/XXXX response.pdf Ally XX/XX/XXXX response XXXX Ally Pin requirement.pdf Plane ticket to XXXX XX/XX/XXXX XXXX Police report.pdf Ally-debit-card-agreement.pdf Stop payment Inquiry.pdf Dispute summary from Ally XXXX XXXX XX/XX/XXXX transaction by thieves XXXX XX/XX/XXXX transaction by thieves XXXX Two transactions using debit card as XXXX XXXX XXXX XXXX XXXX XXXX purchase using ally debit card as XXXX XXXX XXXX fraud letter XXXX XXXX",Managing an account,Checking or savings account,Checking account,Problem using a debit or ATM card,ALLY FINANCIAL INC.,2026-07-28T19:11:02.000Z,IL,60302,Closed with monetary relief,Web
24747089,"On XX/XX/XXXXXXXX XXXX XXXX XXXX XXXX I received a phone call from XXXX which is a Wells Fargo number. He was a Well Fargo impersonator by the name of XXXX XXXX. He asked whether I recognize an activity in XXXX by a XXXX device of {$300.00} something. I replied, No. He said that Ill be sent out a new debit and credit card. My online banking username and password will also be reset. He also said that someone tried to open a credit line via XXXX XXXX using my name and social security. He said that in order to further secure my account, XXXX verify my identity. He sent me codes from Wells Fargo and told me to repeat those code to him. He disabled my password and gave me a temporary Wells Fargo mobile banking password. He got access to my account. He sounded so calm and professional that I was manipulated to believe he was a real Wells Fargo representative. He told me to send {$25.00} via XXXX XXXX to XXXX. XXXX XXXX transactions were declining so he asked if theres any one you know that you trust to whom you can send money to and they can send it back. He made me XXXX {$3500.00} to my husband. Then he told me to send that {$3500.00} from my husbands XXXX XXXX to my XXXX XXXX. I was then coerced to send {$3400.00} to XXXX via XXXX XXXX. He made me add {$1500.00} from my husbands debit card to his XXXX XXXX and then transfer it to my XXXX XXXX which was then sent to the same number ending in XXXX. He said XXXX call again on Friday morning, XX/XX/XXXX. I received a call at XXXX XXXX An additional {$1500.00} and {$500.00} was instructed to be added from my husbands debit card to his XXXX XXXX, sent to me and then to the scammer. The XXXX XXXX transactions totals to {$7000.00}. He also knew my social security number. He made me make transactions via XXXX, XXXX, XXXX which were unsuccessful. He later said hes securing my funds to a new checking account. He made me wire {$17000.00} to XXXX XXXX. My husband came to know of this and became suspicious. Upon asking the scammer of whats going on, he replied in a very eloquent manner and convinced us that hes helping us. When things got more worrisome, my husband called the same Wells Fargo number that he was calling from and asked about XXXX XXXX. He was told that no such employee called and to hang up. We filed a claim with Wells Fargo immediately around XXXX XXXX This was after XXXX and a XXXXXXXX XXXX since the wire was sent. The wire did not reach the scammer as he kept asking whether I received any notification of the wire being completed. The wire was showing pending. On XX/XX/XXXX, I received a letter from Wells Fargo stated they are unable to reimburse us and closed the claim. They initiated a wire recall but the beneficiary XXXXXXXX XXXX responded that there were no funds available to return. I am holding Wells Fargo liable for the {$17000.00} loss due to their failure to execute a stop-payment on a pending transaction after direct customer notification. Wells Fargo also denied to take my Police case number. I also filed a report with the police and FTC.",Managing an account,Checking or savings account,Checking account,Problem using a debit or ATM card,WELLS FARGO & COMPANY,2026-07-29T22:39:05.000Z,TX,77407,Closed with explanation,Web
24727430,"On XX/XX/year>, I received a response from Aargon Collection Agency claiming to validate a debt of {$940.00} allegedly owed to XXXX XXXX XXXX XXXX XXXX. I had previously submitted a written debt validation request pursuant to FDCPA Section 809 ( b ). Their response is legally deficient and fails to constitute proper validation for the following reasons : No chain of title or assignment documentation was provided. Aargon sent only a XXXX internal account activity statement. They provided XXXX documentation no bill of sale, no assignment agreement, no purchase contract establishing that this debt was ever legally transferred or sold to Aargon Collection Agency. They have not proven they have any legal right to collect this debt. The account reflects a "" Written Off '' status. The very document Aargon submitted shows XXXX charged off this account. Despite this, Aargon has produced no documentation proving they purchased or were assigned the charged-off balance. The account statement contains an address discrepancy that was never reconciled. The XXXX statement Aargon submitted lists a XXXX XXXX mailing address. I reside in XXXX XXXX Aargon has provided no documentation confirming this account is correctly attributed to me. No original signed agreement was produced. A billing ledger alone does not satisfy FDCPA validation requirements. Despite these failures, Aargon continues collection activity on an unvalidated, disputed debt. I submitted a formal second dispute letter via certified mail on XX/XX/year> demanding cessation of all collection activity and immediate deletion from all consumer reporting agencies. I am requesting the CFPB compel Aargon to provide complete validation documentation or cease all collection activity and delete this tradeline immediately.",Attempts to collect debt not owed,Debt collection,Other debt,Debt is not yours,"Aargon Agency, Inc.",2026-07-29T15:56:58.000Z,IL,60643,Closed with explanation,Web
24517080,""" I am a 100 % Permanently and XXXX XXXX Veteran ( XXXXXXXX XXXX XXXX ) with a full 100 % XXXX Veteran property tax exemption approved by XXXX XXXX XXXX XXXX XXXX XX/XX/year>, resulting in a {$0.00} property tax obligation for tax year 2026. My mortgage servicing was transferred from XXXX XXXX to Freedom Mortgage Corporation ( Account # XXXX ) on XX/XX/year>. My escrow account is currently collecting approximately {$460.00} per month for property taxes that I do not owe, totaling approximately {$3200.00} in surplus funds being held as of XX/XX/year>. I verified with XXXX XXXX XXXX XXXX that no 2026 property tax payments have been made on my property and my 2026 obligation is {$0.00}. I previously made a verbal request for an escrow reanalysis which produced no result. I then submitted a formal Qualified Written Request pursuant to RESPA Section 6 requesting an immediate escrow reanalysis, surplus refund of approximately {$3200.00}, and reduction of my monthly payment by approximately {$460.00}. Freedom has given me the ability to remove all taxes from my payment without any verification, but this will not be effective until XX/XX/year>, and still no explanation where the other money is going or when it will come back to me. Freedom Mortgage has failed to act on my requests. I am requesting the CFPB compel Freedom Mortgage to immediately conduct an escrow reanalysis for the ENTIRE YEAR of 2026, refund the surplus, and adjust my monthly payment to reflect my {$0.00} tax obligation. ''",Trouble during payment process,Mortgage,VA mortgage,"Escrow, taxes, or insurance",Freedom Mortgage Company,2026-07-23T14:02:22.000Z,TX,77084,Closed with explanation,Web
24606782,I wanted to add my wife to my account they said they was busy so they had my wife sign the check over to me and now they dont want to tell me why they dont wan na release the funds thats already been taken out of my sister in-laws account,Managing an account,Checking or savings account,Checking account,Funds not handled or disbursed as instructed,WELLS FARGO & COMPANY,2026-07-25T20:25:48.000Z,GA,30093,Closed with explanation,Web
24640575,"I am filing this complaint against Bank of America regarding an unfair and inaccurate 30-day late payment reporting on my credit file, which was directly caused by a systemic failure of Bank of Americas online banking infrastructure and subsequent customer service negligence. Due to a technical issue on Bank of America 's platform, I was completely locked out of my online banking profile. This technical barrier entirely prevented me from accessing my statement, viewing account details, or executing my scheduled payment. I had both the absolute intent and the necessary funds to pay my balance on time, but I was physically barred from doing so by the bank 's own system. Immediately upon regaining access to my account, I brought the account current and paid the balance. Despite this being a clear bank-side technical failure, Bank of America reported a 30-day delinquency to the major credit bureaus, severely damaging my credit score. Following the reporting, I have spent hours on the phone attempting to resolve this through Bank of America 's customer care channels. I have dialed multiple departments, including their standard customer service, online banking technical support, and the credit reporting dispute lines. Instead of receiving assistance to log a technical dispute or escalate the system error, I was met with extreme resistance. Front-line customer care agents were dismissive, unhelpful, and explicitly stated that they "" can not submit anything '' or escalate the issue to a supervisor, entirely stonewalling my attempts to resolve this internally. Because the late payment was a direct result of Bank of America 's technical account lockoutand because their customer service teams refuse to acknowledge the system error or process a correctionI am requesting that Bank of America 's executive compliance team perform a review of my account history.",Problem with a company's investigation into an existing problem,Credit card,General-purpose credit card or charge card,Difficulty submitting a dispute or getting information about a dispute over the phone,"BANK OF AMERICA, NATIONAL ASSOCIATION",2026-07-27T17:04:37.000Z,CA,94568,Closed with explanation,Web
24513707,"In accordance with the Fair Credit Reporting act. The List of accounts below has violated my federally protected consumer rights to privacy and confidentiality under 15 USC 1681. 15 U.S.C 1681 section 602 A. States I have the right to privacy. 15 U.S.C 1681 Section 604 A Section 2 : It also states a consumer reporting agency can not furnish a account without my written instructions 15 U.S.C 1681c. ( a ) ( 5 ) Section States : no consumer reporting agency may make any consumer report containing any of the following items of information Any other adverse item of information, other than records of convictions of crimes which antedates the report by more than XXXX years. 15 U.S.C. 1681s-2 ( A ) ( 1 ) A person shall not furnish any information relating to a consumer to any consumer reporting agency if the person knows or has reasonable cause to believe that the information is inaccurate.",Problem with a company's investigation into an existing problem,Credit reporting or other personal consumer reports,Credit reporting,Investigation took more than 30 days,"TRANSUNION INTERMEDIATE HOLDINGS, INC.",2026-07-23T11:36:09.000Z,TX,75134,Closed with explanation,Web
24276513,"This debt collector has done unjustifiable practices of the FDCPA which it prohibits. They furnished this account that we didn't agree upon and I didn't sign an agreement on. A legal contract is signed by two parties and I did not participate in any of it. they didn't follow the proper 5-step validation procedure. According to the FDCPA, I'm entitled to compensation for these violations and clearly, they violated my rights and abused my privileges. I demand this account be taken off immediately.",Took or threatened to take negative or legal action,Debt collection,I do not know,Threatened or suggested your credit would be damaged,"SUNRISE CREDIT SERVICES, INC",2026-07-16T19:08:10.000Z,TX,77433,Closed with explanation,Web
24726038,"I deposited XXXX XXXX check # XXXX for {$5100.00} at a Wells Fargo ATM on XX/XX/XXXX. The ATM receipt stated {$400.00} was available immediately and the remaining {$4700.00} would be available on XX/XX/XXXX. This shows Wells Fargo initially approved the deposit and did not place a hold at the time of deposit. The next morning, Wells Fargo reversed the availability and added an extended hold with the reason You Need To Refer To Maker Of Check. This is not a valid Regulation CC exception. Wells Fargo has not provided the required written Regulation CC exception notice. XXXX XXXX confirmed that check # XXXX fully cleared my fathers account on XX/XX/XXXX, and the funds were withdrawn. Despite this, Wells Fargo is still holding the money until XX/XX/XXXX without any lawful basis. I am requesting that Wells Fargo immediately release the funds, provide the required Regulation CC exception notice, and explain why they changed availability after ATM approval using a nonReg CC reason.",Managing an account,Checking or savings account,Checking account,Funds not handled or disbursed as instructed,WELLS FARGO & COMPANY,2026-07-29T15:08:32.000Z,VA,23222,Closed with explanation,Web
24490545,"Between XX/XX/year> and XX/XX/year>, I submitted multiple disputes to [ EQUIFAX/EXPERIAN/TRANSUNION ] concerning inaccurate , incomplete, and/or unverifiable information appearing in my consumer credit file. My disputes identified the specific accounts and information being challenged and included supporting documentation where applicable.",Incorrect information on your report,Credit reporting or other personal consumer reports,Credit reporting,Account status incorrect,"TRANSUNION INTERMEDIATE HOLDINGS, INC.",2026-07-22T21:15:24.000Z,VA,238XX,Closed with explanation,Web
24184461,"The Fair Credit Reporting Act ( 15 U.S. Code 1681 ) says ( 1 ) The banking system is dependent upon fair and accurate credit reporting. Inaccurate credit reports directly impair the efficiency of the XXXX $ g system, and unfair credit reporting methods undermine the public confidence which is essential to the continued functioning of the banking system. So whenever there is a violation under the FCRA, it impairs the efficiency of the banking system. This is a violation of TILA US Code 1666B since I was never late. "" I recently reviewed my consumer report and noticed an incorrect late payment record. I have always maintained timely payments on this account. Under the Fair Credit Billing Act ( FCBA ) and the Truth in Lending Act ( TILA ), creditors are required to accurately report consumer transactions and provide a mechanism for correcting errors in a timely manner. Please conduct an investigation into this matter, and if you can not provide documentary evidence of these supposed late payments, I demand these payments to be updated to on time as they should be as I was NEVER late. I expect these updates to be made promptly, in compliance with the law.",Improper use of your report,Credit reporting or other personal consumer reports,Credit reporting,Reporting company used your report improperly,"TRANSUNION INTERMEDIATE HOLDINGS, INC.",2026-07-14T17:16:23.000Z,FL,33060,Closed with explanation,Web
24166944,I have 2 debts bought by XXXX from XXXX XXXX XXXX XXXX. They keep changing the first delinquency date and Im fairly certain they are trying to re-age my collection accounts. My first delinquency was in XXXX when I lost my job during Covid. At the time I tried working things out with XXXX but they were unwilling to come to some type of agreement. Then XXXX bought the account and they contacted me one time and stated on the phone that it was for XXXX accounts that they charged off. Ive disputed the accounts several times for the first delinquency being incorrect and they keep refusing to change them to the correct dates.,False statements or representation,Debt collection,Credit card debt,Attempted to collect wrong amount,We Collect Inc,2026-07-14T06:17:06.000Z,ID,83404,Closed with explanation,Web
24532071,"I am the owner of the email address associated with this complaint. Since XX/XX/year>, Ally Bank has been sending me account alerts for an account that belongs to another individual. The alerts include account balance information, including overdraft notifications and overdraft amounts. I have contacted Ally 's fraud department multiple times to report that my email address has been incorrectly associated with another customer 's account. Despite these reports, Ally continues to send me confidential account information intended for someone else. I contacted Ally 's fraud department in late XXXX ( I didn't note the date ). I then contacted them on XX/XX/year>, XX/XX/year>, and XX/XX/year> ). Each time I was told their fraud department would research and it would take at least 30 days to review. They said they may contact me, which I said was fine. I continue to get e-mails about this account. I know when it's overdrawn, and by how much. I get loan offers. Early on I got e-mails for Spending Account and Savings Account to call and activate the accounts. I have all these e-mails. I am shocked with all concerns of identity and financial fraud that Ally wouldn't take this seriously. I am not requesting access to the account. I simply want my email address removed from the other customer 's account and for Ally to stop sending me that customer 's banking information.",Managing an account,Checking or savings account,Checking account,Problem accessing account,ALLY FINANCIAL INC.,2026-07-23T19:11:25.000Z,TN,37876,Closed with explanation,Web
24659738,"To Whom It May Concern, I am writing in response to your communication regarding the alleged debt associated with the account referenced above. Please be advised that I am formally disputing owing any and all debts to your agency. Under my rights under the Fair Debt Collection Practices Act ( FDCPA ), I am requesting full validation of this debt before any further collection efforts continue. Specifically, please provide the following documentation : 1. Debt Validation : Detailed documentation verifying the origin, balance breakdown, and validity of the alleged debt. 2. Purchase Agreement : A copy of the bill of sale or purchase agreement between your agency and the original creditor proving ownership or authorization to collect this debt. 3. Licensing and Bonding Verification : Official proof that your agency is licensed and bonded to collect debts in my state. Additionally, I hereby revoke all rights and consent for your agency to communicate with me via phone calls, text messages, or email. All future communications regarding this matter must be conducted strictly in writing through the U.S. Postal Service to the address listed above. Please cease all collection efforts and refrain from reporting ( or updating ) any information regarding this disputed account to credit reporting agencies until full verification and requested documentation have been provided. Sincerely, XXXX XXXX",Written notification about debt,Debt collection,I do not know,Didn't receive notice of right to dispute,USCB Corporation,2026-07-28T00:48:48.000Z,VA,24501,Closed with explanation,Web
24165403,"I have been fighting back and forth with my mortgage company about my payments as far back as XX/XX/year>. I made payments starting in XX/XX/year>XXXX after reinstating my loan in XXXX. Then by XXXXXXXX XXXX XXXX was no longer my mortgage company and now Rocket Mortgage is saying they havent been receiving any payments. I submitted my bank statements showing proof of my payments. I was told those payments were correctly applied to my loan. But according to Rocket Mortgage, Im still late as of XXXX for not making any payments. I showed proof and I was told the payments were applied, so then why am i in Foreclosure???? Today XX/XX/year>, I received a letter from an attorney representing the foreclosure of my home of 30 years. Even though I showed proof that I made my payments and even though I have been going back and forth with loss mitigation, and filing complaints, i still cant get out of foreclosure. This time, this foreclosure situation isnt my fault, the mortgage company is at fault. I need them to apply my payments and let me resume making my payments again. I dont want to lose my home because my mortgage company doesnt want to correct what they themselves damaged.",Trouble during payment process,Mortgage,Conventional home mortgage,Payment process,"Rocket Mortgage, LLC",2026-07-14T04:38:50.000Z,CO,81004,Closed with explanation,Web
24610083,"I am a XXXX consumer filing this complaint against Citibank regarding an unfair billing dispute rejection on my My Best Buy Credit Card account.I purchased what I believed to be a brand-new XXXX camera directly from BestBuyXXXX. The camera was delivered on XX/XX/year>. On XX/XX/year>, I unboxed the camera to test it and discovered that it was completely non-functional and arrived damaged.When I immediately contacted customer service to initiate a standard return, I discovered for the first time that Best Buy had funneled my purchase to an obscure third-party marketplace vendor. This third-party status was not clearly or conspicuously disclosed to me at the point of sale.I have engaged in good-faith efforts to resolve this, but both Best Buy and the third-party vendor refuse to issue a refund or accept a return for this damaged, brand-new product. The vendor is attempting to force an unwanted repair process on a item that arrived broken, and Best Buy 's escalation department explicitly told me they "" absolutely can not negotiate '' or intervene due to the third-party contract. I have also escalated this matter to the XXXX XXXX Attorney General 's office.I contacted Citibank to dispute this charge under the Fair Credit Billing Act ( FCBA ) for damaged/defective merchandise. Citibank sent me a letter refusing to honor the dispute, claiming they can not do anything because the item was purchased from a third-party vendor. Citibank is violating my consumer rights under the FCBA by refusing to investigate a valid billing error for merchandise that was delivered damaged and not as agreed. A credit card issuer can not legally abdicate its dispute resolution responsibilities just because the primary retailer utilizes an unvetted marketplace platform. I am being financially penalized and deceived by a predatory marketplace structure. I request that Citibank honor my dispute and issue a permanent chargeback credit of {$1000.00} to my account. Best Buy sent me a screen shot showing that I should have know I purchased from a XXXX party vendor. However, the screen shot was actually of the day the camera was delivered. I never knew I was not fully dealing with Best Buy. During all of this, I was working in an medical emrgency with my daughter XXXX XXXX XXXX XXXX XXXX",Problem with a purchase shown on your statement,Credit card,General-purpose credit card or charge card,Credit card company isn't resolving a dispute about a purchase on your statement,"CITIBANK, N.A.",2026-07-26T01:02:49.000Z,NC,XXXXX,Closed with explanation,Web
24444626,"On XX/XX/XXXX I entered the Wells Fargo Branch Office at XXXX XXXX XXXX XXXX XXXX XXXX to make the final payment on my House Mortgage. The branch reviewed my information and informed me I owed {$1300.00} for my final payoff for my home mortgage. I wrote them a check for that amount from by XXXX checking account. I received a received a receipt from the bank for that transaction. On XX/XX/XXXX, I received a call from the Home Mortgage Department of Wells Fargo informing me that I was late on my XXXX ( last month ) payment on my Home Mortgage. I informed them that I made that payment of {$1300.00} on XX/XX/XXXX at the Branch office. I also told them I had a posted check for {$1300.00} on my BMO checking account. They said they had no record of that payment. I returned to the branch office on XX/XX/XXXX and XXXX the receipt and canceled check I had for the amount of {$1300.00} on my BMO checking account. They reviewed the paperwork and found that the teller had placed the account number for my auto loan ( not my home mortgage ) on the payment ( it was the banks error ). They reached out to the Auto Loan department that informed them they could not transfer the money from the auto loan to the Home Mortgage. That all they could do is return the funds. While not happy with this in order to not get a penalty on my home loan waiting for the funds to be returned in the next couple of days I used my Wells Fargo checking account to pay off {$1300.00} ( the true correct payoff with escrow, which was missed on the first payoff on XX/XX/XXXX ) on XX/XX/XXXX. This means I had paid Wells Fargo twice for this payoff and had given them a total of {$2600.00} for this final mortgage payoff, which they owed me {$1300.00} back that was now in my auto loan due to their error. I also gave the branch the routing number and my account number to return the {$1300.00} back to my XXXX checking account. I was told this would be done by Friday XX/XX/XXXX. On XX/XX/XXXX after not seeing any new deposit to my XXXX checking account and seeing the reversal of the {$1300.00} from my Wells Fargo auto loan on XX/XX/XXXX, I returned to the Branch and was informed that there was nothing they could do. I then called the Customer Support line with Wells Fargo and was jumped between numerous personal. They informed me that they would have a resolution by XX/XX/XXXX. I told them this was not adequate as i need those funds for day-to-day expenses in my life. I was told that they would call me back by XXXX XXXX XXXXXX/XX/XXXX. I did not receive any call from Wells Fargo by XXXXXXXX XXXX XXXX XXXXXX/XX/XXXX, so I called back to the Customer help line and was told i needed to speak to the Home Mortgage department. I talked with them and they informed that they had returned the funds to the Wells Fargo Auto Loan as my Home Mortgage was paid in full and closed out. I was then transferred too the XXXX XXXX department and was told they had not received any funds form the Home Mortgage department. They also were upset that the Home Mortgage department was not taking care of this issue and they were filing an internal complaint about that. As it stands, I do not know who has the control of the {$1300.00} of extra money I have paid to Wells Fargo and it appears that they do not know how to return those funds to me. I am asking you to step in and help me get the funds that I paid Wells Fargo that they placed in the wrong account and now will not in a timely manner return to me.",Trouble during payment process,Mortgage,Conventional home mortgage,Payment process,WELLS FARGO & COMPANY,2026-07-21T20:35:40.000Z,CO,80012,Closed with monetary relief,Web
24668638,"XXXX XXXX has placed a total operational profile freeze on my business account, completely restricting my access to a {$60.00} cash deposit and a {$29000.00}. business check. The {$29000.00} check has fully cleared the paying institution, and I have provided the bank with undeniable transaction evidence proving its legitimacy. Furthermore, my business is exclusively and legally registered with the Texas Secretary of State. XXXX XXXX XXXX risk department explicitly stated they are maintaining this freeze based entirely on an informal XXXX search of an unrelated website. By withholding my cash deposit past 24 hours and freezing cleared funds based on an internet search rather than official state registries, XXXX XXXX is in direct violation of Federal Reserve Regulation CC ( S 229.10 and 229.13 ). This improper banking practice is actively paralyzing my business operations. I am a new small business who does sub contracting work to install roofs. I now have employees threatening leans on home because I can not pay them. I sent in invoices from the company that paid me, tracking where they sent me the check. Direct emails from the company who paid me, who is a national large contractor and very well known, XXXX XXXX. Every time I call the bank, I have called at least 40 times, I get told they have to talk to back office about it and they will call me back. No one calls me back with information. I have spoken to the manager at the XXXX location with a call back just to to be told they will call me back. I then I have to call 5 or 6 times in a row to get an answer. I am just trying to run my business. I deposited my check on XX/XX/XXXX and my funds are saying available. They are also holding my {$60.00} cash deposit for opening the account. I went in person to the branch to open my account, deposit the check, and made my {$60.00} cash deposit. At one point someone called me from Zions bank and said my former last name before my marriage was showing on my social so I sent in my social security card. I had my name changed after marriage in XX/XX/XXXX. When I called the bank the said my name was correct, it was as if the person was just trying to find a reason to hold my account. The bank has been so vague and I had to force them to give me their email address to even be able to send in any type of proof. No one would speak with me until I called another branch and explained the situation. They then called the XXXX branch. This is completely unacceptable.",Managing an account,Checking or savings account,Checking account,Deposits and withdrawals,ZIONS BANCORPORATION,2026-07-28T11:50:32.000Z,TX,77084,Closed with explanation,Web
24690980,This collection is not mine. I had my auto pay taken out of my account for next months service on XX/XX/year>. This was confirmed both by XXXX and on the internet that they bill month prior. I disconnected service with XXXX on XX/XX/year> and transported my line over to XXXX for my phone number XXXX with proof shown in the below attachments. XXXX has made it so I was not able to call or access any of my account documents. When I called them they said I had to speak to the collections agency and they can not help me at all with my debt. They are hard to get a hold of with their automated phone tree. I tried several times. Then when I did they told me to email. I sent in a dispute online in XXXX heard nothing then I sent in another XX/XX/year> and am not getting any information back. They tell me they cant do anything XXXX has to but yet XXXX can update and ruin my credit score. I was in the middle of looking for a car or house and because of that charge I can not get credit and its not even my bill. In addition I never received any documentation from them. This may be because I moved. But the first I knew about the account was from it hitting my credit report. And not only that this has been extremely time consuming as a single mother to fix. I believe I should be owed compensation for this.,Written notification about debt,Debt collection,Telecommunications debt,Didn't receive enough information to verify debt,"MRS BPO, LLC",2026-07-28T19:15:36.000Z,AK,99504,Closed with non-monetary relief,Web
24706147,"Our loan documents contain provisions stating that the lender 's prior written consent is required before transferring all or any part of the property or any interest in the property. Specifically : Note dated XX/XX/XXXX, Page XXXX, third paragraph ; and Note dated XX/XX/XXXX, Page XXXX, first paragraph. Both notes provide, in relevant part : "" If all or any part of the Property or any interest in the Property is sold or transferred [ ... ] without Lender XXXX prior written consent, Lender may require immediate payment in full of all sums secured by this instrument. '' Because these provisions expressly refer to the lender 's prior written consent, we have sought written confirmation from Truist Bank before recording any deed transferring title to our revocable living trust. Over the course of our communications, Truist first requested a Certification of XXXX. We provided the requested document. Truist subsequently requested an affidavit, which we also provided. After satisfying those requests, Truist then requested a recorded copy of the title transfer. This places us in an impossible position. We can not safely record and transfer title first because the loan documents state that a transfer without the lender 's prior written consent may permit the lender to accelerate the loan and demand immediate payment in full. Accordingly, we have repeatedly requested written confirmation from Truist before proceeding with the transfer. We have written to Truist on at least XXXX separate occasions ( XX/XX/XXXX, XX/XX/XXXX, XX/XX/XXXX ) explaining the relevant provisions of the loan documents and requesting written confirmation that : The transfer of title into our revocable living trust is permitted ; and The existing loan will remain in full force and effect without acceleration, enforcement of any due-on-sale provision, or modification of its terms. Despite these repeated requests, Truist has not provided a clear written response addressing our concerns. We have already provided Truist with documentation demonstrating that : The trust is a revocable inter vivos trust. Current owners will remain the trustees and beneficiaries of the trust. There is no transfer of rights of occupancy. The property will continue to be occupied by the borrowers as applicable. The transfer does not constitute a sale or conveyance to any third party. The transfer is solely for estate-planning purposes. In addition, we understand that transfers of residential property by a borrower into the borrower 's own revocable living trust, where the borrower remains a beneficiary and occupancy rights remain unchanged, are generally protected under the GarnSt. Germain Depository Institutions Act of XXXX, XXXX U.S.C. XXXX, and its implementing regulations. Our proposed transfer appears to satisfy those conditions. Despite our repeated explanations and submission of the requested trust documentation, Truist has not provided a clear written statement regarding whether it agrees that the proposed transfer qualifies under those protections. Instead, Truist continues to request a recorded deed before providing the written confirmation we have requested. Our concern is straightforward. The loan documents warn that a transfer without prior written consent may permit acceleration of the loan. Truist, however, is effectively requiring us to complete the transfer before providing the written confirmation necessary to protect ourselves from that risk. We have explained this concern multiple times, but Truist has not addressed it. The ongoing delay is preventing us from completing an important estate-planning transfer. We established our revocable living trust to avoid probate and ensure proper management and disposition of our assets. Further delay increases the risk that the property may remain outside the trust and become subject to probate proceedings, contrary to our estate-planning objectives.",Trouble during payment process,Mortgage,Conventional home mortgage,Trying to communicate with the company to fix an issue while managing or servicing your loan,TRUIST FINANCIAL CORPORATION,2026-07-29T01:44:50.000Z,CA,92887,Closed with explanation,Web
24420860,"XXXX XXXX XXXX XXXX XXXXXXXX XXXX XXXX XXXX XXXX XXXXXXXX XX/XX/XXXX Credit Collection Service XXXX XXXX XXXX XXXX XXXX XXXX XXXXXXXX Re : Request for Debt Validation Dear Credit Collection service, This letter serves as a formal request for validation of any alleged debt associated with my account. I am asserting my rights under the Fair Debt Collection Practices Act ( FDCPA ), 15 U.S.C. 1692g, and requesting that you provide me with the details necessary to validate this debt. According to the FDCPA, you are required to provide me with proof that I owe the debt in question and the amount of the debt. This includes providing the name of the creditor, the original amount of the debt, and any relevant account numbers. Case law has affirmed my right to request validation of debt. In XXXX XXXX XXXX Credit & Collection Services , Inc., XXXX XXXX XXXX ( XXXX XXXX. XXXX ), the court ruled that consumers have the right to request validation of any debts being collected. Any failure to provide this information may constitute a violation of my rights under federal law. Please send me the validation information within 30 days of receiving this letter. Until I receive this validation, I request that you cease all collection activities regarding this matter. Thank you for your prompt attention to this request. Sincerely, XXXX XXXX",Written notification about debt,Debt collection,I do not know,Didn't receive enough information to verify debt,"CCS Financial Services, Inc.",2026-07-21T11:18:14.000Z,IL,60411,Closed with explanation,Web
24607182,"On XX/XX/XXXX, I bought a bassinet from XXXX XXXX for {$29.00}. On XX/XX/XXXX, when I checked my credit card, a different company called XXXX took not only {$29.00}, but {$69.00}, {$75.00} and {$65.00} totalling {$240.00}. I called XXXX, my credit card company, to dispute the charges, they helped me order a new card and they put a provisional credit for the amount of {$240.00}. A week later I called the credit card company, XXXX to check on the status of the investigation and they asked me if I contacted the merchant, I told they why would I give this company anymore information after they put these fraudulent charges on my card and they have my address and phone number too. I also asked if I can provide proof I never received the item to them and they said they didnt need it and they sent me a letter about the dispute resolution. I asked for the investigation conclusion over the phone and they refused. I spent an hour and a half talking to XXXX supervisors and being hung up on, so I finally gave up since it didnt get me anywhere. Several days later I received a letter in the mail from XXXX stating that since I didnt report my card stolen that I am responsible for the charges. My credit card information was stolen over the internet and I didn't robbed, so the conclusion was absurd. Then, they pre-approved me for a protect credit card to prevent fraud in my app and I was wondering why wouldnt they just give me back the disputed amount instead of offering my another credit card. I paid for my portion of the charges minus the disputed amount and I have not activated my new XXXX card because I dont trust them to use my card and something like this happens again. I know XXXX is backed by XXXX XXXX and I have another card, XXXX credit card, that I share with my daughter and I am leary and want to close that card as well because of this incident. This whole thing left a bad taste in my mouth.",Problem with a purchase shown on your statement,Credit card,General-purpose credit card or charge card,Credit card company isn't resolving a dispute about a purchase on your statement,Atlanticus Services Corporation,2026-07-25T20:38:01.000Z,AZ,851XX,Closed with explanation,Web
24234137,"Navy Federal Credit Union violated 12 CFR 1024.41 by failing to evaluate my completed loss mitigation application in good faith. My application package was verified as complete on XX/XX/2026, showing stable income. Instead of calculating a standard loan modificationwhich would capitalize my arrears and restructure my payments based on my incomeNavy Federal issued an unfeasible repayment plan demanding an {$8000.00} upfront lump sum by XX/XX/2026. They illegally initiated a foreclosure lawsuit on XX/XX/2026, while my active application was pending review. Furthermore, their process server executed a fraudulent affidavit of service on my XXXX son, fabricating an adult physical description on the court record. My current income supports a restructured loan. I request that Navy Federal immediately halt the litigation, review loss mitigation application package, and issue a standard Loan Modification Trial Period Plan ( TPP ) before XX/XX/2026.",Struggling to pay mortgage,Mortgage,Conventional home mortgage,"Applying for or obtaining a modification, forbearance plan, short sale, or deed-in-lieu",NAVY FEDERAL CREDIT UNION,2026-07-15T19:08:49.000Z,NY,142XX,Closed with non-monetary relief,Web
24701666,"A year ago, I applied for a credit card. I never received the card or any statements. Citi told me that I will received the results of my application via mail. I never received nothing. I recently received a statement saying that I had an account with this company and that I was charge a suscription. I call immediately, and the Citi representative said that I need to pay even if I was not aware of the suscriptions or have the card with me. I tried to explain, that I never received the card, I also never use it or accept the terms.",Problem with a purchase shown on your statement,Credit card,General-purpose credit card or charge card,Credit card company isn't resolving a dispute about a purchase on your statement,"CITIBANK, N.A.",2026-07-28T22:59:48.000Z,TX,79907,Closed with monetary relief,Web
24272492,"I canceled my policy with USAA to end XX/XX/year>. They informed me the remaining balance was {$98.00}. It perplexed me that remaining balance was more than the monthly payment. I inquired why is it not prorated if Im canceling before the policy is over. They stated the coverage dates I was paying for was XXXX and that I was paying for the month prior. It made no sense to me and I just wanted to be done .I paid {$20.00} toward that balance which brought the balance down to {$70.00} and I requested an extension. Unbeknownst to me, they added a late fee of {$15.00} and another {$3.00} processing fee to this canceled policy. I was not informed they was at a late fee to a canceled policy. The representative told me that there would just be a regular balance and if I ever wanted to come back to the company, I needed to pay off that outstanding balance, which was the {$70.00}. This is a very unfair practice and I feel cheated. I paid the {$98.00} today because I did not want to risk my credit score getting lower as it is in the XXXX. I have attached the screenshot",False statements or representation,Debt collection,Other debt,Attempted to collect wrong amount,UNITED SERVICES AUTOMOBILE ASSOCIATION,2026-07-16T17:18:17.000Z,VA,23513,Closed with explanation,Web
24486013,"XXXX XXXX XXXX XXXX XXXX XXXX XXXX North Carolina XXXX North Carolina IC SYSTEM INC XXXX XXXX XXXX XXXX XXXXXXXX XXXX XXXXXXXX XX/XX/year> Account Number : XXXXXXXX XXXX XXXX XXXX XXXX Amount : I C SYSTEM - XXXXXXXX XXXX XXXX XXXX XXXX XXXX {$3300.00} To whom it may concern, Please note that this is not a refusal to pay off the account but a notice sent as per the Fair Debt Collection Practices Act ( F.D.C.P.A. ), 15 U.S.C. S 1692 ( G ) Section 809 ( B ). This notice states that your claim is disputed and validation of the account is required. This notice is not a request for verification of the account or proof of my mailing address but a request for validation made pursuant to the F D.C.P A. laws. I humbly request that your agency/ office sends me valid proof of claim that I am legally obligated to pay you. Please provide me with the below mentioned items : * The amount you claim the respondent owes you * An explanation showing me how you have computed the amount. * Copies of any documents that prove I agreed to pay the alleged amount * The identity of the original creditor * Confirmation that the account has not crossed the statute of limitation ( SOL ) period * Evidence that you are a licensed debt collector * Evidence of your license numbers and your registered agent. * Chain of Title of ownership of the debt * XXXXXXXX XXXX XXXXXXXX XXXX",Attempts to collect debt not owed,Debt collection,I do not know,Debt is not yours,"I.C. System, Inc.",2026-07-22T19:38:55.000Z,NC,28405,Closed with explanation,Web
24252754,Im literally trying to pay the payment on my modification on the date I said and they told me I had till the XXXX when she called I got paid just now and cant pay it is the XXXX!!!!! I am trying to pay the payment for my last trial payment I called no answer I told her I could pay it ubril the XXXX here we are again.,Struggling to pay mortgage,Mortgage,FHA mortgage,"Trying to communicate with the company to fix an issue related to modification, forbearance, short sale, deed-in-lieu, bankruptcy, or foreclosure",U.S. BANCORP,2026-07-16T04:12:52.000Z,AZ,85326,Closed with explanation,Web
24742630,"I received my mailed Citi Dividend XXXX XXXX statement for XXXX, billing period XXXX. Upon reviewing said statement I noted XXXX erroneous charges. Both were from XXXX XXXX XXXX XXXX XXXX XXXX XXXX XXXX XXXXXX/XX/year> for {$11.00} and XX/XX/year> for {$76.00}. I immediately contacted Citi Bank by phone on or around XX/XX/year> to report fraudulent charges. The agent suggested we close the associated XXXX card account, issue a new card within XXXX business days, and reverse the XXXX charges in question, not recognized by me. She assured me I would not be held responsible. When no new card arrived, I became concerned, on XX/XX/year> I called Citi again. I spoke with another representative XXXX XXXX XXXX, I expressed my concern for missing card. XXXX said the account had not been closed, she could see no evidence of a new card ordered, or charges disputed. XXXX said she would take care of me. Upon completion of our interaction, I requested a confirmation code or email collaborating our business, considering the first agent contacted dropped the ball. XXXX said they don't give out conformation codes or emails. She said go ahead, try to charge something on your old card, it will be denied. I asked for a supervisor. The supervisor, XXXX was able to view my initial contact with first agent. She noted the interaction had been botched up. She reassured me old account was now deactivated, new card was ordered coming in XXXX days, & dispute was in effect, charges would be dropped. We went over the math so I could pay just the amount owed, minus the fraudulent charges. She gave me a case # XXXX. The new card arrived on XX/XX/year>, charges were removed XX/XX/year>. & I received a letter from Citi stating XX/XX/year> account credited for fraudulent charges {$88.00}. I thought all was good, then Citi requested info from me stating XXXX XXXX XXXX XXXX XXXX provided them with info which showed my name, address, phone #, credit card #, CVV #, & XXXX address. plus I did not cancel within XXXX. I have investigated XXXX XXXX XXXX XXXX XXXX. I looked up the address, a house in XXXX called the phone # got a recording which had nothing to do with a XXXX Called the XXXX # got a XXXX party cosigner XXXX who after speaking with him found out this : I supposedly purchased a Raffle for {$11.00} to win a "" XXXX XXXX XXXX XXXX '' & {$76.00} for a subscription or more raffle tickets. The lightbulb moment! I looked up scams on the computer. This is a known Fraudulent Phishing scam : A phony Survey from XXXX whereby I would be entered into a chance to win a XXXX XXXX XXXX. There is no such item from the XXXX XXXX XXXX I printed out all the info how the scam works, how they get your info off the phone etc. On XXXX & XX/XX/year> I provided Citi with all this info via emails to XXXX, XXXX & XXXX. I received automated responses. Yesterday & Today XX/XX/year> I called Citi XXXX XXXX XXXX XXXX no answer, left a message. Citi has now reversed the {$11.00} charge back to me, which is due XX/XX/year>. I have reached out to them multiple times to no avail. I do not want to pay this. I do not feel safe, I have been their customer for XXXX. This isn't working for me.",Problem with a purchase shown on your statement,Credit card,General-purpose credit card or charge card,Card was charged for something you did not purchase with the card,"CITIBANK, N.A.",2026-07-29T21:02:21.000Z,NY,11520,Closed with monetary relief,Web
24506748,"This CFPB complaint has been filed to request pursuant to FCRA 605B ( 15 U.S.C. 1681c-2 ) thatDispute2025 $ you -- credit reporting agency, block information appearing on my consumer credit report that is the result of identity theft and fraud within 4 business days of you receiving this complaint. I am concerned about the validity and accuracy of your recent investigation of these accounts that are reporting on my credit report. Last month I requested an investigation because I felt the item was not being reported legally. Couple of days ago I received a letter stating that you have ceased investigation of my credit reports because, in your opinion, you believe that I have used a third party credit repair agency. Not only do I believe this to be a stall tactic on your part to grant you an additional 30 days to comply with my original request, but I believe it to be a blatant violation of the FCRA. I have attached a copy of my government issued ID as well as mail showing proof of address. So, there shouldnt be any confusion or stall tactics on your end.",Improper use of your report,Credit reporting or other personal consumer reports,Credit reporting,Reporting company used your report improperly,"TRANSUNION INTERMEDIATE HOLDINGS, INC.",2026-07-23T05:24:46.000Z,LA,707XX,Closed with explanation,Web
24480477,"Through this CFPB complaint, I am formally asserting my rights under the Fair Debt Collection Practices Act ( FDCPA ) and the Fair Credit Reporting Act ( FCRA ) by submitting a combined dispute and validation request to Credit Collection Services. I have attached a detailed written request that outlines all necessary documentation to validate the alleged debt. Specifically, I am requesting : A complete copy of the original signed contract or agreement that created the alleged obligation. A full itemized account history, including all charges, payments, interest, fees, adjustments, and charge-offs. Documentation showing that Credit Collection Services currently owns the debt, including any purchase or assignment contract. The name and address of the original creditor. Copies of any prior notices or communications, including the validation notice required under 15 U.S.C. 1692g ( a ). Additionally, to verify the accuracy and completeness of the information associated with this account, I have requested : The Date of First Delinquency ( DOFD ), as recorded by the original creditor. The charge-off date of the account. The assignment or purchase date, including documentation of the transfer to Credit Collection Services. The full data set maintained for the account ( status, balance, date opened, dispute codes ). A description of the investigation procedure used, if this account has previously been disputed. This complaint ensures the request is formally submitted through a regulatory channel, with full documentation. Please ensure that all 10 items requested in the attached letter are addressed completely and directly.",Written notification about debt,Debt collection,I do not know,Didn't receive enough information to verify debt,"CCS Financial Services, Inc.",2026-07-22T17:43:49.000Z,TX,77045,Closed with explanation,Web
24661552,"About XX/XX/XXXX, my husband and I noticed that {$42000.00} from our HELOC had been transferred to our checking account with Truist Bank on XX/XX/XXXX, but neither of us had initiated this. I called the loan department and spoke with supervisor named XXXX. She said that she will lock both accounts temporarily, and she gave us a claim number for the issue. She said that she is sending this to the Fraud Solutions Identity Theft department for investigation as to what happened, and we will have an answer within 90 days. She also said that we need to go in person to a Truist branch to have new numbers assigned to the accounts so that they can be used again. On XX/XX/XXXX, we went to the XXXX XXXX XXXX XXXX Truist Bank in XXXX and spoke with XXXX, who said that they can't do anything with HELOCs or fraud there, and he doesn't know why we were sent there. He said that he can open a new checking account since they blocked our other one, so we said to go ahead and do that. I then called the Truist Fraud Senior Specialist XXXX XXXX, who said that she doesn't know why I was told any of the information from anyone I had spoken to at Truist, and that this sounds like Identity Theft, and we would need to fill out paperwork that she will email to use, and to file a police report with XXXX Ohio police, where we live, and send that also, to initiate a fraud investigation. She said that if it's determined to be identity theft, Truist will transfer the {$42000.00} back to the HELOC. She also said that the accounts are both blocked so that no further fraud can occur. On XX/XX/XXXX, I sent all of this information ( including the police report ) to the link supplied by XXXX XXXX. On XX/XX/XXXX, we received a form letter from Truist saying that they are initiating a review, and if our dispute is confirmed, the money will be placed back on our line of credit. I checked our account then, and the money had been transferred back to the HELOC. On XXXX, we received a form letter from Truist saying that this was not identity theft, and that "" no further action ( by them ) is necessary. '' I called the number on the letter for questions, and the person couldn't tell me what this means, or what had actually happened if it was not identity theft. I asked to have a supervisor call me that day, but no one has ever returned my call. Today ( XX/XX/XXXX ) I went to make our monthly payment, which is usually between XXXX dollars minimum payment, and saw that it is saying {$49.00} minimum payment. The overall balance and the interest rate are listed as the same. I called Truist again to find out why this is so, and again to try to find out what has happened with our account since XXXX. The first person I spoke to only had "" guesses '' as to what is going on now and then. I was transferred to a supervisor named XXXX, who check with the "" back office '' and still had no clear explanations for the current small minimum payment or what had happened with the HELOC in XXXX, and the current status. He said the small payment might be due to the "" fraud issues, '' but I reminded him that a letter from them recently said that there was no identity theft. He seemed unsure at that point, as most of the employees that I have spoken with throughout this issue. I then told him that I want to speak with Truist 's Office of the President or the Executive Customer Relations. He said that he can only give me an address, not a phone contact. He said that they are sending this to their "" Research Team '' now, to see if anyone can find answers for us. I told him at this point since no one at Truist Bank has been able to give us clear, consistent answers, and rather we have been transferred from one department to another for six weeks now, that we will be filing a complain with the CFPB.",Trouble during payment process,Mortgage,Home equity loan or line of credit (HELOC),Trying to communicate with the company to fix an issue while managing or servicing your loan,TRUIST FINANCIAL CORPORATION,2026-07-28T01:33:13.000Z,OH,43207,Closed with explanation,Web
24161857,"Cavalry SPV I , LLC filed two cases against me in state court. I represented myself XXXX XXXX. Then they never answered requests for documents, even when ordered by the court to do so later on. The cases ( two of them ) were dismissed for lack of prosecution, which is the same as judgment on the merits. Since then they have come back months later claiming to be seeking to reopen the cases, which are now barred by XXXX XXXX. What they really wanted was to make me an offer in private for me to dismiss a different case I filed against them under the XXXX of Kansas, and in exchange for me doing that they would have the two cases removed with prejudice and set my credit right, but only if I would sign an agreement to release Cavalry and their law firm, XXXXXXXX XXXX XXXXXXXX from liability. At first, I thought it would be a way to end all, so I signed, but after that moment they changed the terms right in front of me and said the second offer was the one they wanted me to sign. I quickly said they changed the terms and are now pointing me to having to give in, where the first on be showed both will agree equally. I tore up the first agreement because they wanted me to sign the second one. I said I would take a look at it after they emailed me and left it at that. I declined and offers went back and forth through email, until I said there will be no more offers and that I will not release XXXXXXXX XXXX XXXXXXXX from any liability. During this I eventually saw what they were doing and it was bribery and coercion, which is illegal and would void any agreement instantly. They have since filed another two cases against me seeking the same claims as before. This is prohibited by law. At the original private meeting at the courthouse, they said very politely they would just keep refiling if I didn't sign the agreement. Which is what they have done. I am waiting on service for the two recently filed, of which I will have to file a motion to dismiss and continue fighting them even though they are barred from relitigating the same action. I am fed up, and enough is enough. If charges can be filed against them, I will do it.",False statements or representation,Debt collection,Credit card debt,Attempted to collect wrong amount,"CAVALRY INVESTMENTS, LLC",2026-07-14T01:41:11.000Z,KS,672XX,Closed with explanation,Web
24221528,"My USSA credit card was hacked back in XX/XX/year>. I noticed the statement in XX/XX/year>, due to me being admitted to the VXXXX XXXXXXXX in XXXX, XXXX During the 3 months that my card was used, {$16000.00} of charges were posted to my account. {$18000.00} in payments from my checking account were made during that same amount of time. I have filed disputes with USAA Credit Card, but they have not resolved the matter. I am requesting that the charges that were made on my card be disputed and the XXXX payments be returned to my checking account.",Problem with a company's investigation into an existing problem,Credit card,General-purpose credit card or charge card,Their investigation did not fix an error on your report,UNITED SERVICES AUTOMOBILE ASSOCIATION,2026-07-15T14:32:35.000Z,PA,17042,Closed with explanation,Web
24229405,I have multiple complaints with Shellpoint regarding the removal of impounds of property taxes and insurance. Shellpoint has provided me a letter that US Bank has bought the loan and I would need to ask them. I contacted Us Bank XX/XX/year> at XXXX XXXX and talked to the representative XXXX and she informed me she has no information of my loan nor has any information of the property on file. The letter SHELLPOINT sent out was vague with no loan number from US Bank only loan number is from Shellpoint which does not match up with US Bank. Again I am having multiple problems removing the impounds from account and Everytime I reach out to shellpoint I get the runaround with no answers. I would like to have the impounds removed provide the loan account number with who owns the loan and a direct number,Trouble during payment process,Mortgage,Conventional home mortgage,Trying to communicate with the company to fix an issue while managing or servicing your loan,"Shellpoint Partners, LLC",2026-07-15T17:27:23.000Z,CA,93003,Closed with explanation,Web
24248050,"Date : XX/XX/year> To : Synchrony Bank / CareCredit Dept Address : XXXXXXXX XXXX XXXX XXXX, PA XXXX Subject : Goodwill Adjustment Request for Dear Synchrony Bank Credit Team , I am writing to you today regarding a 30-day late payment mark reported on my CareCredit account from the XX/XX/XXXX / XX/XX/year> billing cycle. I want to emphasize that this was an isolated oversight. As you can see from my account history, I have maintained an exceptional record of on-time payments up until this single event. As soon as I realized the error, I took immediate action and paid the entire balance to zero ( {$0.00} ). This late mark caused my credit score to drop severely by XXXX points. Because I have been a loyal and responsible customer, I am politely requesting a one-time goodwill deletion of this 30-day late reporting mark from XXXX XXXX XXXX XXXX XXXX If you grant this adjustment, your team can submit an automated correction to the bureaus, overriding the pending verification. Thank you so much for your time, understanding, and courtesy.",Problem with a company's investigation into an existing problem,Credit card,Store credit card,Difficulty submitting a dispute or getting information about a dispute over the phone,SYNCHRONY FINANCIAL,2026-07-16T01:02:45.000Z,OH,43130,Closed with explanation,Web
23982767,XXXX XXXX XXXX {$640.00} Opened XX/XX/year> This account was opened due to fraud I was in a bad car accident in a coma for XXXX years,Took or threatened to take negative or legal action,Debt collection,Credit card debt,Threatened or suggested your credit would be damaged,ENCORE CAPITAL GROUP INC.,2026-07-08T14:52:46.000Z,DC,20017,Closed with non-monetary relief,Web
23963537,sent in letter for validation. amount didn't add up to original creditor amount. Continue to send letters. remained on credit report damaging my XXXX with false negative statement.,Took or threatened to take negative or legal action,Debt collection,Other debt,Threatened or suggested your credit would be damaged,"CAINE & WEINER COMPANY, INC.",2026-07-07T23:53:32.000Z,GA,30324,Closed with non-monetary relief,Web
24394859,"I am filing this complaint against I.C. System, Inc. regarding a collection account they are furnishing to the nationwide consumer reporting agencies on behalf of XXXX XXXXXXXX XXXX XXXX ( XXXX ) in the approximate amount of {$470.00}. I formally dispute the validity, completeness, accuracy, and legal basis for this account. I first became aware of this alleged debt after discovering it on my consumer credit reports. Prior to that discovery, I do not recall receiving written notice advising me that the account had been placed with I.C. System or informing me of my opportunity to dispute the debt. As a result, I was deprived of the opportunity to meaningfully evaluate or challenge the account before it negatively affected my credit profile. Because I dispute the account, I request that I.C. System produce competent evidence demonstrating both the validity of the alleged debt and the accuracy of every item of information it furnished to the consumer reporting agencies. Specifically, I request the following : The complete account history from XXXX XXXX XXXX XXXX. The original service agreement or other documentation establishing my legal responsibility for the account. The service address associated with the account. Every monthly billing statement. The final billing statement. A complete payment ledger. A detailed itemization explaining how the alleged balance of {$470.00} was calculated. Documentation showing the date the account was referred or assigned to I.C. System. Documentation establishing I.C. Systems authority to collect on behalf of XXXX XXXXXXXX XXXX XXXX. The date any validation notice was allegedly mailed. The address to which that notice was allegedly mailed. Documentation supporting every item of information reported to XXXX XXXX XXXX XXXX I further request that I.C. System explain the procedures it used to determine that the information it furnished to the consumer reporting agencies was complete, accurate, and supported by competent documentation. As a furnisher of information to consumer reporting agencies, I.C. System has obligations under the Fair Credit Reporting Act ( FCRA ) to furnish information with accuracy and integrity. Information that can not be substantiated through a reasonable investigation should not remain on a consumers credit report. Likewise, as a debt collector, I.C. System is expected to comply with the applicable requirements of the Fair Debt Collection Practices Act ( FDCPA ) concerning the collection of consumer debts and communications with consumers. If I.C. System contends that it complied with those obligations, I request that it produce the documentation supporting that position. If I.C. System can not produce competent documentation establishing : that I am legally responsible for the alleged debt, that the balance reported is accurate, that the account was properly reported, that it possessed authority to collect the account, and that its reporting complies with applicable federal law, then I request that this collection account be permanently deleted from XXXX XXXX XXXX XXXX Merely stating that the account has been verified is insufficient. I request documentary evidence supporting the verification. I also request that the CFPB require I.C. System to conduct a reasonable investigation and provide copies of every document upon which it relies. Should I.C. System be unable to substantiate the account with competent documentary evidence, continued reporting would be inaccurate and misleading and should cease immediately. Accordingly, I respectfully request the following relief : Conduct a complete investigation into this disputed account. Require I.C. System to produce all documentation supporting the debt. Require I.C. System to explain the basis for furnishing the account to the nationwide consumer reporting agencies. Delete the account from XXXX XXXX XXXX XXXX if it can not be fully substantiated. Correct any inaccurate, incomplete, or misleading information. Confirm the results of the investigation in writing. I appreciate the CFPBs assistance in ensuring compliance with federal consumer protection laws and maintaining the accuracy of consumer credit reporting",Written notification about debt,Debt collection,I do not know,Didn't receive notice of right to dispute,"I.C. System, Inc.",2026-07-20T20:18:06.000Z,FL,33309,Closed with explanation,Web
24380323,"XX/XX/XXXX Attn : Wells Fargo Home Mortgage Re : Escrow Account Dispute 1. On XX/XX/XXXX, I contacted Wells Fargo Home Mortgage ( "" Wells Fargo '' ) by phone to request the closure of my escrow account ( "" Escrow '' ) associated with my mortgage on the property located at XXXX XXXX XXXX XXXX XXXX, XXXX XXXX, NJ XXXX ( "" the Property '' ). 2. I subsequently received a letter from Wells Fargo confirming eligibility for Escrow closure, which provided a cancellation deadline of XX/XX/XXXX. 3. On XX/XX/XXXX, prior to the cancellation deadline, I contacted Wells Fargo by phone to request cancellation of the XXXX closure. 4. Despite my timely cancellation request, a XXXX XXXX XXXX XXXX dated XX/XX/XXXX, was generated, reflecting a final disbursement check of {$3600.00}, indicating that the XXXX closure was not cancelled as requested. 5. A mortgage payment of {$2600.00}, initiated prior to the XX/XX/XXXX, Escrow closure, had its {$910.00} escrow portion incorrectly applied to the loan 's principal balance on XX/XX/XXXX ( "" XXXX XXXX '' ), rather than to the XXXX account. 6. To resolve the incorrect Escrow closure, I contacted Wells Fargo by phone on XX/XX/XXXX, XX/XX/XXXX, XX/XX/XXXX, XX/XX/XXXX, XX/XX/XXXX, and XX/XX/XXXX, including multiple calls on certain days ( collectively, "" Phone Calls '' ), without resolution. 7. On or around XX/XX/XXXX, I received an Escrow Review Statement indicating a projected Escrow shortage of {$8300.00} ( "" Escrow Shortage '' ), effective XX/XX/XXXX ( "" Shortage Payment Date '' ). The full amount of this shortage was paid to Wells Fargo on XX/XX/XXXX. 8. The last Escrow Review Statement prior to the XX/XX/XXXX, Escrow closure was dated XX/XX/XXXX, and reflected an Escrow projection period of XX/XX/XXXX to XX/XX/XXXX. 9. I was contacted by a member of the Wells Fargo Home Mortgage XXXX XXXX and was sent a letter and updated Escrow Review Statement. 10. The Letter fails to address or resolve several key points : a. The Escrow calculation listed in the letter reflects the establishment of a new escrow account effective XX/XX/XXXX, and reflects escrow deposits and disbursements through XX/XX/XXXX. However, the Escrow was cancelled solely due to a Wells Fargo Home Mortgage error. Therefore, the original Escrow account projection period with original Escrow payment amounts should be used for the calculation of any Escrow Shortage. Without doing so, the projection fails to fully reverse the erroneous Escrow closure and instead establishes a new Escrow account as of XX/XX/XXXX. b. Although the XXXX Team was able to correct the Misapplied Payment issue, The Letter or my Wells Fargo online account does not reflect an updated Escrow Shortage amount that accounts for the reapplication of the {$910.00} payment resulting in a {$910.00} overpayment in addition to any overpayment above. 11. As a direct result of Wells Fargo error, I was required to hold an Escrow balance substantially above amounts under my original Escrow account resulting in the loss of use of funds. XXXX XXXX, CPA, XXXX XXXX XXXX XXXX XXXX, TX XXXX ( XXXX ) XXXX",Trouble during payment process,Mortgage,Conventional home mortgage,"Escrow, taxes, or insurance",WELLS FARGO & COMPANY,2026-07-20T15:22:44.000Z,TX,75093,Closed with non-monetary relief,Web
24421855,"I am filing this complaint against M & T Bank for systemic mortgage billing errors, improper escrow calculations involving tax-exempt status, and failure to resolve a clear servicing error after formal written notification. My home ( estimated value {$340000.00} ) is fully property tax-exempt. M & T Bank is aware of this exemption but is explicitly and erroneously including property taxes in my monthly payment calculation anyway. 1. The Accurate Payment Breakdown Based on my loan terms, my monthly payment should strictly consist of : Principal & Interest : {$1600.00} Homeowners Insurance Escrow : {$140.00} per month ( reflecting my actual annual premium of {$1600.00}, which M & T paid in full on XX/XX/year> ) Current Escrow Shortage : - {$40.00} ( to be amortized or paid ) Property Taxes : {$0.00} ( Fully Exempt ) 2. The Overcharge and Violation Despite these clear figures, M & T Bank is improperly attempting to charge me {$2500.00} every month. They are maintaining an inflated, unverified property tax cushion in my escrow account where no tax liability exists. 3. Timeline of Disputed Actions and Lack of Resolution XX/XX/year> : I finally received a property tax refund from the state for past years where taxes were erroneously collected, confirming my clear exempt status. XX/XX/year> : I sent M & T Bank a formal Notice of Error and Escrow Analysis Request. XX/XX/year> : M & T Bank acknowledged receipt via secure messaging, stating the inquiry was forwarded to their specialized servicing department. Current Status : M & T Bank has failed to issue a temporary manual payment override, has failed to correct the online portal payment amount, and has not provided a substantive response or updated escrow analysis. 4. Requested Resolution I demand that the CFPB compel M & T Bank to execute the following immediate actions : Apply an immediate manual payment override to reflect my actual principal, interest, and insurance obligations. Conduct an expedited, manual escrow re-analysis that completely strips out any property tax baseline variables. Adjust my account ledger to ensure no late fees, negative credit reporting, or delinquency markers are applied while this formal billing dispute is open.",Trouble during payment process,Mortgage,VA mortgage,"Escrow, taxes, or insurance",M&T BANK CORPORATION,2026-07-21T11:53:46.000Z,MD,21212,Closed with monetary relief,Web
24487495,"This past XXXX, Waypoint Resource Group showed up on my credit report for a XXXX account debt collection that I do not own. Waypoint never contacted me by phone, email, or mailing address. I have not used XXXX since the late XXXX and now this debt collection item is affecting my credit. How does anyone rack up a couple XXXX dollars in internet bill debt? Wouldnt the isp just turn your service off?",Attempts to collect debt not owed,Debt collection,Telecommunications debt,Debt is not yours,"Waypoint Resource Group, LLC",2026-07-22T19:58:57.000Z,PA,19426,Closed with explanation,Web
24687764,"My mortgage was transferred to a new mortgage company and the new mortgage company does not have the correct information. I received a statement from the new company with the following which I believe errors : escrow not applied to the right account, a fee of XXXX for a corporate advance fee, and a late fee of XXXX that the new company stated that was not paid from my previous mortgage which I believe I already paid. I contacted the new mortgage company today to advise them of all the information I just talked about. The new company stated the escrow was applied wrong and they corrected it. The corporate advance fee and the late fee will need to be investigated before they would have a resolution. I do not trust this company at this point to audit my account because all information should have transferred over correctly. To include once my account is corrected will my principal be adjusted properly and my escrow account be adjusted. The loan was previously XXXX and transferred to M & T bank. I want to make sure my principal is right and my escrow is right and because I dont trust these people.",Trouble during payment process,Mortgage,FHA mortgage,Trying to communicate with the company to fix an issue while managing or servicing your loan,M&T BANK CORPORATION,2026-07-28T17:46:28.000Z,SC,XXXXX,Closed with explanation,Web
24515742,"I never granted authorization for these accounts to be created and remained unaware that they existed. I request a detailed investigation into all approval records, administrative procedures, governance controls, and oversight functions.",Incorrect information on your report,Credit reporting or other personal consumer reports,Credit reporting,Information belongs to someone else,"TRANSUNION INTERMEDIATE HOLDINGS, INC.",2026-07-23T13:07:42.000Z,SC,29223,Closed with non-monetary relief,Web
24117633,"I am filing a complaint against Affirm and my bank for failing a consumer dispute investigation. The booking via XXXX was {$320.00}. The hotel has a strict XXXX cancellation policy, but my son was shot in the head. How was I supposed to predict a shooting XXXX hours beforehand to get a full refund? I called the hotel on the XXXX ( XXXX hours prior ) to cancel. XXXX verbally told me 'they don't cancel ' and to call XXXX. When I saw the reservation was still active on the XXXX due to their staff 's error, I manually canceled it myself in the app. I waited for a detective to email me official police documentation of the shooting. I submitted this official police proof and my son 's birth certificate to XXXX, the hotel, and my bank. Despite having official police confirmation of this life-or-death emergency, the bank 's investigation still failed me and they are trying to illegally take {$80.00} from my account. I demand this predatory charge be completely wiped out and my credit cleared.",Problem with a company's investigation into an existing problem,"Payday loan, title loan, personal loan, or advance loan",Installment loan,Their investigation did not fix an error on your report,"Affirm Holdings, Inc",2026-07-12T14:53:02.000Z,GA,30331,Closed with explanation,Web
24399093,"In XXXX of XXXX, truist stopped my autopay, I started receiving calls from truist saying there was an important message for me, that I needed to return their calls. I called them back, and I was told that there were payments due, I told them that I setup my autopay since the loan was transferred to them for indefinite period, I made dozens and dozens of calls, I was transferred to different departments and was told for different reasons why autopay was stopped, including the autopay was setup to end in XX/XX/year>, I asked the representative to provide me the setup information which shows the end date, all representatives refused to do so.",Trouble during payment process,Mortgage,Conventional home mortgage,Fees charged,TRUIST FINANCIAL CORPORATION,2026-07-20T21:45:14.000Z,CA,95835,Closed with explanation,Web
24531846,"This is an urgent supplement to my previous complaint filed - regarding FHA XXXX XXXX. Today, XX/XX/year>, my XXXX housing XXXX spoke with a supervisor at XXXX Mortgage XXXX The supervisor explicitly refused all XXXX hardship options and verbally threatened that if the second trial payment is not made in full by XX/XX/year>, the file will instantly move into default and foreclosure. This verbal threat completely contradicts XXXX XXXXoreclosure protection rules for borrowers with documented temporary hardships.",Struggling to pay mortgage,Mortgage,FHA mortgage,"Trying to communicate with the company to fix an issue related to modification, forbearance, short sale, deed-in-lieu, bankruptcy, or foreclosure",MIDFIRST BANK,2026-07-23T19:12:08.000Z,VA,23703,Closed with explanation,Web
24400011,"Citi denied my dispute based on a claim that I failed to follow the cancellation policy. That is factually incorrect. My cancellation was accepted per Cancellation confirmation email attached, I paid the required cancellation fee to the booking agent onetravel.com and {$99.00} cancellation penalty to XXXX. {$410.00} travel credit was issued to me, expiring by XXXX XXXX, 2026. I am requesting XXXX provide the evidence supporting its conclusion and conduct a fair review of whether I received the services purchased.",Problem with a purchase shown on your statement,Credit card,General-purpose credit card or charge card,Credit card company isn't resolving a dispute about a purchase on your statement,"CITIBANK, N.A.",2026-07-20T21:32:03.000Z,MI,48864,Closed with explanation,Web
23981937,"I filled out the application, Im unable to submit",Struggling to pay mortgage,Mortgage,VA mortgage,"Applying for or obtaining a modification, forbearance plan, short sale, or deed-in-lieu","Shellpoint Partners, LLC",2026-07-08T14:27:34.000Z,TX,77386,Untimely response,Web
24726989,"Good day, I got in contact with XXXX on the evening of Friday XXXX XXXX, which is a company contracted by Navy Federal. Im in the process of paying off a settlement with them, and they were consistently receiving payments from me, starting in either XXXX and XXXX of XXXX. I noticed they stopped taking payments from me and I had to inquire about it on this day because I didnt know why this happened. The representative that I spoke with couldnt figure out why this was happening and said hed have to have his XXXX look into it and hed reach back out to me on Monday, XXXX XX/XX/XXXX. Instead of them doing as planned, I reached back out to them and spoke with another representative there about the situation. I let her know that XXXX XXXX received no communication from them about the payments stopping because it had been paid off or whether something else had happened. She started the payments back. What frustrates me is that there was no communication about this at all and Im concerned about it being reported to credit bureaus about me falling behind. To sum it up, it wasnt that they didnt verify the debt. I knew about it and I was wanting to do whats right, which is to keep my payments up. It was a lack of communication and I didnt know why they did this.",Written notification about debt,Debt collection,Credit card debt,Didn't receive enough information to verify debt,NAVY FEDERAL CREDIT UNION,2026-07-29T15:58:26.000Z,MO,654XX,Closed with explanation,Web
24401367,"b'On or about XXXX XXXX XXXX Citibank reported my account as delinquent to XXXX while the charge was under dispute. My credit score dropped about 100 points and I was told the entry could remain up to 7 yearsXXXX XXXX and XXXX show no delinquency, so the reporting is inconsistent and inaccurate. Reporting a disputed amount as delinquent violates the Fair Credit Billing Act (15 USC 1666a) and Regulation Z (12 CFR 1026.13(d)). Citibank also says late fees and interest will be re-imposed around August 12, 2026.\n\nI have now obtained key evidence: a Best Buy store gave me a duplicate receipt dated XXXX XXXX XXXX (store XXXX XXXX XXXX XXXX XXXX) showing a My Best Buy Total yearly membership (XXXX XXXX XXXX XXXX XXXX total) was returned and refunded to a Visa card ending 2182 that is not mine. Store staff indicated the membership belonged to a different customer (surname XXXX XXXX XXXX XXXX). This shows another customers membership was billed to my credit card, and when it was refunded, the money went to that customers own card instead of back to my Citibank account. I have received no refund. The refunded amount does not even match the XXXX I was charged, and neither company has explained this.\n\nResolution requested: (1) immediate deletion of the delinquency furnished to XXXX and any other credit bureau, with written confirmation; (2) permanent removal of the XXXX charge and all related interest and late fees from my account; (3) a written explanation of how another customers membership was charged to my card; (4) no further collection activity or negative reporting on this disputed amount. I am attaching the Best Buy return receipt and my call log.'",Problem with a purchase shown on your statement,Credit card,Store credit card,Card was charged for something you did not purchase with the card,"CITIBANK, N.A.",2026-07-20T22:37:32.000Z,VA,20147,Closed with monetary relief,Web
24517064,I mis keyed my account number for a payroll deposit on XX/XX/year>. Navy Federal acknowledges the account name does not match my name but refuses to reverse the unauthorized enrichment of the wrong account holder without an XXXX I have talked to Navy Federal on numerous accounts over the last XXXX days given different information each time in which none of it matched. I am now forced to have my XXXX XXXX file an XXXX and charge me the {$150.00} to do so because of this. So Navy Federal should be receiving this XXXX today and I request that they return these funds immediately.,Managing an account,Checking or savings account,Checking account,Funds not handled or disbursed as instructed,NAVY FEDERAL CREDIT UNION,2026-07-23T14:00:32.000Z,KY,40515,Closed with non-monetary relief,Web
24473358,"When I obtain the credit card, I called to pay the balance in full. I spoke to a representative from their department store credit department, and they said that the payment was completed and the balance was paid in full. I discard the credit card, but I didnt think about it anymore I didnt set a payments because I only use the credit card twice after XXXX months. I received a late payment card saying that I was gon na be sent to collection for an amount of {$11.00}. I called the credit card department. I informed them that I had called to make the payment in full and that one of the representative had provided me that amount and said I had no longer had a balance with them. Why was I being charged this amount? Plus they had already reported it to the credit bureau. I asked them to please remove any fees which they did and I end up paying a balance of XXXX dollars. Then I spoke to her representative asking them to remove the bad credit reporting because I have really good Payment record, and I never heard back from them regarding the dispute or regarding the resolution. And this point I believe it is not my fault because a representative from their department gave me a painful balance, which I paid it at the time and then they decide to charge me {$11.00} for a XXXX dollar balance that they didnt take into consideration at the time that I made the full payment when I say they is there because they were the one that gave me the painful balance amount.",Incorrect information on your report,Credit card,Store credit card,Account status incorrect,"CITIBANK, N.A.",2026-07-22T14:24:49.000Z,CA,932XX,Closed with non-monetary relief,Web
24670808,"On XX/XX/XXXX I reported fraudulent activity on 1 account, however all 3 accounts were frozen without my knowledge. On XX/XX/XXXX I went to the bank to open 3 new accounts and was told I had to wait until I received my new card to transfer my funds. On XX/XX/XXXX I received the new card and after 3 hours on the phone with customer service I was told I had to wait to receive a letter in the mail because now my new accounts are on hold. I wont be able to access my funds until I now receive a letter and I also can not make a withdrawal from the bank.",Managing an account,Checking or savings account,Savings account,Deposits and withdrawals,"CITIBANK, N.A.",2026-07-28T05:07:55.000Z,NY,10029,Closed with non-monetary relief,Web
24510840,"I dispute the accuracy and completeness of this Waypoint Resource Group collection account. Please verify the original creditor information, balance, date of first delinquency, payment history, and your authority to report this account. If the information can not be verified as accurate and complete, I request that it be deleted from my credit file. If the account is verified, I respectfully request that Waypoint Resource Group and the original creditor consider a goodwill or courtesy deletion. I experienced financial hardship that contributed to this account becoming delinquent and have worked diligently to restore my financial stability. I would sincerely appreciate consideration of removing the negative reporting as a gesture of goodwill.",Written notification about debt,Debt collection,Telecommunications debt,Didn't receive notice of right to dispute,"Waypoint Resource Group, LLC",2026-07-23T08:35:04.000Z,NJ,08820,Closed with explanation,Web
24013598,"I am writing to express my concern regarding the disputed accounts on my credit report. Multiple times, I have raised the issue of inaccuracies in these accounts, and have consistently requested that they be thoroughly investigated. Despite my efforts, I have yet to receive any resolution or corrective action. These erroneous accounts are severely damaging my credit file and hindering my ability to live a normal life. The negative effects of these inaccuracies have caused immense hardships for me, and I am left with no choice but to plead for your assistance in rectifying this situation as soon as possible. I kindly request that you conduct a thorough investigation into the reporting of each of these disputed accounts. It is imperative that the necessary steps are taken to update and rectify my credit report without any further delay. With your help, I hope to restore the accuracy and integrity of my credit file so that I may regain control over my financial well-being. I sincerely urge you to give this matter your utmost attention and take swift action. Your cooperation and support in resolving this issue promptly would be greatly appreciated. Thank you in advance for your understanding and assistance.",Problem with a company's investigation into an existing problem,Credit reporting or other personal consumer reports,Credit reporting,Their investigation did not fix an error on your report,Experian Information Solutions Inc.,2026-07-09T04:51:29.000Z,AL,35244,Closed with non-monetary relief,Web
24536455,"I rented a unit with a move in of XX/XX/XXXX upon moving in : master bathroom sink was totally broken/ cracked down the middle inoperable, the carpets werent clean or sanitary, especially after XXXX to the point of having to request a second cleaning that wasnt any better than the first. A defective refrigerator not XXXX time but twice ( XXXX times ) causing my food to spoil no compensation offered for the humiliation and suffering. The XXXX XXXX was disrespectful as well as the XXXX XXXX who offered nothing to me as a XXXX XXXX renting an apartment. I felt unsafe and totally disrespected! I gave a XXXX day notice and I left the community I didnt feel safe in. I was not evicted and I do not owe what the XXXX XXXX reported, they XXXX and XXXX in dealing with me they XXXX on paper and destroy peoples financial records. They work in conjunction with the Collection agency who then want to exploit you and the situation. When disputed with the credit bureau twice : first status return as Unknown XX/XX/XXXX the second XX/XX/XXXX returned approved however, never removed from my report : I then contacted the collection agency and they are still attempting collect {$3500.00} that I dont owe to them at all, they are not trying to rectify the issue so that I can secure housing in my XXXX XXXX. They have contributed to my XXXX and caused unnecessary suffering and damage to my life I need Help to move forward with my life. This is unfair treatment towards the XXXX They have ruined my financial reputation that I need to be resolved. Sentry Recovery & Collections, Original Account Revolution apartments in XXXX Nevada who hire XXXX and XXXX XXXX people. Who abuse their authority and XXXX and XXXX tenants. My case number with XXXX XXXX # XXXX. Gratitude for any assistance you can provide.",Attempts to collect debt not owed,Debt collection,Rental debt,Debt is not yours,"Sentry Recovery and Collections, Inc.",2026-07-23T19:01:52.000Z,NJ,07304,Closed with explanation,Web
24424794,"I received a notice from XXXX XXXX XXXX that they would cancel my insurance if I don't pay my balance that was past due. I have money in my escrow so I was confused. I called XXXX and they said they had already contacted my mortgage servicer, Freedom Mortgage Corporation, to request late payment. I called Freedom Mortgage Corporation and they said it was listed as an unauthorized payment but didn't know why. So they sent the payment through and said it should go through by XX/XX/XXXX when my insurance was set to be cancelled. I checked on XX/XX/XXXX and my payment was still due so I put it on my credit card. Not sure why they can't pay my insurance when there is money in escrow",Trouble during payment process,Mortgage,FHA mortgage,"Escrow, taxes, or insurance",Freedom Mortgage Company,2026-07-21T13:47:15.000Z,CA,95608,Closed with explanation,Web
24619736,"My original XXXX XXXX XXXX charge was {$870.00} And additional {$180.00} XXXX XXXX XXXX was recharged again on the XXXX statement ( copay documentation attached ). A partial payment was made on XX/XX/year> of the {$870.00} plan XXXX I paid {$290.00} and partial payment out of XXXX XXXX XXXX {$180.00} I paid {$60.00}, which appears on the XX/XX/year> statement ( attached ) Citibank later issued refunds on the XX/XX/year> statement ( attached ) : - XXXX XXXX XXXX refunded : {$570.00} instead of the full re-charged amount on XXXX XXXX {$870.00} -XXXX XXXX XXXX refunded : {$120.00} instead of the full re-charged amount of {$180.00} I am requesting : XXXX. Refund of the remaining balance still owed to me based on the original charges, recharges, and partial payments listed above. XXXX. Refund of the late fee of {$41.00}, which resulted from incorrect rebilling and delayed refund processing.",Problem with a purchase shown on your statement,Credit card,General-purpose credit card or charge card,Overcharged for something you did purchase with the card,"CITIBANK, N.A.",2026-07-26T20:47:02.000Z,PA,175XX,Closed with monetary relief,Web
24729283,"I am filing a new complaint against Ability Recovery Services ( ARS ) for attempting to collect and report medical debt that I do not owe, for re-reporting the account after deletion, for failing to provide debt validation, and for continuing collection activity even though the original medical provider confirmed that my balance is {$0.00}. The first XXXX account appeared on my credit report in the amount of {$1500.00}. I disputed this account, and XXXX was unable to provide debt validation or documentation proving the debt was collectible or verifiable. As a result, Experian deleted the account after its investigation because XXXX failed to validate it. After I disputed and investigated that first account, XXXX began harassing me and then reported another account instead of correcting the problem. When I contacted XXXX XXXX XXXX XXXX XXXX, the original medical provider, in XX/XX/year>, their representatives researched my account and confirmed that everything had been written off and that my balance was {$0.00}. I was sent a statement showing the XXXX balance, and I submitted that proof in support of my disputes. I also sent a certified cease-and-desist letter to ARS on XX/XX/year>, demanding that they stop collection activity and cease communication regarding this account, but they did not properly resolve the matter or provide the full validation I requested. I requested full debt validation, including an itemized bill and proof of what services they were claiming, and XXXX did not provide the requested paperwork. This is a repeated pattern with Ability Recovery Services ( XXXX ). Despite my repeated disputes, XXXX has never provided proper debt validation, never provided any statement showing that it owns the account or has authority to collect it, and never provided any itemized bill or billing detail for the alleged services. XXXX continues reporting and attempting to collect the account without ever sending me any document that proves the debt is valid, that the amount is accurate, or that XXXX has any lawful basis to collect it. XXXX has continued changing the way this debt appears instead of proving it is valid. The first reported amount was {$1500.00}, which was deleted by XXXX after XXXX failed to validate it. After that, XXXX reported another account for {$2300.00}, and later another amount of {$1500.00}, even though the original provider confirmed the account was written off and that nothing was owed. This is not a good-faith correction. It is a pattern of re-aging and re-fabricating debt amounts in order to keep the same alleged debt alive on my credit reports. This pattern is not only re-aging. It is also re-fabrication of debt amounts and dates, creating accounts that do not exist. XXXX first reported {$1500.00}, which was deleted after dispute. XXXX then reported {$2300.00}, and later {$1500.00}, even though I submitted proof from the original provider that the account had a {$0.00} balance and had been written off. ARC just illegally re-inserted the same account of {$2300.00} for the second time in my XXXX report, which is under dispute again after being deleted previously. These repeated changes in balances, dates, and reporting details show that XXXX is recreating the debt itself, not correcting it and not ceasing any collection activity, violating my cease and desist letter request. Since I do not owe any balance to XXXX XXXX XXXX XXXX XXXX and the original provider confirmed that my account shows a {$0.00} balance, Ability Recovery Services ( ARS ) should not continue using, reporting, or attempting to collect on my medical billing information. XXXX has never provided debt validation, proof of ownership, proof of authority to collect, or any itemized billing detail, yet it continues handling and reporting my personal medical billing data as if a valid debt exists. I am also concerned that ARSs continued use and reporting of my medical billing information, despite the XXXX balance and lack of validation, XXXX exceed what is legally permitted for debt collection and XXXX involve improper handling of private information. I request that this conduct be reviewed for privacy and consumer protection violations, including whether XXXX is using or disclosing information it should not be using once the account has been shown to have no collectible balance. As of XX/XX/year>, there is no balance to collect. XXXX XXXX XXXX XXXX XXXX confirmed that the account was written off and that I owe {$0.00}. XXXX should not be attempting to collect, report, re-age, or recreate this debt in any form. In my prior complaint, the CFPB accepted ARSs response and closed the complaint as Closed with explanation, even though XXXX did not provide me with the requested validation, did not resolve the underlying issue, and did not stop the pattern of re-reporting changing amounts. This is now my second formal request for correction. If this matter is not corrected and the fraudulent tradelines are not permanently deleted, I am formally reserving all legal rights against Ability Recovery Services and any other responsible party under the FDCPA and FCRA. I request that the CFPB require Ability Recovery Services ( ARS ) to : Delete all ARS tradelines related to this account from all credit bureaus. Cease all collection activity and communication regarding this account. Stop re-reporting, re-aging, or re-fabricating this debt with new balances, dates, or account details. Provide written confirmation that I owe {$0.00} and that XXXX has no right to collect this account. XXXX ARSs conduct for violations of the FDCPA and FCRA, including attempts to collect debt not owed, failure to validate, furnishing inaccurate information, re-aging, and re-fabricating tradelines. A fair resolution would be permanent deletion of every ARS tradeline tied to this account, written confirmation that the balance is {$0.00}, and action to prevent XXXX from reporting or collecting this debt again.",False statements or representation,Debt collection,Medical debt,Attempted to collect wrong amount,"Ability Recovery Services, LLC",2026-07-29T16:23:37.000Z,LA,700XX,Closed with explanation,Web
24624294,"XXXX XXXX XXXX XXXX XXXX XXXX XXXX XXXX RE : FORMAL REBUTTAL TO CFPB RESPONSE DEMAND FOR IMMEDIATE DELETION OF DUPLICATE AND UNAUTHORIZED INQUIRIES To Whom It May Concern, I am writing in response to your statement that there may be potential fraud involved regarding my complaint. That response is inadequate and fails to address the issues I raised. This matter is not simply potential fraud. The issue is that numerous unauthorized and duplicate hard inquiries remain on my consumer reports because they were not properly investigated or removed after I disputed them. Labeling the matter as potential fraud without taking corrective action does not satisfy your obligations under the Fair Credit Reporting Act. Under 15 U.S.C. 1681i, you are required to conduct a reasonable reinvestigation of disputed information. Under 15 U.S.C. 1681e ( b ), you are required to maintain procedures that assure maximum possible accuracy of the information contained in my consumer report. Simply referring me back to the furnishers without correcting inaccurate reporting is not compliance with federal law. Many of these inquiries are clearly duplicate inquiries resulting from the same credit-shopping event or from repeated submissions by dealerships and lenders. Others were never authorized by me. If the inquiries can not be supported with documentation showing a permissible purpose under 15 U.S.C. 1681b, they must be permanently deleted. I demand that you immediately : 1. Conduct a proper reinvestigation of every disputed inquiry. 2. Delete all duplicate inquiries that were reported multiple times for the same transaction. 3. Delete every inquiry for which you can not produce evidence that I authorized it. 4. Provide the Method of Verification pursuant to 15 U.S.C. 1681i ( a ) ( 7 ), including the name of the party contacted, the date of verification, and copies of any signed application, electronic authorization, or other documentation establishing a permissible purpose. 5. Ensure that no deleted inquiry is reinserted into my credit file unless all requirements of 15 U.S.C. 1681i ( a ) ( 5 ) ( B ) are satisfied. Your response stating that there may be potential fraud is not a determination of the dispute and does not resolve the inaccuracies on my credit report. The FCRA requires actionnot speculation. If you are unable to verify each inquiry with competent evidence, the law requires that it be deleted. If this matter is not corrected promptly, I will pursue all available remedies, including filing additional complaints with the Consumer Financial Protection Bureau, the Federal Trade Commission, the Ohio Attorney General, and, if necessary, seeking relief through litigation for violations of the Fair Credit Reporting Act. I expect written confirmation that these duplicate and unauthorized inquiries have been permanently deleted from my consumer reports. Sincerely, XXXX XXXX XXXX XXXX XXXX XXXX XXXX XXXX",Improper use of your report,Credit reporting or other personal consumer reports,Credit reporting,Reporting company used your report improperly,"TRANSUNION INTERMEDIATE HOLDINGS, INC.",2026-07-27T04:38:27.000Z,OH,441XX,Closed with explanation,Web
23987832,"Uplift place a collection on my consumer report without my knowledge. I never consent to Uplift to contact me about any alleged debt which is a violation of the fdcpa. I am requesting that Uplift verify the following information : XXXX. Full original account number XXXX. Date original account was opened XXXX. Any written agreements between myself and the original creditor stating the debt owed XXXX. Full account summary and itemized calculations of alleged debt XXXX. Date of the first delinquency XXXX. Dates and times of any phone calls made and to what number in attempt to contact me concerning the alleged debt before it was reported to an agency, and so proving that these calls were made in the time governed by FDCPA law. If Uplift is unable to provide the above identifying account information, this account must be deleted from all CRAs. Uplift has also failed to follow fdcpa by not sending a letter giving the consumer time to dispute or validate the alleged debt within the allowed XXXX time frame allowed by law. This account was previously removed from my report and later reinserted without notice which is a violation of the fcra. I am a victim of identity theft and never done business with uplift I am requesting this information be deleted and blocked from my consumer report in XXXX XXXXays per the fcra.",Took or threatened to take negative or legal action,Debt collection,I do not know,Threatened or suggested your credit would be damaged,"UPGRADE, INC.",2026-07-08T16:36:43.000Z,LA,71105,Closed with explanation,Web
24668772,"PenFed stole our money! In XXXX we deposited a check into our PenFed savings. PenFed place a hold on the check, blocked us from accessing our account, held our other funds. For over a month. We received a settlement check from a lawsuit against XXXX XXXX XXXX. Despite showing proof that we had a legal right to the check PenFed used XXXX bias and basically accused us of having the check fraudulently. No matter how many times we tried to satisfy their request for more information they just kept asking for more and more things never once reaching out to the issuer or originating bank for verification. PenFed told me that they would not lift the hold on our account until XXXX took the check back. After contacting the issuer of the check they reached out to XXXX who then placed a late stop payment request on the check. PenFed not only denied XXXX request but they remove the funds that were on hold in the account and never sent the funds back to XXXX XXXX despite the check clearing on XX/XX/XXXX. PenFed then reporting XXXX XXXX to the FCC. XXXX has shows us proof that they never received the funds back and the stop payment was denied. XXXX PenFed and their shady business practices stole the funds from the account.",Managing an account,Checking or savings account,Savings account,Funds not handled or disbursed as instructed,PENTAGON FEDERAL CREDIT UNION,2026-07-28T12:24:33.000Z,MI,480XX,Closed with explanation,Web
24360593,"On XX/XX/XXXX, I received a collection notice from Javitch Block LLC attempting to collect an alleged debt on behalf of XXXX XXXX XXXX for a vehicle account. Exercising my rights under the Fair Debt Collection Practices Act ( FDCPA ), I mailed a formal Debt Validation Request to Javitch Block LLC on XX/XX/XXXX, well within the XXXX dispute window. I sent this letter via postal mail ( XXXX Tracking Number : XXXX. Javitch Block LLC completely ignored my timely request and failed to provide any validation, contract, or proof of the alleged debt. Instead of ceasing collection efforts as mandated by law, the creditor updated my Experian credit report on XX/XX/XXXX, reaffirming a negative "" Charge-off '' status. This is a direct violation of the FDCPA. Furthermore, XXXX XXXX XXXX and its XXXX are violating the Fair Credit Reporting Act ( FCRA ) by reporting grossly inaccurate and contradictory balances. According to my credit monitoring alerts, this account was reported with a balance of {$11000.00} on XX/XX/XXXX. Then, on XX/XX/XXXX, the reported balance inexplicably changed to {$8900.00}. They are reporting fluctuating, unverified financial figures while simultaneously ignoring legal requests to validate the debt. I have attached the original collection notice, my validation letter, the postal tracking receipt proving they received my dispute, and screenshots of the inconsistent balance reports.",False statements or representation,Debt collection,Auto debt,Attempted to collect wrong amount,"Javitch, Block & Rathbone LLC",2026-07-19T14:21:09.000Z,IN,46208,Closed with explanation,Web
24707326,"XXXX XXXX XXXX Wells Fargo 's Handling of a XXXX XXXX XXXX and Customer Service Failures Complainant : XXXX XXXX XXXX XXXX : Wells Fargo Bank , N.A . Nature of Complaint I am submitting this complaint regarding Wells Fargo 's handling of a XXXX payment that was placed under a security review, the bank 's failure to notify me that my funds had been restricted, repeated refusals to provide access to the department responsible for the review, conflicting information provided by multiple representatives, and the significant financial hardship that resulted. My complaint is not that Wells Fargo conducted a security review. I understand that financial institutions have an obligation to investigate transactions when appropriate to protect customers and the banking system. My complaint concerns the manner in which Wells Fargo handled the review, failed to communicate with me, repeatedly prevented me from speaking with the department responsible for the decision, and failed to provide accurate or consistent information throughout the process. Background A XXXX payment in the amount of {$1000.00} was sent to my personal Wells Fargo account by an individual who has successfully sent me funds numerous times in the past. When the payment did not become available, I discovered that Wells Fargo had placed the funds under a security review. At no time before or after placing the hold on my funds did Wells Fargo notify me that my payment had been restricted. Unlike previous instances in which Wells Fargo has contacted me by text message or telephone regarding potentially suspicious activity or declined transactions, I received : No text message No telephone call No email No secure message No notification of any kind I only became aware of the issue after attempting to access the funds myself. Because I received no notification, I had no opportunity to make alternative financial arrangements before discovering that the funds were unavailable. Repeated Attempts to Obtain Assistance After discovering the hold, I contacted Wells Fargo seeking information regarding the status of my payment. During multiple calls, I repeatedly requested to speak with the department responsible for placing the security review on my funds or with someone who had the authority to explain the review and advise me whether anything was required from me to complete the process. Instead, I was repeatedly told that representatives : Could not identify the department handling my case. Could not transfer me to that department. Could not provide me with a direct telephone number. Could not explain why my funds had been placed on hold. Could not tell me whether anyone had reviewed my transaction. Could not tell me whether additional information was required from me. I explained multiple times that I was not asking representatives to override the review. I simply wanted the opportunity to communicate with the department responsible for reviewing my transaction so I could determine : Whether my transaction had actually been reviewed. Whether Wells Fargo needed additional information from me. Whether I could verify my identity immediately. Whether there was anything I could do to expedite the review. When I could reasonably expect access to my funds. Despite making these requests repeatedly, I was denied the ability to communicate with the department responsible for the decision affecting my funds. In my opinion, preventing a customer from communicating with the department responsible for restricting access to their money, while simultaneously refusing to provide meaningful information regarding the status of the review, is a serious customer service concern that warrants review. Multiple Transfers and Conflicting Information Instead of receiving answers, I spent several hours being transferred between departments. During XXXX call, after requesting to speak with a supervisor because representatives repeatedly stated they could not assist me, my call was disconnected. After calling back, I explained what had occurred and was transferred to the XXXX Department. The XXXX representative informed me they could not transfer me to the department responsible for the review. My call was then transferred to XXXX XXXX. The XXXX XXXX representative advised me that I had actually been transferred to the wrong fraud department. He submitted an escalation request and specifically advised me that I would receive a telephone call before the end of that same day. Because I relied upon that representation, I waited for the promised call. No one contacted me. When I called Wells Fargo again later that day, I was no longer told I would receive a callback that day. Instead, I was informed that the review would now require XXXX to XXXX hours, directly contradicting the information previously provided. During another call, I was finally informed that the department handling my case was Loss XXXX. This was the first time anyone identified the department responsible for the review. I was then provided with a telephone number for that department. However, by the time I finally received that information, the department had already closed for the day. As a result, after spending several hours attempting to locate the correct department, I was still unable to speak with anyone who could answer my questions. Financial Hardship Because Wells Fargo failed to notify me that my funds had been placed under review, I was left without access to money that I depended upon for basic living expenses. The inability to access these funds affected my ability to purchase food and created concerns regarding transportation to work. Had Wells Fargo simply notified me that the payment had been placed under review, I could have made alternative arrangements before experiencing these hardships. Attempt to File a Complaint with Wells Fargo Following these events, I contacted Wells Fargo 's XXXX XXXX complaint line to file a formal complaint. I spoke with a representative identified as XXXX, who documented my complaint and provided me with the following complaint reference number : Complaint ID : XXXX XXXX advised that my complaint would be forwarded internally. During that conversation, I requested a corporate email address or mailing address so I could submit a formal written complaint directly to Wells Fargo. I was advised that no corporate email address could be provided. When I requested a corporate mailing address, I was initially told one could not be provided. After independently locating what appeared to be Wells Fargo 's corporate office address, I asked whether the following address was correct : Wells Fargo XXXX XXXX XXXX XXXX XXXX, CA XXXX XXXX advised that he could not confirm whether the address was correct because he worked in a call center. I found it concerning that even while attempting to file a formal complaint, Wells Fargo could not verify where a customer should send written correspondence to the company 's corporate office. Requested Resolution I respectfully request that the CFPB XXXX Wells Fargo 's handling of this matter and require the bank to provide a written response addressing the following : Why I was not notified that my funds had been placed under security review. Why I was repeatedly denied the opportunity to communicate with the department responsible for placing and maintaining the hold on my funds. Why representatives repeatedly refused to transfer me to the department responsible for my case or provide contact information until after the department had closed. Why I received conflicting information regarding callback commitments and review timeframes. Whether Wells Fargo 's policies regarding customer notification and communication were properly followed in this instance. What corrective actions, if any, Wells Fargo intends to implement to improve customer notification, internal communication, and complaint handling. I appreciate the CFPB 's review of this matter and respectfully request that this complaint be forwarded to Wells Fargo for a formal written response. Thank you for your time and consideration. Respectfully, XXXX XXXX",Managing an account,Checking or savings account,Checking account,Problem making or receiving payments,WELLS FARGO & COMPANY,2026-07-29T02:27:50.000Z,AZ,85037,Closed with explanation,Web
24602351,"My first initial complaint was made in XXXX regarding the first notice received for an Escrow shortage. The balances for escrow and the interest portions didnt add up correctly vs payment applied and extra payments applied as directed to do so. I didnt get alot of clarification back then but instead received an escrow refund check on my to turn around tow weeks after that for another escrow shortage notice which I paid. Every year since I refinanced my home with Wells Fargo in XXXX of XXXX Ive had an escrow shortage. Each year I dispute it on my to receive no follow up or ledger justifying where my payments were applied and why the checks and balances dont align. This year XXXX I received another escrow shortage notice in XXXX. I immediately called Wells Fargo disputing the shortage and once again trying to discuss the misapplied payments to either escrow or interest on my mortgage loan. The lady I spoke with was unpleasant in tone and continuously spoke over me. Stated she would only allow to backdate my dispute XXXX days?!! So I filed a dispute case with Wells Fargo to resolve the matter. According to their email and letter verifying my case is open and being investigated they would provide me a response or follow up with me by XX/XX/XXXX. I never received that follow up or documentation I requested. Struggling to pay the extra funds Ive been charged towards my mortgage payment I wanted to reach out once again to resolve this matter. I spoke with escrow representative XXXX with Wells Fargo who walked with me through the most recent dispute for XXXX, XXXX and XXXX mortgage payments incorrectly applied. XXXX acknowledged the discrepancies and I was thankful since Ive been battling this since XXXX. XXXX said for the most recent discrepancies she could reduce my monthly mortgage payment down to {$1100.00} I wasnt satisfied with that offer since my original loan payment in XX/XX/XXXX was only {$1000.00}. I requested documentation or a printout ledger of my mortgage account. She asked to put me on a brief hold and so she did except it wasnt brief, I stayed on the phone for an extended XXXX minutes of silence. XXXX never returned to the phone line to continue my concerns and note my account again. Once the phone call ended I sent the below email to Wells Fargo Home Mortage for documentation of the lack of clarity, communication and resolution to this on going XXXX year dispute. I was on the phone at XXXX today XX/XX/XXXX with your escrow dept with a representative named XXXX XXXX I was placed on hold but no one returned after XXXX minutes. This case that was opened was never resolved by Wells Fargo by XX/XX/XXXX as stated via email and Wells Fargo 's letter acknowledging this dispute. Ive made several attempts since XXXX to contact Wells Fargo to resolve the issues Ive found over now the past few years. I have routinely mailed physical checks accompanied by itemized statement stubs explicitly detailing the exact line-item breakdown of funds intended for Principal, Interest, and Escrow. Wells Fargo has systematically failed to apply these funds according to those explicit written instructions causing the escrow shortages, increase in my total monthly payment and negatively impacted my loan amortization schedule. I would greatly appreciate it if a loan supervisor or XXXX over the mortgage department would please reach out to me to resolve this ongoing matter. Thank you, XXXX XXXX",Trouble during payment process,Mortgage,Conventional home mortgage,"Escrow, taxes, or insurance",WELLS FARGO & COMPANY,2026-07-25T14:22:21.000Z,TX,775XX,Closed with explanation,Web
23981214,"This property is a rental property. I have two mail issues. 1.Carrington used inflated rental numbers to approve my loan after we put down {$66000.00}. The estimation was {$1900.00} to {$2000.00} but the local rent is {$1400.00} to {$1500.00}. 2. According to my loan documents Carrington was supposed to only mail to my Mailing address. Instead, they sent over 20 notices to the property address even after I made request for them not to.",Struggling to pay mortgage,Mortgage,Conventional home mortgage,"Applying for or obtaining a modification, forbearance plan, short sale, or deed-in-lieu","CARRINGTON MORTGAGE SERVICES, LLC",2026-07-08T13:45:40.000Z,TX,78640,Closed with explanation,Web
24743417,"ACCOUNT IN QUESTION : Waypoint Resource Group LLC REPORTED BALANCE : {$630.00} DATE REPORTED : XX/XX/year> I. STATEMENT OF COMPLAINT & PREMISES I am formally filing this complaint against WAYPOINT RESOURCE GROUP LLC for severe, willful, and ongoing violations of the Fair Debt Collection Practices Act ( FDCPA ), the Fair Credit Reporting Act ( FCRA ), and federal consumer privacy standards. Waypoint Resource Group LLC is currently reporting an unverified debt of {$630.00} on my credit file while fraudulently misrepresenting themselves as the "" Original Creditor. '' Waypoint is a third-party collection agency, not a original service provider. Reporting themselves as the original creditor constitutes a blatant, deceptive misrepresentation of the legal character, status, and origin of the alleged debt under 15 U.S.C. 1692e ( 2 ) ( A ). II. MANDATORY DEMANDS FOR EVIDENTIARY PROOF & INTERROGATORIES Because Waypoint Resource Group LLC has spammed my communications and published derogatory information to credit bureaus without providing legally sufficient validation, I demand that Waypoint Resource Group LLC immediately answer the following interrogatories and produce exact documentary proof : 1. Data Acquisition & Permissible Purpose Interrogatory ( 15 U.S.C. 1681b & GLBA ) Question : By what specific legal authority and through what channel did Waypoint Resource Group LLC acquire my private personally identifiable information ( PII )? Demand : Provide the written, signed consumer authorization or contract establishing that I ever granted Waypoint Resource Group LLC permission to access, store, or process my sensitive credit information. 2. Chain of Custody & Legal Standing Interrogatory Question : What is the unbroken, authenticated chain of title transferring this alleged obligation from the actual service provider to Waypoint Resource Group LLC? Demand : Provide the complete, unredacted Bill of Sale, Assignment Agreement, and Master Purchase Agreement explicitly listing my name, account number, and exact balance at the time of transfer. A generic electronic spreadsheet or computerized summary is legally insufficient to establish standing under 15 U.S.C. 1692g. 3. Account Itemization & Original Agreement Interrogatory Question : How was the alleged balance of {$630.00} calculated? Demand : Provide a complete account history starting from a {$0.00} balance, detailing all principle charges, service periods, payments, payments credited, and any unauthorized late fees or administrative charges added by Waypoint Resource Group LLC. Furthermore, produce the original wet-ink or verified electronic contract bearing my legal signature. III. NOTICE OF STATUTORY DAMAGES & CIVIL LIABILITY EXPOSURE If Waypoint Resource Group LLC can not produce certified, admissible documentary evidence answering every single point above, their continued reporting and collection efforts constitute willful non-compliance. I am formally documenting these violations to establish liability for civil damages under federal law : 15 U.S.C. 1692k ( FDCPA ) : Statutory damages up to {$1000.00} per action, actual damages for credit defamation and distress, plus mandatory payment of all attorney fees and court costs. 15 U.S.C. 1681n ( FCRA Willful Non-Compliance ) : Statutory damages from {$100.00} to {$1000.00} per violation, plus punitive damages and full legal fees for reporting false data ( "" Original Creditor '' ).",Attempts to collect debt not owed,Debt collection,Telecommunications debt,Debt was already discharged in bankruptcy and is no longer owed,"Waypoint Resource Group, LLC",2026-07-29T21:33:24.000Z,MI,48141,Closed with explanation,Web
24272913,"I do not recognize the aforementioned accounts, collections, or hard inquiries as reported. The aforementioned accounts, collections, and hard inquiries appearing on my consumer credit report maintained by you were not opened, made, or initiated by me. All of the aforementioned accounts, collections, and hard inquiries are the result of identity theft and fraud.",Incorrect information on your report,Credit reporting or other personal consumer reports,Credit reporting,Information belongs to someone else,"TRANSUNION INTERMEDIATE HOLDINGS, INC.",2026-07-16T17:43:57.000Z,SC,29440,Closed with explanation,Web
23980565,"The creditor or furnisher is reporting a negative account with inaccurate or incomplete information. I have reviewed my credit report and found errors in the balance, payment history, and/or account status. Under the Fair Credit Reporting Act ( FCRA ) Section 623, furnishers must report accurate and verifiable information. I have requested verification and supporting documentation from the creditor, but they failed to provide proof of accuracy. Please investigate this matter and ensure the information is corrected or deleted if unverified. XXXX XXXX XXXX XXXX XX/XX/XXXX -- {$0.00} XXXX XXXX ( Original Creditor : XXXX XXXX XXXX ) XXXX XX/XX/XXXX -- {$0.00} XXXX XXXX ( Original Creditor : XXXX XXXX XXXX ) XXXX XX/XX/XXXX -- {$0.00} XXXX XXXX XX/XX/XXXX -- {$0.00} XXXX XXXX XXXX XXXXXX/XX/XXXX -- {$2200.00} XXXX XXXX XX/XX/XXXX -- {$5600.00} XXXX XXXX XXXX XXXX XX/XX/XXXX -- {$16000.00} XXXX XXXX XXXX XXXX XX/XX/XXXX -- {$6000.00} XXXX XXXX XXXXXX/XX/XXXX XXXX {$160.00} XXXX XXXX XXXXXX/XX/XXXX XXXX {$200.00} XXXX XXXX XXXXXX/XX/XXXX -- {$0.00} XXXX XXXX XX/XX/XXXX -- {$0.00}",Improper use of your report,Credit reporting or other personal consumer reports,Credit reporting,Reporting company used your report improperly,"EQUIFAX, INC.",2026-07-08T13:53:39.000Z,CA,91307,Closed with explanation,Web
24485188,I demand immediate and permanent deletion of this trade line from all credit reporting agencies as the debt collector has failed to verify the legal validity and exact balance of this account under FCRA and FDCPA guidelines.,Incorrect information on your report,Credit reporting or other personal consumer reports,Credit reporting,Information belongs to someone else,"TRANSUNION INTERMEDIATE HOLDINGS, INC.",2026-07-22T19:19:39.000Z,TN,38128,Closed with explanation,Web
24637256,I had a collection debt from XXXX XXXX XXXXXXXX XXXX account that was paid by my health insurance company. This debt is not accurate. It was removed off my XXXX but remains on my XXXX report. Can this company please remove this off my credit report because this information is inaccurate. Thanks XXXX XXXX,Attempts to collect debt not owed,Debt collection,Medical debt,Debt was paid,Creditors Bureau Associates,2026-07-27T15:43:30.000Z,GA,30291,Closed with explanation,Web
24659155,"I opened a Best Buy Citi credit card in XX/XX/XXXX and used it for a promotional 0 % APR financing offer on a camera purchase. In XX/XX/XXXX, before the first promotional period ended, I called and requested an extension of the 0 % promotional period, which was granted. In XX/XX/XXXX, I again called before the balance was due and requested an extension, which was again granted ( Or so i thought ). In XXXX, I called again expecting the same outcome based on this established pattern. However, this request was declined, and I was not informed by phone, nor email or letter ( due to them sending notice to an email i no longer had access to [ I requested we change my account email on my call in XXXX of XXXX ] ) I only learned of the decline much later, after interest had already begun accruing. I was told a notice was sent to the email address on file, but I have since lost access to that email account and had no way of seeing it. Because I did not know the extension was denied, I continued making payments as though the 0 % promotional terms were still in effect. I never logged in to make payments, only went on the site to push make a payment. I have since calculated that my correct balance, had the promotional terms been honored consistently with the prior two years, would be {$370.00}. My account currently shows a balance of {$770.00}, a difference of {$400.00} in accrued interest. I called the company and spoke with a representative and then a manager. The manager confirmed the interest charges as 'valid ' per their policy and stated that a formal billing dispute would not change the outcome. I was not offered any resolution. I am requesting that the interest charges be reversed and my balance be corrected to {$370.00}, consistent with how my account was handled in the prior years under the same circumstances.",Problem with a purchase shown on your statement,Credit card,Store credit card,Overcharged for something you did purchase with the card,"CITIBANK, N.A.",2026-07-27T23:54:31.000Z,OH,43224,Closed with explanation,Web
24427539,I am requesting the removal of this XXXX collection from my credit report because the balance being reported is inaccurate and inconsistent. My final XXXX bill was XXXX. I later received a debt verification letter from MRS BPO showing a balance of XXXX. The account is now being reported by XXXX XXXX with a balance of XXXX. These conflicting balances demonstrate that the debt has not been reported accurately. XXXX has failed to maintain a consistent and verifiable balance for this account. Because the reported information is inaccurate and can not be relied upon I request that this collection be removed from my credit report. If XXXX believes the reported balance is accurate it must provide a complete itemized accounting and documentation supporting every increase from my final bill to the amount currently being reported. I request that this inaccurate collection be deleted from all credit reporting agencies.,False statements or representation,Debt collection,Telecommunications debt,Attempted to collect wrong amount,"MRS BPO, LLC",2026-07-21T14:28:46.000Z,OH,45420,Closed with explanation,Web
24633443,"I contacted the bank, thankyou from CITI to dispute charges, the bank issued the credit for the items I have never ordered nor received, services I have never requested nor ever used. I agreed to it after they made the investigation and credit my account. I requested the bank to close the account completely, but instead they sent me a new credit card number. Now under the new card number the bank reversed the previous amount they have already credited to my account. After that, I have tried to get in contact with the bank multiple times, I get thru after 30 to 60 minutes wait. They asked all the information to identify me,10 to 25 minutes, then, transfer me to another department, the asked all the information again and transfer me again to another department and so on, that happened multiple times and after 1 to 3 hours waiting on hold, they hang up on me with no explanation.",Problem with a purchase shown on your statement,Credit card,General-purpose credit card or charge card,Credit card company isn't resolving a dispute about a purchase on your statement,"CITIBANK, N.A.",2026-07-27T12:26:48.000Z,GA,30033,Closed with monetary relief,Web
24471564,"This complaint concerns Wells Fargo 's handling of insurance proceeds for the wildfire rebuild of my home. Wells Fargo admitted it mishandled my contractor 's Schedule of Values, resulting in an incorrect initial inspection of only 5 % ( XX/XX/XXXX ) completion and weeks of unnecessary delay. I was never notified there was a problem until I followed up. A second inspection was then required ( XX/XX/XXXX ), further delaying the release of approximately {$250000.00} in insurance proceeds. Despite substantial progress on the home, the delays caused by Wells Fargo 's admitted processing error have disrupted construction and contractor payments. I am requesting expedited resolution, a fair review of the inspection, and prompt release of funds consistent with the actual progress of the rebuild. Currently, Wells Fargo is preventing the prompt rebuilding of our home and creates risk that we will need to pay for a longer rental while we wait.",Trouble during payment process,Mortgage,Conventional home mortgage,Trying to communicate with the company to fix an issue while managing or servicing your loan,WELLS FARGO & COMPANY,2026-07-22T14:07:46.000Z,CA,902XX,Closed with explanation,Web
24425632,"I am filing this complaint to formally dispute several unauthorized XXXX inquiries on my credit report that are the result of identity theft. I hereby request that these fraudulent inquiries be blocked or removed from my file as mandated by 15 U.S.C. 1681c-2. For your reference and as supporting evidence, I have included my official FTC Identity Theft Report ( Report Number : XXXX ). Under 15 U.S.C. 1681c-2, credit reporting agencies are obligated to block any information identified by a consumer in an identity theft report within XXXX ( XXXX ) business days of receiving the report. The following XXXX inquiries on my credit file are fraudulent and must be blocked. I did not authorize these credit checks, and they are directly linked to the identity theft I reported : XXXX - XX/XX/year> Pursuant to 15 U.S.C. 1681c-2, I formally request the immediate and permanent blocking of these inquiries. This block should remain in effect for the statutory period, during which no information related to these fraudulent credit pulls may be reported. I have previously contacted the credit bureau reporting these inquiries on multiple occasions to seek resolution. Despite my efforts and the submission of my FTC report, the issue persists without a final and effective resolution. The continued presence of these unauthorized inquiries is causing me significant harm by inaccurately lowering my XXXX XXXX and impeding my ability to secure credit for essential needs. I trust that the CFPB will facilitate a fair and timely resolution. I request your assistance in ensuring the credit bureau complies with XXXX law and permanently removes these fraudulent inquiries from my credit history.",Improper use of your report,Credit reporting or other personal consumer reports,Credit reporting,Credit inquiries on your report that you don't recognize,"TRANSUNION INTERMEDIATE HOLDINGS, INC.",2026-07-21T14:30:29.000Z,TX,77090,Closed with non-monetary relief,Web
24030279,"I am filing this complaint because Experian continues to report inaccurate, unverifiable, and derogatory information on my credit report dated XX/XX/year>. Under the Fair Credit Reporting Act, specifically XXXX XXXX. XXXX ( b ) and XXXX, Experian has a legal obligation to maintain maximum possible accuracy and conduct a reasonable reinvestigation of disputed information. The continued reporting of these negative accounts has caused significant damage to my credit profile and financial opportunities. Disputed Negative Accounts : XXXX XXXX XXXX XXXX High Balance {$1400.00} Reported with Charge-Off status and multiple late payments. SUMMIT A * R Collection Balance {$300.00}. XXXX XXXX XXXX XXXX XXXX {$280.00}. XXXX XXXX XXXX Collection Balance {$1600.00}. XXXX XXXX XXXX XXXX {$1400.00}. XXXX, XXXX XXXX XXXX {$180.00}. XXXX XXXX XXXX Collection Balance {$1800.00}. I request that Experian immediately conduct a lawful reinvestigation, require each furnisher to provide original documentary evidence supporting the reporting of these accounts, and permanently delete any account that can not be fully verified.",Problem with a company's investigation into an existing problem,Credit reporting or other personal consumer reports,Credit reporting,Investigation took more than 30 days,Experian Information Solutions Inc.,2026-07-09T16:26:36.000Z,TX,77033,Closed with explanation,Web
23994674,"I am submitting this complaint regarding the handling of my home equity line of credit ( HELOC ) and my repeated requests for hardship assistance. In XX/XX/year>, I lost my teaching position, and I lost another teaching position in XX/XX/year>. Around the same time, I learned I was XXXX. During my XXXX and postpartum recovery, I experienced significant medical complications and was advised by my physicians that I was unable to work. Throughout this period, I remained in communication with the credit union to explain my financial hardship and seek assistance. When I received unemployment benefits, I used those funds to bring my HELOC current in XXXX because I wanted to remain in good standing. At that time, I was informed that I qualified for a one-time, XXXX-month hardship extension and was instructed to call back in XXXX to have it applied. Before I was able to do so, my father became critically ill and later passed away. When I contacted the credit union again in XXXX to request the hardship extension, I was told I first needed to make a payment. I deposited {$900.00} into my savings account specifically to make a payment on my HELOC. According to my understanding, it was noted on my account that these funds were intended for the HELOC. However, the funds were instead applied to my spouse 's delinquent loan, leaving me unable to make the HELOC payment I intended. Since then, my HELOC has been closed to future advances, my account has been transferred to the default department, and I have been notified that I must pay approximately {$5600.00} by the end of the month to resolve the default. I have explained that I am unable to pay this amount in a single lump sum and have requested hardship assistance, a repayment arrangement, or another reasonable option to bring my account back into good standing. I am not disputing that I owe the debt, nor am I attempting to avoid my financial obligations. My concern is whether all available hardship or loss-mitigation options were properly considered despite my repeated efforts to communicate with the credit union before my account reached default. I am requesting that my account receive an independent review and that the credit union explain : * Whether my account was evaluated for any hardship, repayment, reinstatement, or loan modification options. * If those options were denied, the reason for the denial. * Whether any additional options remain available to help me resolve the default without requiring an immediate lump-sum payment that I can not afford. My goal is to work cooperatively with the credit union, repay my loan, and avoid further collection or foreclosure activity if a reasonable repayment solution can be reached.",Struggling to pay mortgage,Mortgage,Home equity loan or line of credit (HELOC),"Applying for or obtaining a modification, forbearance plan, short sale, or deed-in-lieu",STATE EMPLOYEES’ CREDIT UNION,2026-07-08T19:06:40.000Z,NC,28025,Closed with explanation,Web
24725406,"XX/XX/year> Account Number : XXXX Company : USAA FEDERAL SAVINGS BK To Whom It May Concern : Be advised this is not a refusal to pay, but a notice that your claim is disputed, and validation is requested. Under the Fair Debt collection Practices Act ( FDCPA ), I have the right to request validation of the debt you say I owe you. I am requesting proof that I am indeed the party you are asking to pay this debt, and there is some contractual obligation that is binding on me to pay this debt. This is NOT a request for verification or proof of my mailing address, but a request for VALIDATION made pursuant to 15 USC 1692g Sec. 809 ( b ) of the FDCPA. I respectfully request that your offices provide me with competent evidence that I have any legal obligation to pay you. At this time, I will also inform you that if your offices have or continue to report invalidated information to any of the three major credit bureauXXXX XXXX XXXX XXXX XXXX XXXXXXXX ), this action might constitute fraud under both federal and state laws. Due to this fact, if any negative mark is found or continues to report on any of my credit reports by your company or the company you represent, I will not hesitate in bringing legal action against you and your client for the following : Violation of the Fair Debt Collection Practices Act and Defamation of Character. I am sure your legal staff will agree that non-compliance with this request could put your company in serious legal trouble with the FTC and other state or federal agencies. If your offices are able to provide the proper documentation as requested in the following declaration, I will require 30 days to investigate this information and during such time all collection activity must cease and desist. Also, during this validation period, if any action is taken which could be considered detrimental to any of my credit reports, I will consult with legal counsel for suit. This includes any listing of any information to a credit-reporting repository that could be inaccurate or invalidated. If your offices fail to respond to this validation request within 30 days from the date of your receipt, all references to this account must be deleted and completely removed from my credit file and a copy of such deletion request shall be sent to me immediately. It would be advisable that you and your client assure that your records are in order before I am forced to take legal action. Agreement with your client that grants you the authority to collect on this alleged debt. Account Number : XXXX Company : USAA FEDERAL SAVINGS BK Please provide the following : Agreement that bears the signature of the alleged debtor wherein he/she agreed to pay the creditor. Any insurance claims been made by any creditor regarding this account. Any Judgments obtained by any creditor regarding this account. Name and address of alleged creditor. Name on file of alleged debtor. Alleged account number. Address on file for alleged debtor. Amount of alleged debt. Date this alleged debt became payable. Date of original charge off or delinquency. Verification that this debt was assigned or sold to collector. Complete accounting of alleged debt. Commission for debt collector if collection efforts are successful. Please provide the name and address of the bonding agent for Debt in case legal action becomes necessary. Your claim can not and WILL NOT be considered if any portion of the above is not completed and returned with copies of all requested documents. This is a request for validation made pursuant to the Fair Debt Collection Practices Act. Please allow 15 days for processing after I receive this information back. Best Regards, XXXX XXXX XXXX : Federal Trade Commission",Attempts to collect debt not owed,Debt collection,I do not know,Debt was result of identity theft,UNITED SERVICES AUTOMOBILE ASSOCIATION,2026-07-29T15:21:49.000Z,FL,337XX,Closed with non-monetary relief,Web
24535690,"Merchant confirmed there was no charge, I was not physically present and I have had my card in my possession the entire time so a charge using my chip was impossible. When I reported to the fraud department XXXX argued with me that my cards chip was used, that it was not fraud and I should rather go back to the disputes department and refile my claim as a regular dispute., despite evidence showing fraud, no receipt, no one physically has my hard and I was not present nor did I authorize use for a charge. She then stated maybe the charge was from a few months prior, but even that was ruled out because the merchant already stated I had no dept with them and my previous stay was settled and my bank records show that. She herself admitted initially that the only other explanation was that that the card was duplicated or cloned but she refused to provide evidence of the transaction, a receipt or fallback transaction report. Heres what could have happened When your bank claims that "" XXXX said the chip was used, '' they are referring to a data tag known as "" XXXX XXXX '' or XXXX data embedded in the electronic transaction authorization. Under strict Visa Claims Resolution ( VCR ) rules, when a transaction is flagged with this tag, the network systematically blocks the bank from automatically filing an "" unauthorized fraud '' dispute because XXXX chips are cryptographically unique and theoretically impossible to clone The "" Fallback '' Exploit : Fraudsters clone a card 's magnetic stripe but deliberately damage the fake chip. When they try inserting it at a terminal, it fails multiple times, forcing the terminal to "" fall back '' to a stripe swipe. A software glitch at the point-of-sale terminal can mistakenly pass this authorization to XXXX with the "" XXXX XXXX '' data tag still attached.Incorrect Billing Descriptor : The charge may not actually be from that specific merchant. It could be from a completely different parent company, a third-party payment processor ( like XXXX, XXXX, or XXXX ), or a fraudster intentionally spoofing the merchant 's name on your bank statement to hide their activity.Authorization Ghosting : It could be a processing glitch where a transaction was aborted mid-way, leaving a "" pending '' authorization stuck on your account that the merchant 's accounting software never finalized or integrated into their sales ledger. I reported my passport was missing around the same time. USAA has a zero liability policy yet an employee of Usaa created a transaction ID with a question mark and withdrew funds from my account and tried to disguise it as a reversal those funds should have never been taken from my account in the midst of a fraud investigation and no proof of the transaction was provided to me. They then sent me a threatened letter to close my account for it being in the negative status. I had This same issue team of dispute analysts and fraud analysts in XXXX, case I reported to Consumer Finance that was not resolved despite USAA reporting that it was. Case XXXX USAA sent me a letter illegally closing one of my checking accounts while a dispute was in progress this account was ending in XXXX, my account was closed due to a overdraft it being in negative status as a result of a unsettled dispute caused by the bank. However when I called I am asked which account and I calling in reference to the XXXX account ( which is supposedly closed ) of my current account. The documents I received from the bank dated the dispute as XX/XX/XXXX but the dispute was incidental was XX/XX/XXXX, there was clear evidence of a scam from the merchant but this team at USAA ignored the evidence and sent automated notices stating that they reviewed the incident and did not find fault with the merchants. This goes against Maryland state Consumer protection laws. USAA is primarily for veterans who have served this very country who if not for veterans these individuals would not have jobs so to not do your job properly to ensure veterans accounts are secure and we are not taken advantage of is a insult this team needs to be investigated and anyone causing veterans unnecessary added stress than what we already deal with, needs to be fired.",Problem with a purchase shown on your statement,Credit card,General-purpose credit card or charge card,Card was charged for something you did not purchase with the card,UNITED SERVICES AUTOMOBILE ASSOCIATION,2026-07-23T19:41:30.000Z,MD,21221,Closed with explanation,Web
24214382,"I had missing payments on my car loan in XXXX XXXX XXXX that were made cash in branch. I called them out on it after asking for a statement, they asked for receipts. Did not know I needed that if I watched them authorize my payment but I do have some receipts. They later fix it but on my FTC it shows the missing payments. There was a lot of in branch fraudulent activity and I was given a fraudulent card in branch associated with my loan with a tampered chip. Caused me to have a data breach and my phone being hacked and now I am on the dark web, I would be denied any help of account history since I had no online access. I continued to be tracked from XXXX XXXX XXXX without giving them my new number or email on my device and I have proof. Also, I already had a fraudulent debt collector that later on closed the account after I called them, they went through all my credit and had wrong birthday and address but they are also in my FTC report. They were taking payments from my bank account for themselves along with all the things listed on the payment plan. The year is wrong on my loan after I was given a notice on accident that no changes were made on my account since I opened my checking, but proof that I made multiple. Also my vehicle was a total loss it was stolen for over a month and I got the total loss forms from the leinholder ( XXXX XXXX XXXX ) and my insurance ( XXXX XXXX ) and they repossed the vehicle with all my daughters belongings car seat stroller clothes shoes that I had to repurchase from when it was stolen. They never told me where it was taken to get my things.",Improper use of your report,Credit reporting or other personal consumer reports,Credit reporting,Reporting company used your report improperly,WELLS FARGO & COMPANY,2026-07-15T09:03:32.000Z,CA,94585,Closed with explanation,Web
24610258,"I am a victim of a transfer rental scam that occurred during the first week of XXXX. I filed my fraud dispute within the legal XXXX-day window required by Regulation E. I was never asked for additional information about my case, so I escalated the claim ( XXXX ) again on XX/XX/year>, and I have provided Truist with a police report and text message evidence establishing the criminal fraud. Note, they already had the fraudulent Landlords number from the XXXX complaint, as its the only thing they asked for. Truist is failing its consumer protection duties by refusing to initiate an interbank clawback or investigation into the recipient 's XXXX account, which acted as a fraudulent money mule.",Managing an account,Checking or savings account,Checking account,Problem making or receiving payments,TRUIST FINANCIAL CORPORATION,2026-07-26T02:12:02.000Z,MD,206XX,Closed with explanation,Web
24146786,"On XX/XX/XXXX, I sent a written debt validation request via certified mail to Monarch Recovery XXXX XXXX regarding an alleged debt of {$2400.00}. The letter was delivered and confirmed via USPS tracking number XXXX on XX/XX/XXXX The debt collector never responded within the required 30 days. On XX/XX/XXXX I sent a second follow up letter via certified mail referencing their failure to validate. Tracking number XXXX, delivered XX/XX/XXXX. Again no response was received. As of today XX/XX/XXXX the debt continues to report on my XXXX XXXXXXXX and XXXX XXXX XXXX XXXX XXXX XXXX despite XXXX formal written validation requests with XXXX response. The collector has failed to validate the debt, failed to cease collection activity, and failed to mark the debt as disputed. This is damaging my business credit and preventing me from obtaining business financing.",Took or threatened to take negative or legal action,Debt collection,Credit card debt,Threatened or suggested your credit would be damaged,"Monarch Recovery Holdings, Inc.",2026-07-13T19:32:11.000Z,GA,30305,Closed with explanation,Web
24419373,"Navy Federals latest denial notices, dated XX/XX/2026, repeatedly use the same reason : that you accepted the charge when receiving the service and that Navy Federal can not proceed without a merchant credit acknowledgment. This master complaint explains why that does not resolve a services-not-delivered-as-agreed claim. For XXXX XXXX XXXX XXXX, it documents the displayed account balance and Redeem function, the paid-entry game and cash-prize representations, the loss of account access, and the automated support process that did not restore access, process a redemption, or issue a refund.",Problem with a purchase shown on your statement,Credit card,General-purpose credit card or charge card,Card was charged for something you did not purchase with the card,NAVY FEDERAL CREDIT UNION,2026-07-21T09:53:02.000Z,WA,981XX,Closed with monetary relief,Web
24698777,"Attention TransUnion Compliance : This complaint is filed against your subsidiary, XXXX XXXX XXXX XXXX On XX/XX/XXXX, XXXX received a written request for a security freeze containing my personal identifying information, sent via USPS Certified Mail with return receipt. This request was mailed in the same envelope as my daughter 's own tracking package - Tracking Number : XXXX. On XX/XX/XXXX, an agent named XXXX explicitly confirmed to my daughter over the phone that XXXX has located and is in physical possession of my letter and identity documents. However, the agent stated that because I am not currently in their automated database, they can not process the freeze and demanded I mail a second set of physical documents. XXXX is currently holding my sensitive data and refusing to implement the legal security freeze required by federal law following a consumer request.",Incorrect information on your report,Credit reporting or other personal consumer reports,Other personal consumer report,Information belongs to someone else,"TRANSUNION INTERMEDIATE HOLDINGS, INC.",2026-07-28T22:44:17.000Z,FL,33418,Closed with explanation,Web
24441403,Debt collector is trying to collect a debt that might or might not be mine. They are aggressive in their efforts and its very disturbing. The debt is said to be around {$220.00} and is tied to a XXXX bill.,Took or threatened to take negative or legal action,Debt collection,Telecommunications debt,Threatened or suggested your credit would be damaged,"SUNRISE CREDIT SERVICES, INC",2026-07-21T19:58:46.000Z,GA,30296,Closed with explanation,Web
24393219,"Subject : Violation of FCBA/Reg Z Dispute Protections and Unauthorized Electronic Fund Transfer ( Reg E ) Detailed Description of Issue : I am filing an urgent complaint against Citibank for severe operational failures regarding a fraud dispute, illegal migration of a disputed balance, and an unauthorized withdrawal of funds from my checking account. Original Fraud & Timely Reporting : On XX/XX/year>, an unauthorized fraudulent transaction of {$710.00} occurred at "" XXXX XXXX XXXX XXXX XXXX XXXX XXXX XXXXXXXX XXXX XXXX' on my Citibank credit card. On XX/XX/year>, upon receiving a fraud alert, I immediately called Citibank, reported the transaction as fraud, closed the compromised card, and opened a dispute case. Improper Migration of Disputed Balance : Citibank initially issued a provisional credit and sent a replacement credit card. However, a few days later, Citibank erroneously migrated the disputed {$710.00} charge onto my brand-new credit card account. Misinformation by Citibank Representatives : I called Citibank to question why the fraudulent charge appeared on the new card. The representative explicitly stated that the case was still under investigation, that I did not need to pay the {$710.00} by the statement due date, and that my balance was protected while the investigation was pending. Explicit Reassurance Regarding Autopay : During that same call, I specifically asked the representative if there was any active Autopay on the new credit card that would trigger a deduction on the due date. The representative explicitly stated, "" No, you do not have Autopay on this new card, and you will not be charged until the case is finalized. '' I never established Autopay or provided my external banking details for the new account. Unauthorized External Bank Withdrawal : Despite Citibanks explicit assurances, on the morning of XX/XX/year>, Citibank executed an unauthorized ACH debit of {$710.00} from my external Chase checking account. This constitutes a severe violation of the Electronic Fund Transfer Act ( Regulation E ) as I never authorized Citibank to draft funds from my Chase account for this new credit card, let alone for a disputed fraud balance. Fortunately, I called XXXX XXXX and XXXX intercepted and blocked the pending unauthorized transfer.",Problem with a purchase shown on your statement,Credit card,General-purpose credit card or charge card,Credit card company isn't resolving a dispute about a purchase on your statement,"CITIBANK, N.A.",2026-07-20T19:35:44.000Z,CO,80222,Closed with explanation,Web
24520558,"XXXX XXXX XXXX XXXX XXXX XXXXXXXX XXXX XXXX XXXX XXXX XXXX XXXX XXXX United States XX/XX/XXXX To : CREDIT CONTROL , LLC Re : Request for Investigation and Deletion of Unverifiable Information Under the Fair Credit Reporting Act To Whom It May Concern : I am writing to formally dispute information appearing on my consumer credit report pursuant to my rights under the Fair Credit Reporting Act ( FCRA ), including 15 U.S.C. 1681e ( b ) and 15 U.S.C. 1681i. I am requesting that your agency conduct a reasonable investigation into the information being reported on my credit file. After reviewing my consumer report, I have identified information that may be inaccurate, incomplete, or unverifiable. Pursuant to the FCRA, consumer reporting agencies are required to maintain maximum possible accuracy in consumer reports and must conduct a reasonable reinvestigation of disputed information. If any disputed information can not be verified as accurate and complete, it must be corrected or deleted from my consumer report. I am requesting that you investigate all disputed information appearing on my credit file and remove any accounts, information, or reporting that can not be verified through a reasonable investigation. Please provide : The results of your investigation ; The method used to verify any information that remains on my report ; An updated copy of my consumer report reflecting any corrections or deletions. Enclosed are copies of my identification, Social Security number verification, and proof of address to assist with the identification of my file. Please complete your investigation within the timeframe required under the Fair Credit Reporting Act and notify me in writing of the outcome. Thank you for your prompt attention to this matter. Sincerely, XXXX XXXX XXXXXXXX XXXX- Date of birth : XX/XX/XXXX address is listed above",False statements or representation,Debt collection,I do not know,Attempted to collect wrong amount,"Credit Control, LLC",2026-07-23T15:20:32.000Z,TX,75154,Closed with explanation,Web
24180306,The personal information on my credit report were outdated,Incorrect information on your report,Credit reporting or other personal consumer reports,Credit reporting,Personal information incorrect,"TRANSUNION INTERMEDIATE HOLDINGS, INC.",2026-07-14T15:47:57.000Z,CA,95127,Closed with explanation,Web
24669359,"Date : XX/XX/XXXX CFPB Case Complaint Number : XXXX Company Name : AARGON Collection Agency Subject : Rebuttal to Company Response and Request for Further Investigation To the Consumer Financial Protection Bureau , I am writing to formally reject and dispute the response provided by the collection agency regarding my complaint. The statements and timeline submitted by the agency to the CFPB are entirely false and inaccurate. The agency claims proper notice was given, but they contacted me for the very first time in XXXX XXXXafter three years of complete silence. I never received any prior invoices, letters, or phone calls from this agency or the original medical provider during those three years. Furthermore, the agency claims they sent a notice in XXXX, XXXX, XXXX, but the ZIP code XXXX they said they used does not correspond to my address. By sending highly sensitive personal information to an incorrect address, fabricating a timeline of contact, and attempting to collect an unverified debt, this agency is actively lying and violating federal consumer protection laws. Furthermore, the agency is hiding the fact that the medical provider never billed my health insurance company for these services. Due to this failure to submit the claim within the required timely filing window, my insurance was never given the opportunity to pay the bill. The agency can not legally collect on a medical debt where the provider failed to follow standard insurance billing procedures. To substantiate my position, I am attaching official proof of continuous health insurance coverage. I have been fully insured under this policy from XXXX through the present dayspanning 13 years with XXXX lapses. It makes absolutely no sense that a consumer with stable, active health insurance for over a decade would intentionally ignore a medical bill or choose to get into financial trouble over it. This entire situation is the direct result of a failure by the XXXX financial administration department, which failed to submit the billing to my insurance company on time. Now, they are unfairly trying to force the patient to pay for their internal administrative negligence. I request that the CFPB require the collection agency to provide actual, verifiable proof of the following : 1. Proof of Timely Billing : Evidence that the original provider successfully submitted a claim to my health insurance company within the lawful filing period. 2. Proof of Prior Contact : Certified mail receipts or internal system logs proving they contacted me at my correct address prior to XX/XX/XXXX. The company 's response is an attempt to bypass consumer protection laws and validate an unverified debt. I ask the CFPB to keep this investigation open until the agency provides itemized billing statements and absolute proof of insurance submission.",Written notification about debt,Debt collection,Medical debt,Didn't receive enough information to verify debt,"Aargon Agency, Inc.",2026-07-28T01:19:48.000Z,NV,891XX,Closed with explanation,Web
24620831,"I am filing this complaint regarding XXXX XXXX XXXX handling of an equipment charge that was placed into collections and reported on my credit report. In XX/XX/XXXX, I ordered XXXX XXXX XXXX internet service. XXXX XXXX XXXX shipped the Wi-Fi router to an address where I had not lived for approximately ten years. XXXX XXXX XXXX representatives acknowledged that the router was sent to the wrong address. Although they requested that I return the equipment, I explained that I was unable to do so because I did not have access to the address where they shipped it. Despite admitting the shipping error, XXXX XXXX XXXX charged me {$350.00} for the unrecovered equipment. In XX/XX/XXXX, more than a year later, I discovered the balance had been sent to collections. I never received a bill for this charge, notice of an outstanding balance, warning that it would be sent to collections, or any correspondence from the collection agency, Sunrise Credit. I only became aware of the account after it appeared on my credit report. I disputed the collection, but it was verified despite XXXX XXXX XXXX acknowledging the equipment was shipped to the wrong address. I have remained an XXXX XXXX XXXX customer throughout this time, consistently paying my monthly wireless bill, yet no one attempted to contact me about this alleged debt before reporting it to collections. I respectfully request that XXXX XXXX XXXX remove the {$350.00} equipment charge, delete the collection account from all credit reporting agencies, and explain why I was never notified of the alleged debt before my credit was negatively impacted. I should not be held responsible for equipment I never had the opportunity to receive or return due to XXXX XXXX XXXXXXXX admitted mistake. This experience has permanently damaged my trust in XXXX XXXX XXXX and I intend to end my service once my phone financing is complete.",Written notification about debt,Debt collection,Telecommunications debt,Didn't receive enough information to verify debt,"SUNRISE CREDIT SERVICES, INC",2026-07-26T23:59:26.000Z,AZ,85203,Closed with explanation,Web
24113192,"XXXX Is reporting fraudulent inquiries on my credit file after I have asked them numerous times to remove them. They are being paid by companies that I never did business with to report false information on my credit profile/file report causing hard inquiries and collections after trying to find ways to settle the debt without it impacting my credit report or history with written documentation that theyll do so to bring the account to a current status, instead they report negative remarks making it hard to correspond and making me look bad to creditors and lenders. I have never authorized these inquiries and demand that they are removed off my credit profile. I know for a fact that only XXXX % accurate information can be reported to my profile and any/all inaccurate information must be removed. These inquiries have caused me to be denied credit and caused financial harm to myself and my family. I am begging the CFPB make this company abide by FCRA rules and demand them to remove the inaccurate and false information from my report. The inquiries below does not belong to me, please remove now.",Took or threatened to take negative or legal action,Debt collection,Credit card debt,Threatened or suggested your credit would be damaged,Resurgent Capital Services L.P.,2026-07-12T03:43:25.000Z,MI,482XX,Closed with explanation,Web
23993366,"This is a new complaint arising from events after CFPB case XXXX was closed on XX/XX/year>. The underlying facts of the account conversion and initial dispute are already on record under Wells Fargo case numbers XXXX and XXXX, and CFPB case numbers XXXX and XXXX. This complaint focuses on XXXX new, material developments since that closure, plus a brief recap of prior issues that remain unaddressed. New Facts Since My Last CFPB Complaint Was Closed XXXX. A disputed balance was reported to credit bureaus, causing an XXXX score drop Wells Fargo XXXX XXXX late payment to the credit bureaus in late XX/XX/year>, at a point when the underlying charge had already been formally disputed twice internally with Wells Fargo ( XX/XX/year> ) and twice with the CFPB ( late XXXX and XX/XX/year> ). This was not an undisputed delinquency, it was an actively contested charge going through Wells Fargo 's own complaint process and CFPB review at the time it was reported. This caused my XXXX XXXX to drop by XXXX points, from approximately XXXX to XXXX, confirmed on both TransUnion and Equifax ( screenshots attached ). I maintain autopay on every other card I hold and have never missed a payment with any other institution. The remaining disputed balance itself was small : by the time I paid the {$4400.00} principal, Wells Fargo had already credited the {$29.00} late fee and {$50.00} of interest, leaving roughly {$35.00} to {$36.00} in dispute. Rather than freezing that amount during an active review, Wells Fargo let it accrue interest and fees for months, growing into the {$170.00} I ultimately paid under protest ( attached ) on XX/XX/year>, after formally notifying Wells Fargo in writing that the payment did not constitute agreement with the charges. At no point was I ever informed that additional late payment fees and interest would continue to be assessed on an amount that was already under formal dispute, until I raised this concern myself and learned of it during the internal review process. XXXX. The representative handling my case admitted he needed to reopen it internally, then closed it with a denial hours later On XX/XX/year>, before Wells Fargo posted its written response, XXXX XXXX XXXX the same Escalations Representative who signed that response ) called me. To his credit, XXXX was responsive and courteous. However, he had personally received my earlier email to Wells Fargo 's XXXX office documenting the payment under protest and its credit impact, and initially did not recall either fact until I reminded him, at which point he apologized. As we spoke, he seemed to get a clearer picture of the situation and acknowledged that things had not been clear enough to him earlier. When I pointed out that everything had already been explained in my previous complaints, he told me that even reviewing those previous complaints would require him to open a new internal case. Despite this, a written response fully denying my complaint was posted later that same day. This isn't a reflection on XXXX, who engaged in good faith, but it raises a real concern about the review process : a final denial should not have been issued the same day a representative said he needed to reopen the case to understand it. XXXX was also visibly surprised to learn that it was the same Wells Fargo customer service representative, on the XX/XX/year> call, who both assured me that paying the full balance would result in the additional late fees and interest being reimbursed, and separately told me that any fee adjustments would not be reflected until the next billing cycle. When those adjustments in fact appeared within a few hours, contradicting what I had just been told, I could no longer rely on that representative 's word. That is why I paid only the principal amount and filed a formal complaint rather than paying the full disputed balance on trust. Wells Fargo has since held the fact that I did not pay in full against me, framing it as my failure to pay rather than a reasonable response to being given inaccurate information by their own representative. My point to XXXX, and my point here, is that filing a formal complaint should not have prevented Wells Fargo from honoring a reimbursement its own representative had already promised, if anything, a formal complaint was the appropriate and expected route once that representative 's word could no longer be trusted. XXXX. Wells Fargo 's new claim directly contradicts XXXX 's written instructions Wells Fargo 's XX/XX/XXXX response states : "" We did not receive a request to close your account from XXXX or from yourself prior to the conversion. As such, the outstanding balance on the account was moved to the converted Autograph card to be serviced. '' Even taken at face value, this confirms the problem rather than resolving it. XXXX 's written instructions told customers that selecting XXXX XXXX XXXX would result in XXXX and Wells Fargo working together to close the old account "" seamlessly, '' with no separate action required from the customer. If Wells Fargo never received a closure request despite my selecting XXXX XXXX, that is a coordination failure between XXXX partnered companies, not a gap I was responsible for filling. Also Unresolved From Prior Complaints ( Recap ) Still unaddressed in either written response, and part of the basis for this complaint : * Invalid contact channel : A Wells Fargo agent gave me an email address ( XXXX ) that bounced ; I had to independently find working addresses on Wells Fargo 's own website. * Contradictory rep statements : Multiple representatives verbally acknowledged a mistake occurred ( one attributing to Wells Fargo, another XXXX ) while written responses deny any error. * Mail-only notice : Wells Fargo XXXX XXXX on physical mail to an old address despite having my current email and phone on file. Prior related cases : Wells Fargo case numbers XXXX and XXXX ; CFPB case numbers XXXX and XXXX. Attachments XXXX XXXX XXXX XXXX score history showing the drop from approximately XXXX to XXXX between XXXX and XX/XX/year>.",Problem with a company's investigation into an existing problem,Credit card,General-purpose credit card or charge card,Investigation took more than 30 days,WELLS FARGO & COMPANY,2026-07-08T18:22:26.000Z,NY,10036,Closed with explanation,Web
24241224,"This is an urgent follow-up and escalation regarding a catastrophic closing error on my VA loan . Guild Mortgage previously acknowledged my first complaint regarding their failure to pay my first-year homeowner 's insurance premium from my {$1400.00} closing allocation, which caused my XXXX policy to be canceled for non-payment back on XX/XX/year>. XXXX Mortgage stated they would take up to 30 days to investigate. Meanwhile, instead of pausing automated actions while they investigate their own mistake, Guild Mortgage 's Insurance Service Center in XXXX, Ohio, just issued an aggressive notice threatening to force-place highly expensive hazard insurance on my property. As a XXXX, I am being actively penalized and financially threatened by my lender for an administrative failure that Guild Mortgage committed at the closing table. They left my home completely uninsured, and they are now using automated scare tactics to force a more expensive, inferior policy onto my account. I am demanding that Guild Mortgage 's executive compliance team immediately halt all force-placed insurance actions, issue an emergency escrow advance to pay XXXX and resolve this closing shortage today.",Trouble during payment process,Mortgage,VA mortgage,"Escrow, taxes, or insurance",Guild Holdings Company,2026-07-15T21:43:43.000Z,SC,29803,Closed with explanation,Web
24710617,On XXXX the XXXX I received a validation letter stating they are trying to collect a debt they gave me until XX/XX/XXXX to ask for validation and to dispute the debt. I requested the company using my rights under federal law on XX/XX/XXXX for verification of the debt and never received any information after that first communication. They reported this debt that I was never verified to be mine. Plus never put that is being disputed due to not having any information if it even belongs to me,Written notification about debt,Debt collection,I do not know,Didn't receive enough information to verify debt,Everest Receivable Services Inc.,2026-07-29T05:09:43.000Z,ID,83201,Closed with explanation,Web
24524886,"I am filing a formal regulatory complaint against debt collector CB1, Inc. for severe statutory violations of the Fair Debt Collection Practices Act ( FDCPA ), XXXX XXXX. XXXX, and state consumer protection laws. On XX/XX/year>, I sent a timely, written Debt Validation Request to CB1 via XXXX XXXX Mail. Official postal records and a signed domestic return card prove CB1 accepted my dispute, and a postal postmark establishes it was processed at their local Billings distribution hub on XX/XX/year>. Under XXXX XXXX. XXXX ( b ), a debt collector must cease all collection efforts and litigation activities upon receipt of a consumer 's written dispute until the debt collector mails verification to the consumer. Rather than honoring this mandatory federal freeze, CB1s legal counsel signed a civil lawsuit complaint against me on XX/XX/year>, and actively filed it in court on XX/XX/year>. CB1 did not mail out my debt verification response packet until XX/XX/XXXX, XXXX full weeks after initiating active litigation. Furthermore, CB1 has utilized fraudulent, back-dated, and chronologically impossible billing documentation to sue me for an inflated principal balance of {$290.00} on a clinic account where the original creditor 's own ledger explicitly shows internal adjustments reduced my patient responsibility line to {$0.00}. CB1 has also initiated illegal collection actions and a lawsuit on a separate hospital account that was fully covered by my active XXXX of Montana ACA XXXX XXXX on the date of service, which is legally uncollectible under state billing regulations. I request a formal administrative investigation into CB1s deceptive litigation timelines, billing ledger integrity, and debt collection licensing status in the XXXX of Montana.",False statements or representation,Debt collection,Medical debt,Attempted to collect wrong amount,"CB1, Inc.",2026-07-23T16:42:01.000Z,MT,594XX,Closed with explanation,Web
24463785,"To Whom It May Concern : I am writing to dispute the alleged debt referenced by your company and to request validation of this debt pursuant to the Fair Debt Collection Practices Act ( FDCPA ), 15 U.S.C. 1692g. This letter is not an acknowledgment of liability, nor is it a promise to pay. I dispute this alleged debt in its entirety and request that you provide sufficient documentation demonstrating that I have a legal obligation to pay and that your company has the legal authority to collect. Please provide the following information and documentation : 1. The name and address of the original creditor. 2. The amount of the alleged debt, including an itemized accounting showing : * The original principal balance; * Interest ; * Late fees ; * Collection fees; * Any other charges added to the account ; and * An explanation of how the current balance was calculated. 3. Documentation showing the chain of assignment or ownership of the alleged debt from the original creditor to your company, if the debt has been sold or assigned. 4. A copy of the original account agreement, contract, promissory note, or other documentation supporting the existence of the alleged obligation, if available. 5. The date the account was opened, the date of default, and the date of the last payment, if any. 6. The name of the current creditor to whom the debt is allegedly owed. 7. Documentation demonstrating that your company has the legal authority to collect this debt. 8. The applicable licensing information required to collect debts in my state, if such licensing is required. Until you provide the information necessary to validate this debt as required by 15 U.S.C. 1692g, I request that you suspend collection efforts to the extent required by applicable law. If you are reporting this account to any consumer reporting agency, you are reminded of your duty to report information accurately under the Fair Credit Reporting Act ( FCRA ), 15 U.S.C. 1681s-2. If you can not substantiate the information you are reporting, you should take appropriate steps to correct or remove any inaccurate or unverifiable reporting. Please provide your response in writing. Thank you for your prompt attention to this matter. Sincerely, XXXX XXXX",False statements or representation,Debt collection,I do not know,Attempted to collect wrong amount,"Ability Recovery Services, LLC",2026-07-22T08:21:18.000Z,IL,60636,Closed with explanation,Web
24004558,"I am filing this complaint against Wells Fargo for an egregious violation of the Fair Credit Reporting Act ( FCRA ) and CARES Act credit reporting protections. Wells Fargo has inaccurately reported my closed mortgage account with severe, contradictory derogatory status remarks, destroying my credit rating as a direct penalty for paying my loan off in full.The chronological facts of my account are as follows : Approved Forbearance : I was placed into an approved, contractually agreed-upon forbearance program with Wells Fargo.Transition Period : Prior to the payoff, the forbearance was in the process of being transitioned into a loan modification, which Wells Fargo indicates was to be effective as of XXXX XXXXFull Account Payoff : On XX/XX/year>, instead of executing the modification, I exercised my legal right to pay off the entire mortgage balance. Wells Fargo officially confirmed that my full payoff payment was received on XX/XX/XXXX, XXXX.Wells Fargo officially updated my account status to "" Paid in Full '' with a {$0.00} balance.Because I chose to pay off the mortgage entirely rather than completing the modification. Wells Fargo, logged me as "" XXXX days late '' for XX/XX/year> and "" XXXX days late '' for XXXX XXXX XX/XX/year> Reporting : The credit report shows me as "" XXXX days late '' for XXXX XXXX exact month Wells Fargo XXXX XXXX my 100 % full payoff wire.Impossible XX/XX/year> Reporting : Even more egregious, the report marks me as "" XXXX days late '' in XX/XX/year>, an entire month after the account was contractually closed, terminated, and held a {$0.00} balance. A consumer can not be legally past due on a closed account with no active balance, no payment obligations, and a {$0.00} outstanding debt.Forbearance Misreporting : Under the FCRA/CARES Act, a servicer can not retroactively report an account as delinquent for months spent in an approved forbearance status.I have contacted Wells Fargo directly to resolve this internal system failure, and they have refused to correct it, falsely claiming their inaccurate automated reporting is correct. Both their written letter and their electronic credit bureau data stand as absolute proof of their data corruption.Requested Resolution : I request that the CFPB compel Wells Fargo to immediately update all credit reporting bureaus ( Equifax, Experian, and TransUnion ) to completely delete the "" XXXX days late '' derogatory electronic remarks, remove all retroactive delinquencies during my forbearance period, and accurately report the historical status as "" Current/Paid in Full '' with a {$0.00} balance.",Problem with a company's investigation into an existing problem,Mortgage,Conventional home mortgage,Their investigation did not fix an error on your report,WELLS FARGO & COMPANY,2026-07-08T22:07:38.000Z,NJ,08854,Closed with explanation,Web
24520613,"Debt is not mine. Account is tied to a family member. They have all the information of that family member, but are reporting the collection to my social when the orignal account was made in my family members social.",Attempts to collect debt not owed,Debt collection,Telecommunications debt,Debt is not yours,"Eastern Account Systems of Connecticut, Inc.",2026-07-23T15:24:16.000Z,GA,30213,Closed with explanation,Web
24727464,"On XX/XX/year>, I sent XXXX a written dispute regarding accounts on my credit file, including XXXX Wells Fargo Card Services accounts ( XXXX and XXXX ) and a Capital XXXX account ( XXXX ). I also requested a description of the procedures used to verify the accounts. On XX/XX/year>XXXX XXXX sent me its investigation results ( File # XXXX ). The results are headed "" INVESTIGATION RESULTS- DISPUTED INFORMATION UPDATED : A change was made to the item ( XXXX ) based on your dispute. '' That is a written admission that the information previously reported on my file was inaccurate or incomplete, in violation of the FCRA 's maximum possible accuracy requirement ( XXXX XXXX. XXXX ( b ) ). For Wells Fargo account XXXX, XXXX updated the Date Updated and the Rating the rating history itself had to be corrected. For Wells Fargo account XXXX, XXXX updated XXXX separate fields : Date Updated, Pay Status, Maximum Delinquency, and Rating. An account that requires XXXX corrections was not being reported accurately. This same Wells Fargo XXXX was also being corrected at the other bureaus : XXXX admitted in writing on XX/XX/year> that the information "" should be updated '' and changed the charge-off amount from {$0.00} to {$990.00}, while XXXX reported XXXX "" Verified and Updated. '' The same furnisher 's data can not be accurate in XXXX different versions. In addition, XXXX 's results did not address the XXXX XXXX account XXXX that was included in my dispute, which is a failure to reinvestigate under XXXX XXXX. XXXX ( a ) ( XXXX ) ( A ). That same account 's data was simultaneously being modified by XXXX and XXXX in their XX/XX/year> results while being declared "" verified. '' XXXX 's results letter states that I XXXX contact XXXX to receive the description of the procedures used to investigate my dispute. I requested this in my XX/XX/XXXX dispute and never received it, as required by XXXX XXXX. XXXX ( a ) ( XXXX ) ( B ) ( iii ) and ( a ) ( XXXX ). I am also sending XXXX a second written dispute by certified mail demanding the description of the verification procedure required by XXXX XXXX. XXXX ( a ) ( XXXX ).",Problem with a company's investigation into an existing problem,Credit reporting or other personal consumer reports,Credit reporting,Their investigation did not fix an error on your report,WELLS FARGO & COMPANY,2026-07-29T16:08:26.000Z,PA,19604,Closed with explanation,Web
24507566,"b'I am XXXX XXXX, and Im submitting this complaint myself and there is no third party involved. I attached letters to let you know more in detail about what they are reporting in my credit report. I am demanding that Transunion block the following fraudulent accounts, collections, and inquiries from my consumer credit report within XXXX business days: XXXX XXXX XXXX XXXX XXXX XXXX XXXX XXXX XXXX XXXX XXXX XXXX XXXX XXXX XXXX XXXX XXXX XXXX XXXX XXXX XXXX XXXX XXXX XXXX XXXX XXXX XXXX XXXX XXXXnThese accounts are the result of identity theft and fraud and are supported by FTC Identity Theft Complaint. Personal Identifying details such as ID, Proof of Address and Proof of SSN has been attached. This is sufficient according to FCRA 605B. Be advised: if you stall and ask for additional documents outside of what is needed according to FCRA 605B, I will pursue legal action. If you delay beyond 4 days, I will pursue legal action. If you contact creditors before blocking, I will pursue legal action. If you misclassify this as a 30-day dispute or add dispute remarks, I will pursue legal action. If you ignore or disregard this request, I will pursue legal action.'",Improper use of your report,Credit reporting or other personal consumer reports,Credit reporting,Reporting company used your report improperly,"TRANSUNION INTERMEDIATE HOLDINGS, INC.",2026-07-23T05:53:07.000Z,IL,61822,Closed with explanation,Web
24637815,"This is related to a previously submitted CFPB complaint # XXXX. The last complaint was closed before I was able to respond. Here are my questions for the servicer : 1. The interest rate dropped from 7.380 % to 6.750 %, why when the national market rate around late XX/XX/XXXX2025 was roughly 6.26.3 %.? 2. Why did my loan jump from 30 to 40 years with not much difference in the monthly payment? I'll check with assessors office and insurance 3, Why was a second modification needed on XX/XX/XXXX, when one had already occurred on XX/XX/XXXX? 4. Did Midland give me all of the options that I have via the Veteran 's Administration ( what was missed? ). Please list what options were given and which ones were missed. Can Midland provide the following : - An itemized explanation of the {$12000.00} principal increase. - The worksheet showing how the 6.75 % interest rate was calculated. - The complete amortization schedule for each modification. - All escrow analyses from XXXX through XXXX. - All internal loss-mitigation worksheets. - The documents explaining why a second modification was necessary only five months after the first.",Struggling to pay mortgage,Mortgage,VA mortgage,"Trying to communicate with the company to fix an issue related to modification, forbearance, short sale, deed-in-lieu, bankruptcy, or foreclosure",MIDFIRST BANK,2026-07-27T16:02:34.000Z,IL,602XX,Closed with explanation,Web
24639970,"Description of Incident : On Friday, XXXX XXXX, 2026, I fell victim to an aggressive phone impersonation scam where fraudsters posed as XXXX Customer Support. Through high-pressure deception, a {$6000.00} wire transfer was initiated from my Wells Fargo checking account. An automated transaction confirmation email was sent by Wells Fargo at XXXX PM while the suspect kept me trapped on the phone line under continuous manipulation. The suspect held me hostage on the call until XXXX PM. Within eight ( 8 ) minutes of disconnecting from the fraudster, at approximately XXXX PM, I successfully contacted the Wells Fargo online banking helpline to report the active fraud. At the time of my call, the {$6000.00} transfer was explicitly marked as "" Pending '' in my Wells Fargo mobile application, and I requested an emergency halt. The representative logged the issue and issued Fraud Recall Claim Number : [ XXXX ]. Despite the extreme urgency of active fraud, the wire department representative stated they could not provide me with any immediate email confirmations or digital tracking, forcing me to wait for a physical letter in the mail. I only received a letter issued on XX/XX/year>2026 stating that the receiving bank declined to reimburse. In stark contrast, when I contacted Wells Fargo 's debit card fraud department the following morning regarding related unauthorized charges, they sent me an immediate email with tracking information and successfully reversed those funds. They also told me that the wire fraud department does not work on weekends. The wire department 's complete lack of transparency and refusal to provide real-time digital documentation severely hindered my ability to track the status of my life savings. Wells Fargo recently notified me via mail that the receiving bank declined the rollback request, resulting in a permanent loss of my {$6000.00}. I am filing this complaint to compel a formal regulatory audit of Wells Fargo 's handling of this timeline. Because I notified the bank within eight ( 8 ) minutes while the funds were pending, the transfer should have been intercepted within Wells Fargo 's internal network before escaping to the Federal Reserve system. If Wells Fargo delayed transmitting the notice or failed to freeze the transaction immediately due to internal weekend staffing constraints, they failed their regulatory duty of care to protect consumer funds. I request that Wells Fargo provide a full, time-stamped audit log detailing exactly when my emergency call was connected, when the wire recall message was transmitted to the Federal Reserve network XXXX and the specific legal reason given by the receiving bank for the denial. I am seeking a full reimbursement of {$6000.00} due to systemic processing and notification delays by Wells Fargo.",Managing an account,Checking or savings account,Checking account,Problem using a debit or ATM card,WELLS FARGO & COMPANY,2026-07-27T16:46:31.000Z,TX,79424,Closed with explanation,Web
24533223,"I am filing this complaint because your company continues to report a charged off account on my consumer credit reports after charging off and selling or transferring the alleged debt to a third-party debt buyer. I dispute the accuracy and completeness of the information being reported. I have disputed this account and requested that the information be investigated and verified. However, your company continues to report the account without providing documentation demonstrating that the information being furnished is complete, accurate, and supported by your records. If the debt has been sold or assigned, I request clarification regarding the ownership of the account and an explanation of how the information you are reporting remains accurate. I believe the continued reporting of inaccurate or unverifiable information is harming my credit. Under the Fair Credit Reporting Act, furnishers have a duty to conduct a reasonable investigation when a consumer disputes information. I request that your company provide documentation supporting the account, including the payment history, charge-off records, the amount claimed to be owed, and the results of the investigation conducted after my dispute. If you can not verify the information with competent evidence, I request that the account be corrected or removed from all consumer credit reporting agencies.",Attempts to collect debt not owed,Debt collection,I do not know,Debt is not yours,NAVY FEDERAL CREDIT UNION,2026-07-23T19:35:30.000Z,FL,34208,Closed with non-monetary relief,Web
23982985,"A few days ago, I received a letter from you stating that you have ceased investigation of my credit reports because you claim I may have used a third-party credit repair agency. This assertion is irrelevant and unlawful. The Fair Credit Reporting Act ( FCRA ) does not permit a credit reporting agency to deny or delay a consumers dispute rights based on speculation about third-party involvement. Your refusal to investigate is nothing more than a stall tactic designed to improperly extend your compliance period, and it constitutes a direct violation of federal law. Despite my previous disputes, unverifiable accounts, inquiries and personal information are still reporting on my credit report causing ongoing harm, including lowered credit scores, denial of credit, and reputational damage. This conduct demonstrates willful noncompliance under 1681n, exposing the bureau to statutory and punitive damages.",Improper use of your report,Credit reporting or other personal consumer reports,Credit reporting,Reporting company used your report improperly,Experian Information Solutions Inc.,2026-07-08T15:05:03.000Z,TN,37211,Closed with explanation,Web
23990773,"I have been attempting to work with Rocket Mortgage to obtain a loan modification for my property located at XXXX XXXX XXXX XXXX XXXX XXXX, MD XXXX. I have been behind on my mortgage payments due to a loss of income and have been diligently trying to find a sustainable solution. Last couple weeks, I called Rocket Mortgage to discuss my options and to request a loan modification. The XXXX I spoke with refused to discuss a loan modification plan with me and did not follow proper procedures for loss mitigation. She repeatedly dismissed my request and would not provide me with information about available options. When I informed her that I was going to record the call to protect my rights, she then changed her approach and began discussing a loan modification plan. This suggests that she was not following proper procedures or treating me fairly until I mentioned recording the call. I have also submitted a written appeal of my modification denial, along with documentation showing my room rental income from roommates of approximately {$3000.00} per month. I am currently involved in a federal lawsuit against my XXXX insurer for wrongfully reducing my long-term XXXX benefits ( XXXX XXXX. XXXX ), which has caused my financial hardship. I also have a pending XXXX application that would provide at least {$5000.00} per month if approved. Despite my efforts and my willingness to provide documentation, Rocket Mortgage has refused to work with me in good faith and has not provided me with a reasonable path forward to keep my home. I also have serious concerns about data security and privacy. I have been targeted by scammers who obtained my non-public loan information, and I received a fraudulent communication purporting to be from Rocket Mortgage 's "" XXXX Foreclosure XXXX Department. '' This raises significant concerns about how my personal and financial information is being handled.",Struggling to pay mortgage,Mortgage,Conventional home mortgage,"Trying to communicate with the company to fix an issue related to modification, forbearance, short sale, deed-in-lieu, bankruptcy, or foreclosure","Rocket Mortgage, LLC",2026-07-08T17:50:01.000Z,VA,201XX,Closed with explanation,Web
24488794,"I received a Total Loss Statement from Hyundai Motor Finance dated XX/XX/year>, which reflected an Insurance Deficiency balance of {$1600.00} ( Account # XXXX ). My lease agreement contains a XXXX XXXX XXXX provision. In addition, Hyundai Motor Finance 's Final Total Loss Statement expressly states : "" A XXXX Liability Waiver is standard on all Hyundai Motor Finance leases. '' I do not understand why the {$1600.00} XXXX XXXX remains my responsibility, so I sent Hyundai Motor Finance a letter via mail and fax, and requested a written explanation. In my letter, I also disputed the responsibility for the {$1600.00} Insurance Deficiency unless and until Hyundai Motor Finance provides a written statement, along with supporting documentation, identifying the specific lease provision that makes me responsible for that amount and explaining why it was not waived under the XXXX Liability Waiver applicable to my lease. The vehicle was delivered new and was in my possession for approximately XXXX months before the total loss occurred. To the best of my knowledge, there was no prior damage, excess mileage, rebate recapture, unpaid lease payments, or other lease-end adjustment that would fall within the exclusions referenced in the final statement. Accordingly, I requested the following in writing : 1. Confirmation whether the XXXX XXXX XXXX was applied to my account. 2. Identification of the specific lease provision relied upon in determining that the {$1600.00} XXXX XXXX remains my responsibility. 3. A written explanation of why the XXXX XXXX amount was not waived. 4. A breakdown of the total loss settlement calculation, including any amount waived under the XXXX Liability Waiver. As a result of my actions, Hyundai Motor Finance assigned a case manager to this matter, who contacted me by phone and promised a follow-up. However, instead of providing the requested written explanation, they sent me a second notice, dated XX/XX/year>, demanding payment of the alleged outstanding balance of {$1600.00} within XXXX days, without any supporting breakdown or explanation. Because of this, I contacted their collections department, and they told me they could not, and would not, provide any written explanation. They only offered a verbal explanation over the phone, which I found neither clear nor easy to understand. Account No : XXXX Vehicle : XXXX XXXXXXXX XXXX XXXX XXXX XXXX XXXX : XXXX",Written notification about debt,Debt collection,Auto debt,Didn't receive enough information to verify debt,HYUNDAI CAPITAL AMERICA,2026-07-22T19:37:05.000Z,TX,77077,Closed with explanation,Web
24232795,"I just applied for a credit card and was shocked to learn that I had been denied credit. When I pulled my credit report, I found some of the information very confusing. I want to make sure that everything is accurate, therefore I want you to look into it for me. I am the primary consumer of the complaint and there is no third party involved. This complaint was not submitted in error. Attached you will also find my ID as proof of my identity, Proof of Address, and SS Card.",Incorrect information on your report,Credit reporting or other personal consumer reports,Credit reporting,Account information incorrect,"TRANSUNION INTERMEDIATE HOLDINGS, INC.",2026-07-15T18:58:57.000Z,TX,77045,Closed with non-monetary relief,Web
24532811,When they first reached out they threatened me with legal action if I hung up the phone or if my phone lost service. I worked out what they wanted and asked to be emailed paperwork and recipts and never got them. I then waited a month and called them back about the emails. They keep telling me they send them but I never receive and communication via email. Ive asked at least XXXX times now. Then have also called me while I was at work. I was explaining that I would need to call them back when I went to break. They then threatened me with legal action again even though I told the lady XXXX times I was at work and I would call back. Im tired of being threatened everytime they call and im tired of never having my emails I request sent to me. Ive been paying for a year now and my amount has not seemed to lower either.,Took or threatened to take negative or legal action,Debt collection,Payday loan debt,Threatened to arrest you or take you to jail if you do not pay,"Nationwide Capital Services, LLC",2026-07-23T19:32:33.000Z,OH,439XX,Closed with explanation,Web
24361997,Responding to NewRez 's Reply dated XX/XX/2026 to CFPB # XXXX NewRez 's XXXX Department XXXX XXXX of events are inaccurate and therefore misleading. THESE ARE THE ISSUES UNRESOLVED Sufficiency of the current Flood coverage under the Comprehensive Hazard Policy Misleading a government agency through inaccurate information Financial Exploitation that constitutes Elder Abuse under state and federal laws,Trouble during payment process,Mortgage,Conventional home mortgage,Payment process,"Shellpoint Partners, LLC",2026-07-19T17:43:33.000Z,OR,974XX,Closed with explanation,Web
24698814,"Complainant : XXXX XXXX XXXX XXXX XXXX I.C. System, Inc. XXXX XXXX XXXXXXXX XXXX XXXX, MN XXXX Account Balance Reported : {$270.00} Complaint I am filing this complaint against I.C. System, Inc. regarding its collection and reporting of an alleged debt that has been reported to XXXX as a collection account. On or about XX/XX/year>, I.C. System reported a collection account with a balance of {$270.00}, causing a major derogatory mark on my credit report. My concerns are as follows : Lack of Proper Notice I did not receive adequate written notice before this account was reported to the credit bureaus. I was not provided a meaningful opportunity to resolve or dispute the alleged debt before it was placed in collections. Failure to Validate the Debt I dispute the validity of this alleged debt. I.C. System has not provided sufficient documentation proving : that I owe the debt, the amount is accurate, and that they have the legal authority to collect it. Damage to My Credit Reporting this account has negatively impacted my credit score and my financial standing. As someone actively rebuilding my credit and maintaining my financial obligations, this reporting has caused significant harm. Potential Violations I believe I.C. System may have violated provisions of the Fair Debt Collection Practices Act ( FDCPA ) and the Fair Credit Reporting Act ( FCRA ), including failing to properly validate the debt before reporting it and furnishing disputed or inaccurate information to the credit bureaus. Requested Resolution I respectfully request that the appropriate agency investigate this matter and require I.C. System to : Provide complete validation of the alleged debt. Provide documentation proving their authority to collect. Verify the accuracy of all information furnished to the credit bureaus. Remove any inaccurate or unverifiable information from my credit reports. Cease any further collection activity until the debt has been properly validated. Correct any violations of the FDCPA and FCRA discovered during the investigation. I appreciate your prompt attention to this matter. Sincerely, XXXX XXXX",Written notification about debt,Debt collection,Telecommunications debt,Didn't receive enough information to verify debt,"I.C. System, Inc.",2026-07-28T22:31:37.000Z,NJ,07305,Closed with explanation,Web
24425326,"I am submitting this complaint because the consumer reporting agency continues to report disputed information on my consumer file without providing competent, verifiable evidence demonstrating that the information is accurate, complete, and supported by reliable underlying documentation. Despite my prior disputes, the agency has continued to verify the disputed information without conducting a reasonable reinvestigation or adequately explaining the procedures used to determine its accuracy. To date, I have not received competent documentary evidence establishing the ownership of the account, the accuracy of the reported balance, payment history, account status, dates of delinquency, payment posting records, or any other account-level documentation sufficient to substantiate the continued reporting of the disputed information. These deficiencies raise significant concerns regarding the agency 's compliance with its obligations under the XXXX XXXX XXXX XXXX XXXX XXXX XXXX including its duty to maintain reasonable procedures to assure the maximum possible accuracy of consumer information and to conduct a reasonable reinvestigation of disputed information. Moreover, the manner in which the disputed information is being reported appears inconsistent with generally accepted industry reporting practices, including the XXXX XXXX XXXX XXXX 's ( XXXX ) XXXX XXXX XXXX XXXX XXXX XXXX, suggesting that the information may be inaccurate, incomplete, or misleading. Because the consumer reporting agency continues to report disputed information without producing competent documentary evidence sufficient to establish its accuracy, completeness, and legal reportability, I respectfully request the CFPB 's assistance in requiring the agency to comply fully with the XXXX XXXX XXXX XXXX and to correct or permanently delete any information that can not be substantiated through a reasonable reinvestigation supported by competent documentary evidence.",Incorrect information on your report,Credit reporting or other personal consumer reports,Credit reporting,Account status incorrect,"TRANSUNION INTERMEDIATE HOLDINGS, INC.",2026-07-21T14:15:11.000Z,TN,37129,Closed with non-monetary relief,Web
24528862,"I received a collection notice from Credit Collection Services regarding an alleged New Jersey XXXX debt totaling {$52.00}. I dispute this alleged debt and have requested validation under the Fair Debt Collection Practices Act. The collection notice does not provide sufficient evidence establishing that I owe the debt, how the balance was calculated, or documentation demonstrating the collector 's legal authority to collect. I requested documentation identifying the original toll transactions, copies of the violation notices, proof that I am legally responsible, a complete accounting of the balance, and documentation authorizing CCS to collect on behalf of New Jersey XXXX If the company has furnished information regarding this account to any consumer reporting agency, I dispute the accuracy and completeness of that reporting under the Fair Credit Reporting Act. I request that the CFPB require Credit Collection Services to comply with the FDCPA and FCRA by providing proper validation, correcting any inaccurate reporting, and ceasing collection activity until validation requirements have been satisfied.",Written notification about debt,Debt collection,Other debt,Didn't receive notice of right to dispute,"CCS Financial Services, Inc.",2026-07-23T18:16:24.000Z,NY,11553,Closed with explanation,Web
24241007,"I recently received a debt collection notice from your office. I am writing to verify that you have contacted the correct individual and to request that you provide documentation confirming this. Please supply me with a copy of any contract or agreement signed with your company or the original creditor. In accordance with the Fair Debt Collection Practices Act ( FDCPA ), I request the following information : 1. The name and address of the original creditor and the current creditor. 2. Verification of the debt amount you are seeking to collect, including evidence that a contract exists creating the amount you claim is owed. 3. Documentation of all assignments showing the transfer of the debt from the original creditor to the current creditor. 4. Proof that the original creditor securitized the debt. 5. Documentation showing the assignments of the debt from the original creditor to the secured trust and then back to the original creditor. Please cease and desist from collecting on this debt until you have provided validation of the debt. Additionally, I request that you do not access my credit report or report anything to my credit bureaus. I dispute the validity of this debt amount, and this dispute should be reflected on my credit report if you have already reported this debt. Permissible Purpose Please state your permissible purpose for accessing my credit information. I dispute your right to do so. Notification to Other Collectors I dispute that I owe this debt to you. Should you transfer this debt to another collector, please inform them of my dispute regarding the validity of this debt. Thank you for your prompt attention to this",False statements or representation,Debt collection,I do not know,Attempted to collect wrong amount,"ProCollect, Inc.",2026-07-15T21:41:56.000Z,TX,77095,Closed with explanation,Web
24473030,"In XXXX I had a XXXX yr modification for my mortgage with XXXX XXXX. They broke it into XXXX loans, loan A and loan b. Loan A was the mortgage. Loan B was for {$25000.00} for interest arrears from XXXX to XXXX, {$4100.00} was for escrow shortage and the {$8800.00} was the original amount for loan B in XXXX. The full amount for loan b in the beginning of the XXXX year modification XXXX was {$38000.00} There were payments made in XXXX for {$25000.00} and a payment made of {$4100.00} to go towards loan b. They put the payment of {$25.00}, XXXX straight to interest but did not take it off of loan B, which is double counting. XXXX XXXX XXXX sold loan A and Loan B to an aggressive debt collection agency, Amos financial. They sold Loan b for the full amount {$38000.00} Which put me into foreclosure! In XXXX XXXX Amos modified a mortgage for me that was way out of my income and the only way I could afford the mortgage was to do a XXXX XXXX, and I was current on all my bills besides the mortgage But that was the only way I could afford the mortgage. XXXX sold Amos a XXXX loan and Ive told XXXX that it wasnt valid, but they listened to XXXX XXXX. I wan na mention XXXX XXXX XXXX XXXX woman on her own trying my hardest to make my monthly payments and they are made every month but they are more than half my income and these money sucking people do not care about whats right and Legal",False statements or representation,Debt collection,Mortgage debt,Attempted to collect wrong amount,Amos Financial LLC,2026-07-22T14:28:04.000Z,IL,604XX,Closed with explanation,Web
24679379,"I am addressing the issue with regarding the noncompliance. This is a violation of my privacy with my consumer report, since I control what is listed and As per the Fair Credit Reporting Act, particularly under 15 U.S.C. 1681n, there exists statutory civil liability for willful noncompliance. This provision stipulates that any person who willfully fails to comply with consumer protection requirements may be liable to the affected consumer for damages, including potential punitive measures and reimbursement of legal costs. This underscores the importance of addressing and rectifying this matter promptly and responsibly.",Incorrect information on your report,Credit reporting or other personal consumer reports,Credit reporting,Account status incorrect,"TRANSUNION INTERMEDIATE HOLDINGS, INC.",2026-07-28T03:00:04.000Z,GA,310XX,Closed with non-monetary relief,Web
24436766,"On XX/XX/year>, I booked a multi-carrier itinerary through XXXX ( a third-party travel booking platform ) to travel from XXXXXXXX XXXX XXXX XXXX XXXX via XXXX, and then from XXXX to XXXX, XXXX via XXXX. My total original booking through XXXX was {$460.00}, which included a baggage fee of XXXX XXXX. My XXXX flight departed XXXX XXXX on XX/XX/year> but was significantly delayed, causing me to miss my connecting XXXX flight from XXXX to XXXX entirely. I was stranded in XXXX through no fault of my own and received no rebooking assistance, no accommodation, and no compensation from either airline or XXXX As a result of this involuntary disruption, I was forced to purchase a completely new replacement ticket, including a new pet-in-cabin fee and baggage fee, totaling {$740.00} out of pocket. I also incurred {$65.00} in food expenses while stranded. I had additionally paid XXXX {$150.00} for a pet-in-cabin fee on the original flight, which was never used and never refunded. My total losses are as follows : Original XXXX booking : {$460.00} Baggage fee paid through XXXX XXXX XXXX XXXX ( approximately {$100.00} ) XXXX XXXX fee ( unused ) : {$150.00} Replacement ticket, pet fee, and baggage : {$740.00} Food while stranded : {$65.00} Total : approximately {$1500.00} I submitted a refund request through XXXXXXXX XXXX app. XXXX denied my request, claiming services were rendered. This is factually inaccurate I only received partial service. I paid for a complete itinerary from XXXX XXXX to XXXX, XXXX. I did not reach my final destination on the original booking. XXXX confirmed to Navy Federal investigators that I did not board my flight this is consistent with my account. I did not voluntarily cancel. I was a no-show because XXXXXXXX XXXX delay made it physically impossible to reach the gate. Navy Federal has denied my dispute, citing that I missed my flight. However, this mischaracterizes the situation. A no-show caused by a carrier delay is not a voluntary cancellation. I paid for services that were not fully rendered due to circumstances entirely outside my control. I am requesting the CFPB investigate both Navy Federal 's denial of my valid dispute and the conduct of XXXX and XXXX in refusing to compensate me for an involuntary disruption. I am a working-class consumer who can not absorb over {$1500.00} in losses caused by a billion-dollar airline 's operational failure.",Problem with a purchase shown on your statement,Credit card,General-purpose credit card or charge card,Credit card company isn't resolving a dispute about a purchase on your statement,NAVY FEDERAL CREDIT UNION,2026-07-21T18:13:35.000Z,VA,23220,Closed with explanation,Web
24387526,"b'I am XXXX XXXX , and Im submitting this complaint myself and there is no XXXX party involved. I attached letters to let you know more in detail about what they are reporting in my credit report. I am demanding that Transunion block the following fraudulent accounts, collections, and inquiries from my consumer credit report within XXXX business days: SXXXX XXXX XXXX XXXX XXXX XXXX XXXX XXXX XXXX XXXX XXXXnThese accounts are the result of identity theft and fraud and are supported by FTC Identity Theft Complaint. Personal Identifying details such as ID, Proof of Address and Proof of SSN has been attached. This is sufficient according to FCRA 605B. Be advised: if you stall and ask for additional documents outside of what is needed according to FCRA 605B, I will pursue legal action. If you delay beyond 4 days, I will pursue legal action. If you contact creditors before blocking, I will pursue legal action. If you misclassify this as a XXXX-day dispute or add dispute remarks, I will pursue legal action. If you ignore or disregard this request, I will pursue legal action.'",Improper use of your report,Credit reporting or other personal consumer reports,Credit reporting,Reporting company used your report improperly,"TRANSUNION INTERMEDIATE HOLDINGS, INC.",2026-07-20T18:01:44.000Z,TX,779XX,Closed with explanation,Web
24253223,"A short story about a house I bought last year. I couldnt afford the payments, so I requested forbearance for a couple of months. XXXX XXXX They agreed to give me a trial period of three months. After that, they sold the house to another company called Loan Care. Now, Loan Care claims they cant help me because I should have made regular payments. Theyre doing this without my knowledge. Im lost and dont want to lose my home. They wont help me, even though I tried asking for a bit more time. Why would they want to set my mortgage assistance?",Struggling to pay mortgage,Mortgage,FHA mortgage,"Trying to communicate with the company to fix an issue related to modification, forbearance, short sale, deed-in-lieu, bankruptcy, or foreclosure","LoanCare, LLC",2026-07-16T04:41:53.000Z,AZ,85353,Closed with explanation,Web
24638466,Am unaware of the debt. Never opened accounts that are being disputed.,Attempts to collect debt not owed,Debt collection,I do not know,Debt was result of identity theft,"I.C. System, Inc.",2026-07-27T16:22:50.000Z,IN,46307,Closed with explanation,Web
24744161,"I was laid off from my job in XXXX of 2025. We had just completed a mortgage revision on our house with the same lender. Shellpoint/New Rez. We made the XXXX and XXXX payment. I notified them in XXXX I could not make my payment due to being laid off and asked for options. They told me that they could not offer any options until we were at least XXXX payments behind. In XXXX they gave me a forbearance through XXXX. In XXXX I requested an extension through XXXX. Now we are in XXXX, I FINALLY have a job beginning XX/XX/XXXX. I called to request extension through XXXX and that in XXXX we will to be able to begin making payments in Full again, I asked for assistance with the money in forbearance as we can not pay it. I was contacted today and the lady from the loss mitigation group at New Rez was very rude. Stated that because we had not made at least XXXX payments, out only option is pay the XXXX in forbearance or they will foreclose on our house. I contacted HUD and was advised of the waterfall options to include Loan Modification, Partial Claim, Payment Supplement, or a combination of any of those. My understanding is that each case is judged independently and not by an abstract 4 month rule. I have also contacted a HUD XXXX to work with me in resolving this and finding a resolution so we can keep our home since we can make the payments moving forward. The rudeness displayed by the mortgage company along with my belief they have not followed all fo the waterfall options in FHA to try and scare me into paying them XXXX or lose my home. The threat is disgusting.",Struggling to pay mortgage,Mortgage,FHA mortgage,"Applying for or obtaining a modification, forbearance plan, short sale, or deed-in-lieu","Shellpoint Partners, LLC",2026-07-29T21:33:21.000Z,FL,34638,Closed with explanation,Web
24444206,"I am filing this complaint regarding a XXXX XXXX Account # XXXX that I disconnected in XX/XX/year>. I am requesting a review of my account due to multiple inconsistencies with the balance, account information, and reporting of this debt. When I disconnected my XXXX XXXX, I received a final bill showing a balance of {$1000.00} After switching to XXXX XXXX XXXX and receiving a device payoff credit, I made a payment of {$390.00} toward the XXXX balance. After this payment, I expected the remaining balance to be approximately {$650.00}. However, the balance associated with this account has changed multiple times without a clear explanation or documentation supporting the increases. The discrepancies I have identified include : * My credit report initially showed a balance of approximately {$650.00}, which appeared consistent with my final XXXX bill after my {$390.00} payment was applied. * At a later date, the balance reported on my credit report was updated to a higher amount that included additional fees or charges. * I received an email from the collection agency in XXXX showing a different balance than what had previously been reported. * The current amount being collected appears to be higher than the original remaining balance, but I have not received an itemized explanation of how the additional amounts were calculated. Additionally, I noticed that the account information contains an incorrect apartment number associated with my XXXX account. I am requesting verification that the account information, including the service address, was accurately maintained when the account was billed, transferred to collections, and reported to the credit bureaus. I am requesting the following : 1. A complete itemized accounting of the account from the date my XXXX XXXX was disconnected through the present. 2. Documentation showing how the balance changed after my final bill was issued and after my {$390.00} payment was applied. 3. A detailed explanation of any additional fees, charges, interest, adjustments, credits, or other amounts added to the account. 4. Documentation showing the dates and amounts reported to each credit reporting agency. 5. Verification that the current balance being collected is accurate and supported by XXXX records. 6. Confirmation and correction of any inaccurate account information, including the incorrect apartment number. 7. Correction of any inaccurate information reported to the credit bureaus if the balance or account information can not be verified. I am not disputing that I had a XXXX account or that there may have been a remaining balance after disconnecting service. I am requesting transparency and documentation because the amounts reported by XXXX, the collection agency, and the credit reporting agencies have not been consistent. I have attached supporting documentation, including my final XXXX bill showing the {$1000.00} balance, proof of my {$390.00} payment, the collection agency email from XXXX showing a different balance, and documentation showing the different balances reported on my credit report. I am requesting a complete review and correction of this account so that the information being reported and collected accurately reflects what is owed.",Written notification about debt,Debt collection,Telecommunications debt,Didn't receive enough information to verify debt,"Credit Control, LLC",2026-07-21T20:53:09.000Z,TX,76114,Closed with explanation,Web
24117434,"I had to file bankruptcy due to loss of job because of declined health. The only thing i was able to save was my home. The first month XXXX, that i was able to use homeloan serv portal to make a payment i paid it early before the XXXX. I didnt know i couldnt pay before the XXXX. They denied my payment sent it back and by the time i paid it was late. XXXX comes along i log in and my payment is highed wont let me change the amount. I tried calling XXXX XXXX never got a hold of anyone. XX/XX/XXXX I logged in to make a payment and i am locked out of the XXXX mortgage. I called to make my payment and was told they wont accept my payment because i am late and i am in forclourse. They want me to come up with XXXX by XX/XX/XXXX when i wasnt late XXXX months only XXXX days late, due to errors on their side. My bankruptcy should have covered the debt and i should be held liable for their errors at homeloan serv. I have my payment of {$1400.00}.",Struggling to pay mortgage,Mortgage,FHA mortgage,"Trying to communicate with the company to fix an issue related to modification, forbearance, short sale, deed-in-lieu, bankruptcy, or foreclosure",Idaho Housing And Finance Association,2026-07-12T15:15:35.000Z,ID,832XX,Closed with explanation,Web
24693563,"I opened a dispute and I should be the one to say when it is closed not the company I am complaining about. Citi bank did not resolve the issue why are you letting them close the complaint. I have a detailed spreadsheet proving my point. Best buy shows my refund but Citi bank continues to bill me. I suspect fowl play here. The attached Excel spreadsheet has 7 tabs, start with the summary tab, then def charges and then def charges details and then look at each year",Problem with a purchase shown on your statement,Credit card,Store credit card,Card was charged for something you did not purchase with the card,"CITIBANK, N.A.",2026-07-28T19:11:13.000Z,AZ,85248,Closed with non-monetary relief,Web
24611949,"This has become an ongoing problem. BOA is not allowing me to make gas purchases, food purchases, or household necessity purchases after a certain time. I am a grown adult if I need to purchase gas, medicine, household necessities, or food with my funds in my checking account using my debit card after midnight that is my right. Bank of America claims they are doing this for security reasons. Even after I receive their text to verify that I authorize the purchase and I respond yes they still continue to decline my purchases or ATM withdrawals. This issue has been ongoing for years and it continues to go on today. I have brought this batter to the banks attention over and over and they continue to subject me to this control, discrimination, public embarrassment and are placing me in an unsafe and dangerous situation when they deny my gas purchase. They have denied me the right to buy food for my family and denied my family the right to attend certain events by refusing to allow me to withdraw funds from my ATM in the issue as well. At this point it seems the only way to resolve this situation is to file litigation for these unfair denials which I feel are discriminatory, deceptive, embarrassing, and retaliatory for previous complaints. This entire situation has caused stress, fear, anxiety, anguish, and emotional and physical stress to my entire family. I have all dates and times and it has become an ongoing pattern. I feel Bank of America thinks my funds belong to them and they are rationing my own funds to me. They are also controlling how, when, where, and what time I can spend my money. This is so unfair. This is no longer a customer service issue. This has now become a violation of civil rights issue. They have been asked via phone on several occasions to Cease and Desist the unfair, discriminatory, and deceptive retaliatory behavior. I have all dates and times dating back as far as XXXX. Today XX/XX/XXXX they declined my purchase at XXXX and the list goes on. I have attached screenshots of some, not all decline purchases for review. If they are doing a fraud check ; why are they still declining my purchases a second and third time after I verify authorization via phone and text?????????",Managing an account,Checking or savings account,Checking account,Problem using a debit or ATM card,"BANK OF AMERICA, NATIONAL ASSOCIATION",2026-07-26T04:50:57.000Z,FL,33029,Closed with explanation,Web
24151599,"I am formally disputing this alleged debt. I do not acknowledge responsibility for this account because I never lived at the apartment associated with this claim and I believe this account is the result of fraud or inaccurate reporting. Your handling and reporting of this alleged debt has violated my rights under the Fair Debt Collection Practices Act ( FDCPA ), including but not limited to : 15 U.S.C. 1692c restrictions on improper communications and collection practices ; 15 U.S.C. 1692g my right to receive proper validation of the alleged debt ; 15 U.S.C. 1692e prohibition against false, deceptive, or misleading representations in connection with debt collection. I requested proper validation of this alleged debt, but I have not received sufficient proof showing that I am legally responsible for this account. I dispute the accuracy and validity of this debt and demand that you cease collection of XXXX & XXXX!!!!!",False statements or representation,Debt collection,I do not know,Attempted to collect wrong amount,"FAIR COLLECTIONS & OUTSOURCING, INC.",2026-07-13T21:28:30.000Z,TN,38305,Closed with explanation,Web
24721396,"Complaint Against Citi Bank/Best Buy Credit Card Services I am filing this complaint against Citi Bank , the issuer of my Best Buy credit card account, and Best Buy regarding their failure to properly investigate fraudulent charges, their continued attempts to collect a debt that I dispute, and their violations of federal consumer protection laws. In XXXX I discovered multiple charges on my Best Buy/Citi credit card account that I did not authorize or make. I immediately contacted both Citi Bank and Best Buy to report the charges as fraudulent. During those calls, I informed them that the transactions were unauthorized, requested that the account be closed to prevent further fraud, and asked that the charges be investigated. Despite reporting the fraud, additional charges continued to appear on the account, causing the balance to increase. XXXX of the transactions was reportedly made in the XXXX area, a location where I did not make purchases. The balance continued to grow even after I had reported the fraud and requested that the account be closed. I repeatedly requested documentation proving that I authorized these transactions. Specifically, I asked Citi Bank to provide the records supporting their claim that I was responsible for the charges, including signed sales receipts, electronic transaction records, delivery information, purchase details, merchant documentation, and any evidence showing that I authorized or benefited from the transactions. To date, they have failed to provide sufficient evidence. In fact, representatives have been unable to identify what merchandise was purchased or who received it. Citi Bank has now taken the position that I am responsible for this debt because they claim I did not report the fraud. This statement is false. I reported the fraudulent activity when I first discovered it in 2025 and requested that my account be closed. Their records should reflect my fraud reports and communications. Despite my repeated disputes, Citi Bank has continued collection efforts and has referred the account to a collection agency. I informed the collection agency that I dispute the debt and requested that they open a formal dispute. They have failed to properly address my dispute. I have also sent Citi Bank a written dispute by certified mail demanding that they produce evidence demonstrating that I authorized these transactions. I expressly reject and dispute this alleged debt because it is not mine. I believe Citi Bank and Best Buy have violated several federal consumer protection laws, including : The Fair Credit Billing Act ( FCBA ), 15 U.S.C. 1666, by failing to properly investigate my billing dispute and unauthorized charges. The Truth in Lending Act ( TILA ), 15 U.S.C. 1643, which limits a consumer 's liability for unauthorized credit card transactions when fraud is timely reported. The Fair Credit Reporting Act ( FCRA ), 15 U.S.C. 1681s-2, if inaccurate information has been furnished to consumer reporting agencies despite my disputes. The Fair Debt Collection Practices Act ( FDCPA ), 15 U.S.C. 1692 et seq., to the extent the collection agency continued collection activity without properly investigating my disputed debt, if applicable. Any applicable New York banking and consumer protection laws governing fair investigations, accurate reporting, and unlawful debt collection practices. I respectfully request that the XXXX XXXX XXXX XXXX XXXX XXXX XXXX XXXX Citi Bank 's and Best Buy 's handling of this matter and require them to : Produce competent evidence proving that I personally authorized every disputed transaction. Produce all documents relating to the fraud investigation, including call logs, investigation notes, merchant records, transaction records, and the basis for denying my fraud claim. Cease all collection activity unless and until they can legally establish that I am responsible for the debt. I also request that this complaint include the actions of the collection agency currently attempting to collect this disputed debt : Client Services XXXX XXXX XXXX XXXX XXXX XXXX XXXX XXXX XXXX XXXX Correct any inaccurate information reported to consumer reporting agencies. Remove all fraudulent charges, interest, fees, and other amounts associated with the unauthorized transactions. Confirm in writing that the disputed debt has been removed if they can not provide legally sufficient evidence that I authorized the charges. I have acted in good faith throughout this matter by promptly reporting the fraud, requesting investigations, disputing the charges both orally and in writing, and requesting documentation supporting Citi Bank 's position. Citi Bank and Best Buy have failed to provide adequate proof that this debt belongs to me while continuing to pursue collection. I respectfully request that XXXX investigate this matter and require Citi Bank and Best Buy to comply with all applicable federal and state consumer protection laws. This amount is currently {$2200.00} and client services a collections agency is now trying to settle for {$660.00}.",Problem with a purchase shown on your statement,Credit card,Store credit card,Credit card company isn't resolving a dispute about a purchase on your statement,"CITIBANK, N.A.",2026-07-29T13:32:02.000Z,IL,60103,Closed with monetary relief,Web
24151951,"This debt collector has done unjustifiable practices of the FDCPA which it prohibits. They furnished this account that we didn't agree upon and I didn't sign an agreement on. A legal contract is signed by two parties and I did not participate in any of it. they didn't follow the proper XXXX validation procedure. According to the FDCPA, Im entitled to compensation for these violations and clearly, they violated my rights and abused my privileges. I demand this account be taken off immediately. This is a very stressful situation. I feel violated.",Took or threatened to take negative or legal action,Debt collection,I do not know,Threatened or suggested your credit would be damaged,"Ability Recovery Services, LLC",2026-07-13T21:29:04.000Z,TX,77044,Closed with explanation,Web
24698510,"I am a victim of identity theft from a XXXX card port out scam. Barclays XXXX XXXX XXXX Mastercard has shown gross negligence in the following ways. 1 ) I closed the account for fraud, but Barclays XXXX XXXX let the scammers reopen it during a 30 day grace period, order cards to an alternate address, update personal information, and place a password protection on the account without documentation. 2 ) Barclays security double standard required me, the real owner of the account to submit documentation via an outdated fax system to update my new phone number. This took three weeks and afforded time for the scammers to use the card. 3 ) Barclays refused to accept my FTC and police report every time I identified myself as a victim of identity theft. I think this is in violation of federal law. 4 ) Barclays is billing me for {$1100.00} for fraudulent charges while they are supposedly doing a fraud investigation. XXXX ) My contacts at the Office of President at Barclays is not returning my calls. I believe they are brushing me off.",Problem with a purchase shown on your statement,Credit card,General-purpose credit card or charge card,Card was charged for something you did not purchase with the card,BARCLAYS BANK DELAWARE,2026-07-28T21:45:40.000Z,GA,31792,Closed with explanation,Web
24139746,"I am submitting this complaint regarding the continued furnishing of a collection account by LVNV Funding LLC that I believe is inaccurate and unsupported. LVNV Funding LLC filed a collection lawsuit against me in the XXXX XXXX XXXX New Jersey ( Docket No. XXXX ). I answered the complaint, participated in discovery, opposed Plaintiffs motion to strike my Answer, and prepared for trial. The Court denied Plaintiffs motion to strike, and the matter proceeded toward trial. Shortly before trial, Plaintiff voluntarily dismissed the lawsuit without obtaining a judgment against me. Throughout the litigation, I requested documentation establishing Plaintiffs ownership of my specific account, including account-level documentation supporting the alleged assignment. Although Plaintiff produced various documents during discovery, I maintain that the documentation produced did not establish ownership of my specific account in the manner I requested. Rather than proceed to trial and prove its claim, Plaintiff elected to dismiss the case. Despite dismissing its lawsuit, LVNV Funding LLC continues to furnish this collection account to the consumer reporting agencies. This continued reporting is causing ongoing harm to my credit profile and my ability to obtain favorable credit. Under the Fair Credit Reporting Act, furnishers of information have a duty to report information accurately and to conduct a reasonable investigation when the accuracy or completeness of disputed information is challenged. I respectfully request that the CFPB investigate whether LVNV Funding LLC has sufficient documentation to continue furnishing this account accurately and whether it has complied with its obligations under the Fair Credit Reporting Act. I request that LVNV Funding LLC either : XXXX. Produce competent documentation establishing its authority to furnish this specific account accurately ; or XXXX. Remove the collection account from all consumer reporting agencies if it can not substantiate the information being reported. I also request that the CFPB require LVNV Funding LLC to explain the basis upon which it continues furnishing this account after voluntarily dismissing its collection lawsuit without obtaining a judgment. I am seeking an accurate credit file and compliance with all applicable federal consumer protection laws. Overall request removal all LVNV account belonging or Related to LVNV Immediately. LVNV FUNDING ( XXXX ) XXXXXXXX XXXX XXXX XXXX XXXX XX/XX/XXXX {$1100.00} LVNV FUNDING ( open account ) XXXX XXXX XXXX XXXX XXXX XX/XX/XXXX {$2600.00} LVNV FUNDING ( open account ) XXXXXXXX XXXX XXXX XXXX XXXX XX/XX/XXXX",Took or threatened to take negative or legal action,Debt collection,I do not know,Sued you without properly notifying you of lawsuit,Resurgent Capital Services L.P.,2026-07-13T16:54:24.000Z,NJ,08046,Closed with explanation,Web
24703029,"I am submitting this complaint regarding multiple issues with my account ( XXXX ) with this company. Over a period of time, I have identified several discrepancies, including unauthorized or incorrect charges, billing errors, and/or inaccurate account information. I have made multiple attempts to resolve these issues directly with the company, but the responses have been insufficient, delayed, or have failed to address the problems. In some cases, the issues remain unresolved despite repeated follow-ups. These ongoing problems have caused financial impact and significant inconvenience. I am concerned about the accuracy of my account and the companys handling of my disputes.",Incorrect information on your report,Credit reporting or other personal consumer reports,Credit reporting,Information belongs to someone else,"TRANSUNION INTERMEDIATE HOLDINGS, INC.",2026-07-29T00:28:59.000Z,FL,33990,Closed with explanation,Web
24706530,"Dear Wells Fargo XXXX XXXX XXXX and CFPB Investigators, I am writing to formally report long-term account fraud, deceptive customer service timelines, and a severe consumer protection failure by Wells Fargo regarding my checking account, which I held since XXXX. I explicitly reject the token XXXX credit of {$87.00} issued on XX/XX/XXXX. Wells Fargo still owes me a remaining balance of {$2300.00}. Since before XXXX, a fraudulent monthly check debit disguised as "" XXXX XXXX '' has been unlawfully pulling {$29.00} from my checking account every single month. I contacted XXXX XXXX 's corporate customer protection department, and their team explicitly informed me that my financial information was being used fraudulently by an unauthorized individual located in Georgia. Despite this being a confirmed identity theft scam, and despite the fact that I called Wells Fargo XXXX XXXX over the years to report it, your telephone representatives repeatedly failed to verify my identity or log my fraud reports properly, allowing the theft to continue unchecked for XXXX years, totaling a loss of {$2400.00}. On XX/XX/XXXX, I went into a physical Wells Fargo branch. In the presence of the branch banker, I was put on the phone with a Wells Fargo XXXX representative. Both the branch banker and the phone representative explicitly promised and assured me that I would have a three-month transition window to move my transactions before the account was closed. Despite this explicit agreement, Wells Fargo prematurely and completely shut down my account just XXXX to XXXX weeks later, long before the promised three-month deadline. This sudden closure disrupted my personal finances and blocked my ability to manage the transition smoothly. During my branch visit on XX/XX/XXXX, I explicitly told the Wells Fargo team that they completely failed to protect my assets for XXXX years. Both the local branch banker and the fraud representative on the telephone explicitly agreed with my statement and admitted that the bank should have detected and stopped this ongoing XXXX XXXX ' check scam much sooner. '' * Customer Name : [ XXXX XXXX ] * Customer Since : XXXX * Closed Wells Fargo Account Number : [ XXXX ] * Fraudulent Merchant : "" XXXX XXXX '' scam out of Georgia * Total Unresolved Balance Demanded : {$2300.00} Thank you for your immediate attention to this multi-year consumer protection failure.",Managing an account,Checking or savings account,Checking account,Deposits and withdrawals,WELLS FARGO & COMPANY,2026-07-29T01:00:04.000Z,TX,78754,Closed with explanation,Web
24411879,I am disputing this debt. Please provide verification.,Written notification about debt,Debt collection,I do not know,Didn't receive enough information to verify debt,"CCS Financial Services, Inc.",2026-07-21T04:33:04.000Z,MS,391XX,Closed with explanation,Web
24662520,"On XX/XX/year>, I was the victim of a sophisticated impersonation and caller ID spoofing scam. I received a phone call that appeared on my caller ID as "" Wells Fargo Fraud. '' Because the call appeared to originate from my bank 's fraud department, I reasonably believed I was speaking with a legitimate Wells Fargo fraud representative. The caller was professional, knowledgeable, and instructed me through what I believed were necessary fraud prevention steps to protect my account. Following the caller 's instructions, I logged into my XXXX XXXX account and changed the linked debit card information. I was told this was necessary to recover or protect funds that were supposedly at risk. I had no intention of sending money to a third party or making a voluntary payment. Every action I took was based solely on my belief that I was following instructions from Wells Fargo 's fraud department. As a direct result of this deception, {$790.00} was transferred from my Wells Fargo account through XXXX XXXX to the scammer. I realized I had been deceived and reported the fraud to Wells Fargo the same day, XX/XX/year>. Despite my immediate report and the fact that the transaction was induced through impersonation and caller ID spoofing, Wells Fargo denied my claim because I technically authorized the transaction. My authorization, however, was not informed or voluntary. It was obtained through fraudulent misrepresentation by someone impersonating my bank. Had I known I was not communicating with Wells Fargo, I would never have completed the transaction. Beyond the {$790.00} financial loss, this incident caused substantial disruption to my business. To protect my business and prevent further fraud, I was forced to close my business debit card and business checking account and establish new ones. This required updating payment information with vendors and business services, changing banking information, and interrupted normal business operations. The time, inconvenience, and emotional distress resulting from these events were significant and could have been avoided had this fraud been properly addressed. I am seeking not only reimbursement of the {$790.00} but also acknowledgment that this was an impersonation scam that forced me to take extensive measures to protect my business and financial accounts. I respectfully request that Wells Fargo conduct a new review of my claim as an impersonation/social engineering fraud rather than treating it as an ordinary authorized payment. I also request that Wells Fargo provide the documentation and reasoning relied upon in denying my claim and explain how the facts surrounding the caller ID spoofing and impersonation were considered during its investigation.",Managing an account,Checking or savings account,Checking account,Problem using a debit or ATM card,WELLS FARGO & COMPANY,2026-07-28T03:12:55.000Z,WY,82007,Closed with explanation,Web
24165167,"Consumer Name : XXXX XXXX, Consumer Social Security Number : XXXX, Consumer Date of Birth : XX/XX/year>, Contents of Complaint : This CFPB complaint has been filed to request pursuant to FCRA 605B ( 15 U.S.C. 1681c-2 ) that you, the Experian, TransUnion, and Equifax credit reporting agency , block information appearing on my consumer credit report that is the result of identity theft and fraud within 4 business days of you receiving this complaint. This fraudulent, inaccurate, and false information consists of a personal credit card account opened ACCOUNTS : XXXX XXXX XXXX XXXX XXXX XXXX XXXX XXXX XXXX XXXX XXXX XXXX XXXX XXXX XXXX XXXX XXXX XXXX XXXX XXXX XXXX XXXX XXXX XXXX EMPLOYED - Incorrect Personal XXXXXXXX XXXX XXXX XXXX XXXX XXXX XXXX XXXX Incorrect Personal These accounts have resulted in several fraudulent hard inquiries and fraudulent collections appearing on my consumer FICO credit report. I've attached a list of the hard inquiries in question as well as a copy of the consumer FICO credit report maintained by you which shows the aforementioned fraudulent items. I do not recognize the aforementioned accounts, collections, or hard inquiries as reported. The aforementioned accounts, collections, and hard inquiries appearing on my consumer credit report maintained by you were not opened, made, or initiated by me. All of the aforementioned accounts, collections, and hard inquiries are the result of identity theft and fraud. I have attached a copy of FTC Identity Theft Criminal Complaint # ( private case number ) as proof from the US Federal Trade Commission that all of the aforementioned consumer credit accounts, collections, and hard inquiries are the result of identity theft and fraud.",Incorrect information on your report,Credit reporting or other personal consumer reports,Credit reporting,Information belongs to someone else,"TRANSUNION INTERMEDIATE HOLDINGS, INC.",2026-07-14T05:00:56.000Z,NJ,07112,Closed with non-monetary relief,Web
24531589,XXXX XXXX XXXX XXXX XXXX XXXX Company contacted me and settled for {$470.00} and did not remove the collection from my file.,Attempts to collect debt not owed,Debt collection,Telecommunications debt,Debt was paid,"SUNRISE CREDIT SERVICES, INC",2026-07-23T19:19:32.000Z,IL,60440,Closed with explanation,Web
23987044,I have unrecognized collections on my credit and some are medical bills that im not able to afford.,Improper use of your report,Vehicle loan or lease,Lease,Credit inquiries on your report that you don't recognize,"Westlake Services, LLC",2026-07-08T16:27:10.000Z,AL,35405,Closed with explanation,Web
24428654,"XXXX XXXX has bought multiple accounts that I became unable to pay after becoming completely XXXX from my military service. I had reached out to original creditors about a hardship program or what credit protections were in place if XXXX made me unable to pay. I was never provided this information and now XXXX has summoned me with a lawsuit. I am a completely XXXX Veteran, my income is only my VA XXXX and SSDI. I am considered "" housebound '' due to my XXXX. I am unsure why am I ignored in terms of becoming XXXX and some sort of hardship program by the original creditor and have not received this information from XXXX funding either. I am not able to appear in court due to health issues and my income is all protected from garnishment. I have nothing to take via judgement. This feels very much like bullying Veteran that has a rating of 100 % XXXX XXXX, it's not right and if truly effecting my XXXX XXXX. XXXX XXXX XXXX XXXX XXXX XXXX XXXX XXXX XXXX XXXX XXXX XXXX XXXX XXXX XXXX XXXX XXXX XXXX XXXX XXXX XXXX XXXX XXXX XXXX XXXX",Took or threatened to take negative or legal action,Debt collection,Credit card debt,Collected or attempted to collect exempt funds,SYNCHRONY FINANCIAL,2026-07-21T15:38:34.000Z,TX,75904,Closed with explanation,Web
24660799,"Newrez LLC has confirmed in writing that my loss mitigation application is complete, yet it is simultaneously allowing a foreclosure sale of my homestead to remain posted for XX/XX/XXXX. This is textbook prohibited dual-tracking. On the same account, Newrez has also failed to respond to or resolve a timely Qualified Written Request and Notice of Error I submitted on XX/XX/XXXX. Newrez is knowingly ignoring the federal protections XXXX and the CFPB enacted to prevent exactly this outcome, and its own correspondence confirms the violation. Newrez 's own acknowledgment letter dated XX/XX/XXXX states that my application "" is complete as of XX/XX/XXXX and additional documents or information is not required at this time, '' while in the same letter admitting the "" property is scheduled for a foreclosure sale on XX/XX/XXXX '' and that if evaluation is not completed first, "" the foreclosure sale will proceed as scheduled. '' That is a written admission of dualtracking. II. RELEVANT FACTS A. On XX/XX/XXXX, I submitted a Qualified Written Request ( QWR ) and Notice of Error to the servicer identifying specific errors in the servicing of the loan and requesting information about the account. B. Neither Newrez, Shellpoint, nor any related party has acknowledged, responded to, or corrected the errors identified in my XX/XX/XXXX QWR and Notice of Error within the timeframes required by RESPA and Regulation X. C. I subsequently completed a loss mitigation / loan modification application. D. By letter dated XX/XX/XXXX, Newrez confirmed my loss mitigation application was COMPLETE as of XX/XX/XXXX, and stated that no additional documents or information were required. E. Despite the pending, complete loss mitigation application and the unresolved Notice of Error, the foreclosure sale posted for XX/XX/XXXX remains active and has not been cancelled or postponed. F. Newrez 's XX/XX/XXXX letter expressly states the sale will proceed as scheduled if the evaluation is not completed first confirming Newrez is running the foreclosure track and the loss mitigation track at the same time. COUNT 3 : Violation of the RESPA Qualified Written Request and Dual-Tracking Provisions of Regulation X 12 U.S.C. 2605 ( e ) ; 12 C.F.R. 1024.35 ( b ) ( 9 ) ( 10 ), 1024.35 ( e ) ( 3 ) ( i ) ( B ), and 1024.41 ( g ) 32. RESPA, 12 U.S.C. 2605 ( e ), provides borrowers of federally related mortgage loans a private right of action against a servicer that fails to timely and adequately respond to a qualified written request. See XXXX v. Chase Home Fin., LLC , 926 F. Supp. 2d 100 ( D.D.C. 2013 ) ( mortgagor 's allegation that mortgagee failed to respond to written requests for a cure amount before foreclosure stated a RESPA claim ). 33. Regulation X, 12 C.F.R. 1024.35 ( b ) ( 9 ) ( 10 ) and 1024.35 ( e ) ( 3 ) ( i ) ( B ), prohibits a servicer from proceeding with foreclosure while a timely-submitted notice of error remains unresolved, and 12 C.F.R. 1024.41 ( g ) separately prohibits dual-tracking where a complete loss-mitigation application is pending. 34. As alleged above, Plaintiff sent a QWR and notice of error on XX/XX/XXXX, and neither Shellpoint nor any other Defendant has responded to it or corrected the identified errors. Defendants nonetheless allowed the XX/XX/XXXX sale to remain posted. 35. See also XXXX v. Bank of America Corp., 852 F. Supp. 2d 1366 ( N.D. Ga. 2012 ) ( servicer 's failure to acknowledge and respond to QWRs, take corrective action, and cease collection efforts stated a RESPA claim ) ; XXXX v. PNC Fin. Servs. Grp., Inc. , 707 F. Supp. 2d 1080 ( D. Haw. 2010 ) ( allegations that a lender failed to act on written information requests, causing harm to the borrower, stated a RESPA claim without a showing of pecuniary damages ). 36. The Deed of Trust evidences a federally related purchase-money loan subject to RESPA and Regulation X. And Defendants ' own XX/XX/XXXX written acknowledgment confirming the loss mitigation application is complete while the XX/XX/XXXX sale remains posted confirms they are violating the dual-tracking prohibition of 12 C.F.R. 1024.41 ( g ). III. HOW NEWREZ IS IGNORING FEDERAL LAW The dual-tracking prohibition exists precisely so that a homeowner with a complete, pending loss mitigation application is not sold out from under while that application is being evaluated. Newrez has admitted in writing that ( 1 ) my application is complete, ( 2 ) no further information is needed, and ( 3 ) the foreclosure sale will nonetheless proceed on XX/XX/XXXX if its own internal evaluation is not finished in time. Regulation X does not permit a servicer to shift the risk of its own delayed evaluation onto the homeowner by keeping a sale posted. Under 12 C.F.R. 1024.41 ( g ), once a complete application is received more than 37 days before a scheduled sale, the servicer may not move for or conduct the sale unless one of the narrow enumerated exceptions applies none of which Newrez has identified here. Separately, my XX/XX/XXXX QWR and Notice of Error remains unanswered and unresolved. Under 12 C.F.R. 1024.35 ( e ) ( 3 ) ( i ) ( B ) and 1024.35 ( b ) ( 9 ) ( 10 ), the servicer was required to investigate, correct or explain, and refrain from proceeding to foreclosure sale on the disputed account. It has done none of these. IV. HARM I am facing the imminent, wrongful loss of my homestead on XX/XX/XXXX as a direct result of Newrez 's refusal to comply with RESPA and Regulation X. The company 's conduct has caused me stress, expense, and the need to expend time and resources pursuing pro se legal remedies to protect a home that federal law already required Newrez to protect from sale while my complete application is pending. : Attachment : Newrez LLC Loss Mitigation Acknowledgment letter dated XX/XX/XXXX ( confirming application complete as of XX/XX/XXXX and foreclosure sale posted for XX/XX/XXXX ).",Struggling to pay mortgage,Mortgage,Conventional home mortgage,Foreclosure,"Shellpoint Partners, LLC",2026-07-28T01:03:19.000Z,TX,77066,Closed with explanation,Web
24167566,"CRITICAL NOTICE TO INVESTIGATOR AND RESPONDENT : The CFPB electronic portal forces consumers to select from a restrictive list of predefined, automated dropdown categories to submit a form. The consumer has selected the closest available structural option ( "" Dispute the Amount '' ) under protest solely to bypass portal formatting constraints.This submission is made strictly as a dispute regarding structural non-compliance, lack of statutory chain of title, and material misrepresentations by the collector. This filing does not constitute a validation of liability, an admission or acknowledgment of any alleged debt instrument, or a waiver of any consumer rights under federal or state law. The consumer reserves all rights to contest the existence, ownership, validity, and enforceability of the alleged balance in its entirety. I am submitting this formal complaint against Second Alliance , Inc. ( XXXX XXXX, CA ) for explicit violations of the Fair Debt Collection Practices Act ( FDCPA ), the Oregon Unlawful Debt Collection Practices Act ( OUDCPA ), and the California Rosenthal Act. The agency is engaging in unlawful continued collection activities and utilizing material misrepresentations to pressure me into an unsafe refinancing agreement. 1. Failure to Provide Mandatory Chain of Title Following an initial communication, Second Alliance , Inc. sent a validation packet containing only an underlying student loan contract executed with XXXX Bank. On XXXX XXXX XXXX, I exercised my rights under ORS 646A.670 and sent a formal statutory dispute noticing the deficiency. I demanded physical business recordssuch as an assignment agreement or bill of saleproving a clear, unbroken chain of ownership from the original creditor ( XXXX Bank ) to the current alleged owner. Second Alliance , Inc. failed to produce any physical transfer documentation. 2. False, Deceptive, and Contradictory Ownership Narrative Instead of pausing collection efforts to compile the statutory evidence, XXXX XXXX XXXX XXXX sent a response letter containing a blatant factual and legal impossibility. The letter explicitly states : "" The owner and loan holder is and has always been XXXX student loan. XXXX was the originating lender. '' Under 15 U.S.C. 1692e and Cal. Civ. Code 1788.17, debt collectors are strictly prohibited from using false or misleading representations regarding the character or legal status of a debt. An originating lender is, by definition, the first legal owner and holder of a signed promissory note. Therefore, Edly could not have "" always '' been the holder. Furthermore, independent credit reporting data directly refutes the agency 's claim. The consumer 's credit profile shows the loan was held under "" XXXX '' ( XXXX Bank ) until XX/XX/scrub>XXXX XXXX, moved to "" XXXX '' for one month, and was explicitly marked "" Transferred to another lender '' in XX/XX/scrub>XXXX XXXX This independent credit data proves that the loan has undergone multiple structural assignments and transfers, making the agency 's written claim of continuous, unbroken ownership a patently false misrepresentation designed to obscure a missing chain of title. 3. Unlawful Continued Collections and Refinancing Solicitation While my statutory validation request remained pending and unfulfilled, Second Alliance , Inc. actively continued collection efforts by attempting to solicit a {$350.00} voluntary payment to "" re-age '' the loan. Furthermore, they used this deceptive ownership narrative to push a high-pressure solicitation to "" refinance '' the debt through a partner lender. Under Oregon law ( ORS 646.639 ) and California 's Rosenthal Act ( Cal. Civ. Code 1788.17 ), a debt collector must completely cease and freeze all collection efforts upon receiving a consumer dispute until accurate validation is provided. Attempting to maneuver a consumer out of a highly disputable contract with missing ownership records and into a brand-new, refinanced loan agreement before validating the debt constitutes an unfair, deceptive, and abusive collection practice.",False statements or representation,Debt collection,Private student loan debt,Attempted to collect wrong amount,"Second Alliance, Inc.",2026-07-14T06:42:54.000Z,OR,97213,Closed with explanation,Web
24728815,"Account XXXX XXXX XXXX XXXX # XXXX I'm unaware of this debt and did not have the opportunity to dispute this account. If you believe you sent proper notification, please provide XXXX Mail ' with receipt displaying my signature. If not, please delete account # XXXX as soon as possible from my credit report and cease all reporting. Or I will have to take legal action to the highest level. I shouldn't have to keep asking for proof and etc.",Written notification about debt,Debt collection,I do not know,Didn't receive notice of right to dispute,"I.C. System, Inc.",2026-07-29T16:24:45.000Z,NC,28214,Closed with explanation,Web
24525273,"D I am filing this complaint because I have made multiple good-faith attempts to dispute inaccurate and/or unverifiable information appearing on my consumer credit reports, yet the disputed information continues to be reported without being corrected. I have submitted four separate disputes regarding the accounts identified below. In each dispute, I requested that the consumer reporting agencies and, where applicable, the furnishers conduct a reasonable reinvestigation as required by the Fair Credit Reporting Act ( FCRA ). Despite these requests, the disputed information continues to be reported. * * Accounts in Dispute XXXX XXXX XXXX XXXX XXXX XXXX XXXX Account ending XXXXXXXX XXXX XXXX XXXX XXXX XXXX XXXX Account ending XXXX XXXX XXXX XXXX XXXX Account ending XXXXXXXX XXXX XXXX XXXXXXXX XXXX Account ending XXXX I also dispute the following hard inquiries because I do not recognize them or I have not been provided documentation demonstrating a permissible purpose for obtaining my consumer report : * XXXX XXXX XXXX XX/XX/XXXXXXXX XXXX XXXX XXXX XXXX XXXX XXXX XXXX XXXX XXXX XXXX XXXX XXXX XXXX XXXX XXXX XXXX XXXX XXXX XXXX XXXX XXXX XXXX XXXX XXXX XXXX XXXX XXXX XXXX XXXX XXXX XXXX XXXX XXXX XXXX XXXX XXXX XXXX XXXX XXXX XXXX XXXX XXXX XXXX XXXX XXXX XXXX XXXX I requested that the consumer reporting agencies and furnishers verify the accuracy of the information being reported, including payment history, account status, balance, dates of delinquency, and other material information. I also requested correction or deletion of any information that could not be verified. The information continues to be reported despite my repeated disputes. If the information has been verified, I request that the company explain the basis for that verification and identify the records relied upon during the reinvestigation. If the information can not be verified, I request that it be corrected or deleted as required by the FCRA. I respectfully request that the CFPB review this matter and encourage the company to : * Conduct a reasonable reinvestigation of each disputed account. * Correct or delete any information that can not be verified or is inaccurate. * Review whether the reporting is consistent with the FCRA 's accuracy requirements. * Review the disputed hard inquiries and remove any for which a permissible purpose can not be established. * Provide a written explanation of the results of the reinvestigation and any corrections made. I have retained copies of my prior dispute letters, supporting documentation, and the responses I received, and I am prepared to provide them upon request.",False statements or representation,Debt collection,I do not know,Attempted to collect wrong amount,Experian Information Solutions Inc.,2026-07-23T16:49:05.000Z,FL,323XX,Closed with explanation,Web
24155314,"Since my mortgage servicing was transferred from XXXX XXXX to Valon Mortgage, I have experienced repeated issues with the handling and processing of my mortgage payments. On XX/XX/2026, I submitted my XXXX mortgage payment to XXXX XXXX. Although the servicing transfer to Valon was underway and the funds were ultimately transferred, the payment was not credited until XX/XX/2026. On XX/XX/2026, I submitted my XXXX mortgage payment through XXXX XXXX XXXX XXXX XXXX. Valon did not negotiate or process that payment until XX/XX/2026. On XX/XX/2026, I submitted my XXXX mortgage payment through XXXX XXXX XXXX XXXX XXXX for {$2100.00}. The payment was issued as check number XXXX. XXXX XXXX XXXX has confirmed that the check was issued and mailed on XX/XX/2026, but as of XX/XX/2026, the check has not been presented for payment. Valon has advised that it can not locate the payment. I am concerned that these repeated delays indicate a pattern of payment-processing issues. In each instance, I initiated payment on time. The repeated delays have created uncertainty regarding the status of my account and whether payments are being promptly processed and posted after receipt. I have contacted Valon and submitted a Qualified Written Request and Notice of Error under RESPA requesting that Valon investigate the handling of my payments, explain what steps were taken to locate my XXXX payment, determine whether payments were received but not promptly posted, and confirm that no late fees, negative credit reporting, collection activity, or other adverse actions will result from these issues. I am requesting that Valon thoroughly investigate these recurring payment-processing issues and provide a written explanation of its findings. The issue is not limited to a single missing payment ; it is the third consecutive payment-related problem I have experienced since the servicing transfer.",Trouble during payment process,Mortgage,Conventional home mortgage,Payment process,"Valon Technologies, Inc.",2026-07-13T22:47:03.000Z,CO,80211,Closed with explanation,Web
24146290,This debt is reporting to my credit but it's an incorrect amount. My lease was up on XXXX I am still being charged until XXXX my lease clearly states when my lease was up. I was not there until XX/XX/XXXX these are fraudulent charges. Also I paid a {$800.00} security deposit so this in fact is not owed! XXXX stated they would remove and stop collection but it has not been removed. Reference number XXXX stated it would be removed and stop collections it now XXXX and its still showing and affecting me in so many ways.,False statements or representation,Debt collection,Rental debt,Attempted to collect wrong amount,"National Credit Systems,Inc.",2026-07-13T19:37:06.000Z,TX,78660,Closed with explanation,Web
24153881,I am currently working with Illinois shine for breach of contract with XXXX who hasnt attempted to fix damaged panels. It has negatively impacted my credit. I also a Was contacted by XXXX XXXX company working on handling the closure of contract. I made a affort to pay something on th contract to get them to get the service up again but to no avail they havent attempted to fix the panels.,Took or threatened to take negative or legal action,Debt collection,Other debt,Threatened or suggested your credit would be damaged,"GF SunStrong Management Holdings, LLC",2026-07-13T22:17:20.000Z,IL,612XX,Closed with explanation,Web
24398561,"I am a XXXX Texas homeowner with a XXXX spouse, and I have paid my mortgage faithfully for XXXX years ( since XXXX ). My loan was recently internally migrated from XXXX Mortgage/Onity to NewRez LLC during an active trial modification. Due to their internal corporate computer migration, I was locked out of my online account and unable to view my statements or pay online. On Friday, XX/XX/XXXX, I contacted NewRez proactively to make my payment. NewRez staff flatly refused my explicit requests to go over the permanent modification contract terms with me, pressured me by stating it was an urgent emergency, and forced me to sign via DocuSign while I was away on vacation. Upon reviewing the contract documents immediately afterward with my wife, we discovered that NewRez hid a predatory balloon note requiring a massive lump-sum payment of approximately {$200000.00} at the end of the loan maturation. Within XXXX minutes of signing, I called NewRez back to cancel. NewRez staff held me on the phone for XXXX hours, refused to cancel the contract, and issued a verbal ultimatum stating my only options were to accept the predatory balloon note or pay a manufactured, immediate lump sum of {$7400.00} by XX/XX/XXXX. I immediately sent a formal written revocation and cancellation email directly to NewRez XXXX XXXX XXXX, XXXX XXXX, and XXXX XXXX on Friday, XX/XX/XXXX, to formally withdraw my signature. I am disputing this contract due to severe verbal duress, material misrepresentation, and omission of critical financial facts during an internal servicer transfer, which violates RESPA XXXX safe harbor protections. I am requesting that NewRez immediately unwind this unauthorized modification and evaluate my account for an FHA Payment Deferral to safely move the past hardship balance to the end of the loan under my original terms.",Struggling to pay mortgage,Mortgage,Conventional home mortgage,"Trying to communicate with the company to fix an issue related to modification, forbearance, short sale, deed-in-lieu, bankruptcy, or foreclosure","Shellpoint Partners, LLC",2026-07-20T21:33:21.000Z,TX,77581,Closed with explanation,Web
24016568,"Collection Agency Pursuing to consumer law 15 USC 1692 E ) ( 15 USC 1692 J They Are Not Your Original debtor and you dont have a signed agreement with them. DELETE LATE PAYMENT 15 U.S. CODE 1666 ( b ) DELETE COLLECTIONS 15 U.S. CODE 1692 ( g ) DELETE CHARGE OFFS 15 U.S. CODE 1681 ( c ) 2 / 1681e ( b ) DELETE REPOS 15 U.S CODE 1681 ( s ) 15 USC 1681- FCRA 15 USC 1692 - FDCPA 15 USC 1601- TILA The primary federal law governing debt collection is the Fair Debt Collection Practices Act ( FDCPA ). It is codified in the U.S. Code at 15 U.S.C. 16921692p. This legislation prohibits third-party debt collectors from using abusive, unfair, or deceptive practices. Prohibited Harassment : Collectors are barred from using threats of violence, using obscene language, or continuously calling consumers with the intent to annoy or harass",Took or threatened to take negative or legal action,Debt collection,I do not know,Sued you in a state where you do not live or did not sign for the debt,CL Holdings LLC,2026-07-09T07:15:38.000Z,GA,30126,Closed with non-monetary relief,Web
23951253,"COMPLAINT FOR WILLFUL DECEPTIVE DEBT COLLECTION PRACTICES, SCRIPT MANIPULATION, & ELDER HARASSMENT TARGET ENTITIES : Citicards ( Citibank , N.A . ) & XXXX, XXXX XXXX XXXX XXXX XXXX ( XXXX ) DISPUTED BALANCE FOOTPRINT : {$8800.00} | Account Last XXXX : XXXX PROTECTED SENIOR VETERAN STATUS : I am an elder consumer over the age of XXXX and a retired Veteran of the United States Army with a 100 % Service-Connected XXXX XXXX XXXX XXXX XXXX XXXX XXXX XXXX XXXX rating. XXXX percent ( 50 % ) of my overall rating is for a government-verified XXXX XXXX XXXX. My entire household income consists exclusively of protected federal benefits ( XXXX XXXX, Social Security XXXX, and a Military Pension ), making me completely judgment-proof under 38 U.S.C. 5301 and 42 U.S.C. 407. My primary residence is a certified tax-exempt XXXX Homestead under Article X, Section 4 of the XXXX Constitution. STATEMENT OF MISCONDUCT & XXXX XXXX : XXXX. Bad-Faith Signature Evasion : On XX/XX/XXXX, the collection agency XXXX, XXXX XXXX XXXX XXXX XXXX XXXX XXXX ) took physical delivery of my formal dispute and statutory validation notice detailing my 100 % judgment-proof status. Rather than signing properly, their corporate mailroom agent intentionally scribbled and defaced the federal XXXX XXXX XXXX XXXX Receipt green card to actively evade identification. This constitutes a bad-faith evasion of federal tracking metrics. XXXX. Illegal Past-Due Escalation Loop : Following delivery of this permanent cease-and-desist notice, Citicards engaged in active, systemic credit manipulation on this closed, charged-off profile ( Account closed on XX/XX/XXXX ). While the underlying total balance remained completely frozen at {$8800.00}, Citicards artificially escalated my reported "" Amount Past Due '' line across XXXX consecutive monthly cycles : XX/XX/XXXX Credit Report : Amount Past Due : {$1600.00} XX/XX/XXXX Credit Report : Amount Past Due : {$1800.00} XX/XX/XXXX Credit Report ( Newest Update ) : Amount Past Due : {$2000.00} XXXX. Federal Violations : Artificially compounding phantom variable interest or late fees month-after-month on a closed account contract to simulate an escalating debt violates the Fair Credit Reporting Act ( FCRA ) 15 U.S.C. 1681s-2 ( b ) and the Fair Debt Collection Practices Act ( FDCPA ) 15 U.S.C. 1692e. 4. Willful Medical Aggravation : These entities executed an illegal credit squeeze to pressure an uncollectible senior Veteran, directly worsening my 50 % government-verified service-connected mental health condition. Under the legal XXXX XXXX doctrine, they carry strict liability for severe emotional distress and anxiety. RELIEF DEMANDED : An immediate corporate directive to permanently delete the entire tradeline history from XXXX, XXXX XXXX XXXX Formal written debt cancellation reducing the alleged balance to {$0.00}. Joint federal regulatory enforcement audit into both Citicards and XXXX for predatory collection targeting immune XXXX senior veterans.",Took or threatened to take negative or legal action,Debt collection,Credit card debt,Collected or attempted to collect exempt funds,"CITIBANK, N.A.",2026-07-07T18:39:29.000Z,FL,342XX,Closed with non-monetary relief,Web
24030860,"Product : Manufactured home loan / MortgageCompany : 21st Mortgage CorporationI am filing this formal complaint against 21st Mortgage Corporation for engaging in abusive, coercive, and harassing debt collection practices that directly violate federal regulations and the Texas Debt Collection Act ( TDCA ) .My normal monthly mobile home payment is {$1600.00}, but I am going to be paying {$2000.00} every single month XXXX XX/XX/XXXX to actively shrink my balance. As well as extra XXXX on or around XXXX depending on deposit dateDespite my account balance being $ XXXX is less than XXXX full regular monthly installmentstheir collection representatives have subjected me to intense verbal abuse and hostile intimidation on the phone.Specifically, the financial counselor handling my account has crossed legal boundaries by demanding a line-by-line interrogation of what I spend my money on, ordering me to intentionally skip my other essential living bills to prioritize them, and aggressively pressuring me to take my personal belongings to a pawn shop to secure cash.I am proactively making substantial overpayments to bring this account current, yet I am being subjected to illegal, predatory advice and relentless phone harassment. I request that the CFPB investigate these telephone collection tactics, and I demand that 21st Mortgage immediately cease all verbal harassment and restrict their communication with me to legal, written channels only.Option XXXX : Written-Only Communication Demand Letter",Struggling to pay mortgage,Mortgage,Manufactured home loan,"Trying to communicate with the company to fix an issue related to modification, forbearance, short sale, deed-in-lieu, bankruptcy, or foreclosure",21ST MORTGAGE CORP.,2026-07-09T16:22:09.000Z,TX,78382,Closed with explanation,Web
24176415,"Consumer Complaint Regarding Mortgage Servicing Errors, Inaccurate Account Information, and Failure to Update Loan Records * * * * Company : * * Lakeview Loan Servicing / Mortgage Servicer * * Consumer : * * XXXX XXXX I am submitting this complaint regarding ongoing issues with the servicing of my mortgage loan by Lakeview Loan Servicing. My primary concern is that my mortgage account information is inaccurate, incomplete, and has not been properly updated despite receiving assistance through the Georgia Mortgage Assistance Program ( HAF ). My loan received assistance through the Georgia Mortgage Assistance Program several months ago ; however, my online mortgage account continues to reflect inaccurate information. The account information available through the servicers website does not accurately represent the current status of my loan or the assistance received. The following issues remain unresolved : * My online account continues to show that I am past due, which is inaccurate. * My Financial Hardship information has not been updated to reflect the assistance received and the current status of my account. * Documentation related to the Georgia Mortgage Assistance Program has not been properly uploaded or reflected within my online account. * My mortgage payment information was not updated correctly after I made my escrow shortage payment in XXXX. I was required to contact the servicer to have my XXXX mortgage payment amount corrected. * Despite the passage of several months, my online account still does not provide accurate, complete, and current information regarding my loan status. As a borrower, I rely on my mortgage servicers records and online account portal to provide accurate information regarding my loan. The continued display of incorrect information creates confusion and concern regarding whether my account is being properly maintained and whether all payments, assistance funds, and account adjustments have been accurately applied. I am requesting that Lakeview Loan Servicing conduct a complete review of my mortgage account and provide the following : 1. Correction of all inaccurate information displayed on my online account. 2. Confirmation that all Georgia Mortgage Assistance Program funds and related documentation have been properly received, applied, and reflected in my loan records. 3. A complete payment history from the origination or transfer of my loan through the present date. 4. A complete loan activity/servicing history reflecting all transactions, including : * Payments received and applied; * Escrow transactions and analyses; * Escrow shortage payments; * Fees or charges assessed ; * Any suspense account activity ; * Principal and interest adjustments; * Assistance program payments received and applied ; * Any other servicing actions affecting my account. 5. A written explanation of why my account information was not updated timely and what corrective actions will be taken to prevent future servicing errors. I am requesting that this matter be reviewed by a qualified representative and that I receive a written response addressing each concern and confirming the corrections made to my account. Thank you for your assistance in ensuring that my mortgage servicing records are accurate, complete, and properly maintained. * * XXXX XXXX * *",Trouble during payment process,Mortgage,FHA mortgage,Trying to communicate with the company to fix an issue while managing or servicing your loan,"LAKEVIEW LOAN SERVICING, LLC",2026-07-14T14:22:59.000Z,GA,30078,Closed with explanation,Web
24516398,"XXXX or binding contract. I never gave permission to open this account. i asked that this is not verified through a computer, my email was hack, my information was on the XXXXXXXX XXXX and also in a data breech. provide valid information that this is my account XXXX is at all time high. I keep sending letters and this remains on my reports.",Attempts to collect debt not owed,Debt collection,I do not know,Debt is not yours,"I.C. System, Inc.",2026-07-23T13:18:45.000Z,MI,48238,Closed with explanation,Web
24025951,"I am writing to formally file a complaint regarding unauthorized accounts that persist on my credit report despite my repeated efforts to have them removed. These accounts are causing significant damage to my financial reputation and overall well-being. It is evident that the inclusion of these fraudulent items violates 15 USC 1681b regarding permissible purposes, as the credit bureaus have no legitimate reason to report them without my explicit consent. Please refer to the attached file detailing these items I am disputing. The Fair Credit Reporting Act ( 15 U.S. Code 1681 ) says ( 1 ) The banking system is dependent upon fair and accurate credit reporting. Inaccurate credit reports directly impair the efficiency of the banking system, and unfair credit reporting methods undermine the public confidence, which is essential to the continued functioning of the banking system. So whenever there is a violation under the FCRA, it impairs the efficiency of the banking system. This is a violation of my privacy with my consumer report, since I control what is listed and what is not. In the event that any accounts are reported without my written consent, that is considered identity theft.",Improper use of your report,Credit reporting or other personal consumer reports,Credit reporting,Reporting company used your report improperly,Experian Information Solutions Inc.,2026-07-09T14:49:55.000Z,AR,723XX,Closed with non-monetary relief,Web
24279864,"I have disputed this account over XXXX times & have continually been told the account information is accurate & current. The Creditor has been Re-aging or reporting fake, newer delinquency dates to keep old debt on my report, & Bureaus have failed to actually look into the issue, & continues to mark the dates accurately. Collection Agency/Creditor XXXX XXXX XXXX XXXX XXXX XXXX XXXX ) has continued to `` Re-Age '' the account & continues to report it to all XXXX bureaus, but will not provide evidence of all of the original delinquency dates with XXXX XXXX ( The original Creditor Account that was active almost XXXX years ago ). The item is beyond the XXXX reporting period under FCRA 605 . The debt is well over XXXX years old, but being illegally Re-Aged & reported to all XXXX credit bureaus by Absolute Resolutions Under the Fair Credit Reporting Act, most negative itemsincluding collectionsmust be removed from credit reports XXXX years from the date of first delinquency on the original account ( not the date the collector bought the debt or last reported it ) The account was opened in XXXX with XXXX XXXX XXXX XXXX XXXX The account is so old, that the new creditor does not have any of the actual delinquency dates on the credit report ( From Original Creditor ), and has not provided evidence",False statements or representation,Debt collection,Credit card debt,Attempted to collect wrong amount,"TRANSUNION INTERMEDIATE HOLDINGS, INC.",2026-07-16T20:15:55.000Z,TX,78237,Closed with explanation,Web
24617064,"NewRez included lender insurance as part of my escrow and payment analysis after, I provided my proof of insurance on several occasions. I filed a notice of error and did not receive a response from the company. The non response included no response within XXXX days acknowledging receipt as well as XXXX business day of no response in writing as required by statute.",Trouble during payment process,Mortgage,FHA mortgage,"Escrow, taxes, or insurance","Shellpoint Partners, LLC",2026-07-26T16:22:24.000Z,IL,60615,Closed with explanation,Web
24396236,I contact Shellpoint Mortgage on XXXXXXXX XXXX and requested a reinstatment quote. The provided me a timeframe of XXXX to XXXX business days. I contacted them again on XX/XX/XXXX and asked for the status of the re-instatement quote and they said it was not available yet. I contacted them again on XX/XX/XXXX and still the quote was not ready. Then I called the lender again on XX/XX/XXXX and was told that the request for the quote was not submitted to the attorney office until XX/XX/2026 which is XXXX business days after the original request. So it would be XXXX to XXXX business days from that date. This would only allow me XXXX business day before the sale to even try and re-instatement my loan or provided any information to a buy which I currently have. On the XX/XX/XXXX when I spoke to Shellpoint Representative that If I needed it faster I could reach out to the attorney directly and provided me thier phone number. I called the attorney office and they stated they could get me quote in XXXX to XXXX business days but that would be by this Friday XX/XX/2026. That only allows me XXXX business days to get everything settled and try and sale the house before Foreclosure and make a little bit of money off the sale. This is causing me and my family undo financial hardship that could give us the ability to make some money off the sale in order to relocate. They also confusing me about the Payoff quote because the representative stated that the fax a quote but according to the Foreclosure attorney Shellpoint Mortgage handles thier own payoff quotes. Its makes very hard and difficult to get the information I need to handle my business in a timely manner and it prevents from either sale the home or bringing it current. Per the Mortgage if I don't pay what is due and all the attorney fees they will reject my payment.,Struggling to pay mortgage,Mortgage,Conventional home mortgage,"Trying to communicate with the company to fix an issue related to modification, forbearance, short sale, deed-in-lieu, bankruptcy, or foreclosure","Shellpoint Partners, LLC",2026-07-20T20:43:10.000Z,TX,76052,Closed with explanation,Web
24118079,"Complaint Against Citibank I am filing this complaint because Citibank has reported late payments on my credit report after closing my fraud dispute, despite the fact that I submitted the documentation they requested before they closed their investigation. Timeline of Events I disputed fraudulent charges on my Citibank credit card. During the investigation, Citibank requested additional documentation from me. On XX/XX/year>, I emailed the requested information to the Citibank Executive Response Unit at XXXX, the email address provided by Citibank. My email included three attachments containing the requested documentation, and I specifically asked Citibank to confirm receipt and let me know if they needed anything further. I never received any response indicating that my email had not been received or that additional information was needed. On XX/XX/year>, Citibank closed my dispute. The letter I received stated that they had continued their investigation with the information available because they "" didn't receive the information we needed '' and therefore closed the dispute in my favor. After receiving that letter, I immediately contacted the Executive Response Unit again on XX/XX/year>, explaining that I had already submitted the requested documentation on XX/XX/XXXX and that I had proof it had been sent. I asked why my case had been closed despite my timely response and requested an explanation. Harm Caused Because Citibank closed the investigation and has continued reporting my account as delinquent, they have reported late payments to the credit bureaus. These late payments have damaged my credit profile and continue to negatively affect my creditworthiness. I made every effort to cooperate with Citibank 's investigation. Based on my records, I submitted the requested documentation before the investigation was closed. I do not understand why Citibank states they never received it or why I was never contacted before my dispute was denied. Resolution Requested I respectfully request that Citibank : Reopen and conduct a complete review of my fraud dispute. Review the documentation I submitted on XX/XX/year>. Correct any inaccurate reporting to XXXX XXXX and XXXX if the late payments resulted from Citibank 's handling of this dispute. Provide a written explanation of why my XX/XX/XXXX submission was not considered before closing my investigation. Correct my credit reporting to accurately reflect the outcome of a properly reviewed investigation. I have retained copies of my XX/XX/XXXX email with attachments, my XX/XX/XXXX investigation closure letter, my XX/XX/XXXX follow-up email, and documentation showing the resulting credit reporting.",Problem with a company's investigation into an existing problem,Credit card,General-purpose credit card or charge card,Their investigation did not fix an error on your report,"CITIBANK, N.A.",2026-07-12T16:17:50.000Z,FL,324XX,Closed with non-monetary relief,Web
24026833,"b'I am XXXX XXXX XXXX and Im submitting this complaint myself and there is no third party involved. I attached letters to let you know more in detail about what they are reporting in my credit report. I am writing to formally request the blocking and deletion of all accounts associated with my personal information, as I am a victim of the recent data breach that has affected numerous individuals. The following items do not belong to me and is a result of fraud that I did not authorizeXXXX XXXX XXXX XXXX XXXX XXXX XXXX XXXX XXXX XXXX XXXX XXXX XXXX XXXX XXXX XXXX XXXX XXXX XXXX XXXX XXXX XXXX XXXX XXXX XXXX XXXX XXXX XXXX XXXX XXXX XXXX XXXX XXXX XXXX XXXX XXXX XXXX XXXX According to the Fair Credit Reporting Act (FCRA), specifically 15 USC 1681c-2(a), I am entitled to request that my accounts be blocked and deleted due to the unauthorized access to my personal information. The breach has compromised my data, and I am concerned about the potential for identity theft and misuse of my information. Please find my details below for your reference: XXXX XXXX XXXX XXXX XXXX XXXX XXXX XXXX XXXX XXXX XXXX XXXX XXXX XXXX XXXX XXXX XXXX XXXX XXXX XXXX XXXX XXXX XXXX XXXX XXXX XXXXI kindly request that you take immediate action to block and delete all accounts that have been compromised as a result of this data breach. Additionally, please provide me with written confirmation once this has been completed. If you require any further information or documentation to process my request, please do not hesitate to contact me at my email address XXXXThank you for your prompt attention to this matter. I look forward to your swift response.'",Improper use of your report,Credit reporting or other personal consumer reports,Credit reporting,Reporting company used your report improperly,"EQUIFAX, INC.",2026-07-09T15:10:41.000Z,AL,35023,Closed with explanation,Web
24732818,"I reached out because this account is reflecting as a joint ownership when, in fact, I did not apply for this credit card. I was only listed as an authorized user so that I would be able to make payments in the store account for the original card holder I message to synchrony to dispute the information that is being reported on my credit report and not once or twice that they respond that they couldnt do anything about it the first time they told me to call customer service I called they also said they couldnt do anything about it the second time I chatted with an agent and explain my situation and how it is affecting my credit I requested notification that I had applied for this account and she couldnt provide it. She said the account owner was someone else other than myself so I requested for them to look for the original credit application, and she said that they didnt have that on file, but that they couldnt. remove me from the account although I am not the account owner. I dispute it with a credit agencies, which they referred me back to synchrony and its just been a circle. Under XXXX U.S.C XXXX ( b ) the furniture must contact in investigation and report accurate information back to the bureaus which in fact is not happening they couldnt verify if I had applied for the credit they couldnt verify any of the credit application and that is a clear violation of my rights as a consumer.",Incorrect information on your report,Credit reporting or other personal consumer reports,Credit reporting,Information belongs to someone else,SYNCHRONY FINANCIAL,2026-07-29T17:53:14.000Z,TX,775XX,Closed with explanation,Web
24151621,"Experian and XXXX has failed to fulfill its legal obligation under the Fair Credit R Act ( FCRA ) to conduct a reasonable reinvestigation of disputed information credit report, leaving inaccurate or unverifiable accounts unresolved. The Consumer Financial Protection Bureau ( CFPB ) has recently filed a lawsuit against Experian and XXXX, alleging systemic issues such as failing to forward consumer-provided evidence to furnishers, accepting unreliable responses, and failing to adequately notify consumers of dispute outcomes. These failures align with my experience, where Experian and XXXX has neither corrected nor removed disputed items despite the evidence I provided, causing ongoing harm to my credit standing. I am requesting immediate corrective action to remove or amend the disputed accounts, as Experian and XXXX inaction violates federal law and my rights as a consumer.",Improper use of your report,Credit reporting or other personal consumer reports,Credit reporting,Reporting company used your report improperly,Experian Information Solutions Inc.,2026-07-13T21:38:04.000Z,LA,70301,Closed with explanation,Web
24639126,"I deposit 2 different checks, different dates, 1 on the XXXX and another on the XXXX of XXXX, it's the XXXX and none are avaliable in my account, creating problems to pay my bills, credit cards, business, etc",Managing an account,Checking or savings account,Savings account,Deposits and withdrawals,"BANK OF AMERICA, NATIONAL ASSOCIATION",2026-07-27T16:32:52.000Z,NC,28278,Closed with monetary relief,Web
24622940,"I am filing a formal complaint regarding the handling of my escrow account by Lakeview Loan Servicing, whose loans are serviced by XXXX. In XX/XX/year>, I received a notice that my XXXX property taxes had not been paid, even though they were due on XX/XX/year>. Since late XXXX, I have contacted LakeviewXXXX more than XXXX times requesting that my property taxes be paid from my escrow account. During these conversations, I also discovered that my homeowners insurance had not been paid. After repeated requests, my homeowners insurance was finally paid in late XXXX. However, my property taxes remain unpaid. Over the past several weeks, I have : -Called more than XXXX times. -Spoken with representatives from multiple departments. -Waited on hold for managers for extended periods, including calls lasting over an hour. -Requested and waited for promised callbacks that either did not occur or did not resolve the issue. -Repeatedly explained the same problem to different representatives. Despite all of these efforts, my property taxes still have not been paid. As a result, I have received delinquency notices and have incurred late fees and penalties through no fault of my own. There are sufficient funds in my escrow account to cover these taxes. I have fulfilled my obligations by making my mortgage and escrow payments on time. The failure to pay my property taxes is entirely the result of the mortgage servicer 's inaction. This experience has been incredibly frustrating and has caused unnecessary stress, wasted time, and financial consequences. After months of trying to resolve this issue directly with Lakeview and XXXX, I have lost confidence in their ability to properly manage my escrow account. I am requesting that this matter be investigated immediately, that my property taxes be paid without further delay, that any late fees or penalties resulting from this error be reimbursed, and that steps be taken to ensure this does not happen again. Based on my experience, I would not recommend Lakeview or XXXX to other homeowners due to their poor communication, lack of follow-through, and failure to properly administer escrow payments.",Trouble during payment process,Mortgage,Conventional home mortgage,"Escrow, taxes, or insurance","LAKEVIEW LOAN SERVICING, LLC",2026-07-27T02:47:00.000Z,CA,95691,Closed with explanation,Web
24251267,"In accordance with the Fair Credit Reporting Act, this creditor has violated my rights. Under 15 USC 1681, section 602 states I have the right to privacy. 15 USC 1681 section 604a, section 2, it also states a consumer reporting agency can not furnish an account without my written instructions. Under 15 USC 1666b, a creditor may not treat a payment on a credit card account under an open end consumer credit plan as late for any purpose.",Improper use of your report,Credit card,Store credit card,Reporting company used your report improperly,"CITIBANK, N.A.",2026-07-16T02:48:18.000Z,MA,01109,Closed with non-monetary relief,Web
24247953,"My income reduction to {$1400.00} is temporary until XXXX, when my employment with the school district regroups with full hours and overtime. XXXXXXXX XXXX is refusing to offer me a short-term FHA Special Forbearance or adjust my timeline, and is instead threatening foreclosure within 30 days based on an unsigned XX/XX/XXXX plan. This violates HUD servicing guidelines for seasonal and school-system employees facing temporary income fluctuations.",Struggling to pay mortgage,Mortgage,FHA mortgage,"Applying for or obtaining a modification, forbearance plan, short sale, or deed-in-lieu",MIDFIRST BANK,2026-07-16T01:01:34.000Z,NY,124XX,Closed with non-monetary relief,Web
25206546,"They claim on my credit report that this item is charged off, however I make timely payments on the account. Each payment I make extends the negative report time frame. Am I better off, just NOT paying these liars?",Problem with a company's investigation into an existing problem,Credit reporting or other personal consumer reports,Credit reporting,Their investigation did not fix an error on your report,TRUIST FINANCIAL CORPORATION,2026-08-11T14:27:33.000Z,CA,93550,Closed with explanation,Web
24172018,"This letter serves as my initial dispute concerning inaccurate, incomplete, misleading, and unverifiable information currently appearing on my credit report. Pursuant to the Fair Credit Reporting Act ( FCRA ) 1681e ( b ), credit reporting agencies must maintain and report only information that is fully accurate and verifiable. Under FCRA 1681i, you are also obligated to perform a proper investigation of all disputed accounts and information.",Improper use of your report,Credit reporting or other personal consumer reports,Credit reporting,Reporting company used your report improperly,"TRANSUNION INTERMEDIATE HOLDINGS, INC.",2026-07-14T11:25:37.000Z,TX,759XX,Closed with non-monetary relief,Web
24125247,"In XXXX, I called SECU for mortgage assistance. They verbally agreed to help me, but when they sent the paperwork, they buried a requirement for XXXX immediate payments in the same month of XXXX, which was impossible under my financial hardship. Because this was not clearly explained verbally, I made my payment in XXXX, believing the XXXX dates were a typo. SECU has now canceled my assistance based on this unfeasible plan and is refusing to review me for a standard Loan Modification",Struggling to pay mortgage,Mortgage,USDA mortgage,"Trying to communicate with the company to fix an issue related to modification, forbearance, short sale, deed-in-lieu, bankruptcy, or foreclosure",STATE EMPLOYEES’ CREDIT UNION,2026-07-13T05:00:52.000Z,NC,27546,Closed with explanation,Web
24211107,"LoanCare denied my FHA loss mitigation application under a program that is no longer active, for a reason its own records disprove, on a loan where LoanCare already approved a partial claim it never finalized. Follow-up to CFPB Complaint ID XXXX. Loan XXXX | FHA Case XXXX | XXXX XXXX XXXX XXXX, XXXX FL XXXX ( primary residence ) | Foreclosure : XXXX XXXX XXXX XXXX XXXX XXXX, No. XXXX ( XXXX XXXX. XXXX ) THE UNFINALIZED PARTIAL CLAIM XX/XX/XXXX : LoanCare approved a {$12000.00} partial claim. I accepted, signed XX/XX/XXXX before LoanCare 's own mobile notary, and XXXX it on its prepaid label XX/XX/XXXX, eleven days before its XX/XX/XXXX deadline. It passed LoanCare 's quality control XX/XX/XXXX. LoanCare never finalized or recorded it ; no HUD subordinate lien exists in XXXX XXXX XXXX On XX/XX/XXXX HUD confirmed in writing that no partial claim is on file and LoanCare must submit corrective documentation. On XX/XX/XXXX a rep acknowledged the error and said foreclosure was suspended. Had it been finalized, the loan would have been current in XX/XX/XXXX. The {$48000.00} now demanded up from {$38000.00} in XX/XX/XXXX exists solely because of LoanCare 's inaction. THE XX/XX/XXXX DENIAL ( Form XXXX ) I applied XX/XX/XXXX ; LoanCare denied XX/XX/XXXX. 1. RETIRED PROGRAM. I was evaluated for "" Recovery Modification-Trial, '' a COVID-19 Recovery Option. That is not an active FHA program and was not available on the date of the determination. I ask LoanCare to identify the specific policy, and its effective date, under which it evaluated me. The notice names no option in the operative waterfall : not standalone partial claim, standalone modification, combination modification/partial claim, or payment supplement. 2. TRIAL NEVER OFFERED. I was denied at the trial stage of an option never presented to me : no terms, no chance to accept or decline. 3. THE REASON IS FALSE. Sole reason : "" You have not made 4 or more principal & interest payments. '' LoanCare 's own Customer Account Activity Statement dated XX/XX/XXXX shows {$2800.00} applied to the XX/XX/XXXX, XX/XX/XXXX and XX/XX/XXXX installments, net of XXXX reversal. My bank statements show XXXX more {$2800.00} debits by "" XXXX LOANCARE XXXX - TYPE : XXXX XXXX '' clearing XX/XX/XXXX and XX/XX/XXXX. That is XXXX. The same statement shows the loan transferring from XXXX XXXX on XX/XX/XXXX, so the first three went to the prior servicer. A servicing transfer does not reset the payment count. The notice states no measuring period. By phone XX/XX/XXXX LoanCare said "" XXXX payments since origination '' a different condition. A threshold with no measuring period is not a specific reason under 1024.41 ( d ). XXXX. CONTRADICTION. The notice says payment "" was due on XXXX, '' yet two payments cleared to LoanCare in XX/XX/XXXX and XX/XX/XXXX. Either they were applied and the due date is wrong, or LoanCare must account for funds it took. XXXX. NEVER SENT TO ME. On XX/XX/XXXX a rep acknowledged the denial was communicated without the required written decision. The document I am appealing is an internet reprint I obtained myself. It states no appeal right, no deadline, no method, just a phone number. XXXX. DEFECTIVE ADVERSE ACTION. The notice says a XXXX score influenced the decision, then reports it as "" XXXX, '' created "" N/A, '' all XXXX adverse factors "" N/A. '' XXXX is not a credit score. XXXX. STEERED TO DISPOSITION. After denying one inactive program, the notice jumps to Short Sale and Deed in Lieu, skipping the home retention waterfall entirely, including the partial claim LoanCare itself approved. STATUS I filed a timely XXXX ( h ) appeal XX/XX/XXXX ( attached ). My Fifth Supplemental Notice of Error, receipt confirmed XX/XX/XXXX, raised the payment-count and transfer-reset errors and is unanswered. LoanCare said foreclosure was suspended XX/XX/XXXX, denied me XX/XX/XXXX, and XXXX 's counsel has moved for final judgment. I also received notice of a servicing transfer effective XX/XX/XXXX naming LoanCare as both current and new servicer.",Struggling to pay mortgage,Mortgage,FHA mortgage,"Trying to communicate with the company to fix an issue related to modification, forbearance, short sale, deed-in-lieu, bankruptcy, or foreclosure","LoanCare, LLC",2026-07-15T05:46:38.000Z,FL,330XX,Closed with explanation,Web
24177060,I respectfully state that I had no involvement in the creation of the listed accounts. Please review the matter carefully and remove them if validated. Documentation is enclosed.,Incorrect information on your report,Credit reporting or other personal consumer reports,Credit reporting,Account information incorrect,"TRANSUNION INTERMEDIATE HOLDINGS, INC.",2026-07-14T14:40:00.000Z,TX,75061,Closed with explanation,Web
24725798,M & T bank falsely accused me of fraudulent activity and closed my checking account with no valid reasoning. I deposited XXXX in savings and tried to withdraw the money from my account to purchase a vehicle in cash. I was declined the withdrawal and my account was closed. I provided bank statements of where the funds came from and the reasoning for it. I was accused and defamed of a felony.,Managing an account,Checking or savings account,Checking account,Deposits and withdrawals,M&T BANK CORPORATION,2026-07-29T15:12:54.000Z,MD,21218,Closed with explanation,Web
24688796,My report includes inquiries that I believe do not meet the permissible purpose requirement set forth in 15 USC 1681b. I suspect these inquiries were made in error and am requesting their removal.,Written notification about debt,Debt collection,Other debt,Notification didn't disclose it was an attempt to collect a debt,"TRANSUNION INTERMEDIATE HOLDINGS, INC.",2026-07-28T18:30:27.000Z,TX,75104,Closed with non-monetary relief,Web
24697355,"I am disputing the balance reported by Ability Recovery Services regarding my XXXX XXXX XXXX account. I obtained my account records directly from XXXX XXXX XXXX. According to XXXX XXXX own student ledger, the final balance on my account is {$1400.00}. However, Ability Recovery Services is reporting an original balance and current balance of {$1500.00} to the consumer reporting agencies. I dispute the accuracy of the balance being furnished. I request that Ability Recovery Services provide : XXXX. A complete itemized accounting showing exactly how the reported balance of {$1500.00} was calculated. XXXX. Documentation supporting every fee, charge, adjustment, or amount added after XXXX XXXX final ledger balance of {$1400.00}. XXXX. Documentation establishing Ability Recovery Services legal authority to collect this account, including documentation showing when the account was assigned or transferred by XXXX XXXX XXXX. XXXX. A complete payment history and account transaction history. XXXX. Documentation demonstrating that every item furnished to XXXX XXXX XXXX XXXX is complete and accurate. XXXXXXXX XXXX own records do not match the balance currently being reported. If Ability Recovery Services can not substantiate the reported balance with competent documentation, I request that the inaccurate information be corrected or deleted from all consumer reporting agencies in accordance with the Fair Credit Reporting Act. I have attached XXXX XXXX enrollment agreement, XXXX XXXX student ledger, and a copy of my credit report showing the reported balance of {$1500.00} as supporting documentation. I never completed or submitted any lessons in the program. I stopped participating and stopped making payments. I request documentation showing how the balance was calculated under my enrollment agreement and why I am being held responsible for the reported balance of {$1500.00}. I also request an itemized accounting explaining the difference between XXXX XXXX student ledger balance of {$1400.00} and the {$1500.00} being reported by Ability Recovery Services.",Attempts to collect debt not owed,Debt collection,Private student loan debt,Debt is not yours,"Ability Recovery Services, LLC",2026-07-28T21:41:38.000Z,NY,10460,Closed with explanation,Web
24155680,This company is violating my rights they have not provided validation Information Under 12 CFR 1006.34 ( b ) ( 5 ) yet they have placed a collection on my consumer report recently.,Took or threatened to take negative or legal action,Debt collection,I do not know,Threatened or suggested your credit would be damaged,Johnson Mark P.C.,2026-07-13T22:54:44.000Z,HI,96826,Closed with explanation,Web
24386282,I was overcharged and charged twice for my XX/XX/year> google one statement. Every month I pay {$3.00} for google one storage but in XX/XX/year> I was charged {$3.00} AND {$32.00}. I disputed it with my credit card but they said only the merchant could do it so I tried to get help from google but they said they couldn't find anything wrong with my account. I have a receipt showing I was charged both {$3.00} AND {$32.00} for XXXX XXXX of storage for the month. I have been in contact with google for months and nothing has been resolved.,Problem with a purchase shown on your statement,Credit card,General-purpose credit card or charge card,Overcharged for something you did purchase with the card,Google Compare Credit Cards Inc.,2026-07-20T17:22:48.000Z,UT,84095,Closed with explanation,Web
24502936,Threatening to sue me over a debt that I have been asking to send me options to pay on since I have been sick without income and my husband has XXXX and very ill but they threaten to sue I have been paying on this and have wrote them explaining this to them and told them I would pay every XXXX weeks and dates I would mail payments but today they called my sick husband and my granddaughter scared her told her they had a case against but if I would call them they called from XXXX but said to call XXXX and the person name was XXXX XXXX,Took or threatened to take negative or legal action,Debt collection,Credit card debt,Threatened to sue you for very old debt,SYNCHRONY FINANCIAL,2026-07-23T02:38:25.000Z,TN,385XX,Closed with explanation,Web
24238422,"My mortgage servicer, Onity Mortgage Corporation, improperly denied a payment deferral that was previously approved by XXXXXXXX XXXX and offered again by Onity on XX/XX/year>. I submitted the required deferral form on XX/XX/year>. Onity denied the deferral based on loan modification trial payments, even though modification was optional and deferral required no trial payments. Onity has refused to accept regular payments since XX/XX/year>, refused to provide required documentation, and failed to evaluate loss mitigation options according to Regulation X.",Struggling to pay mortgage,Mortgage,Conventional home mortgage,"An existing modification, forbearance plan, short sale, or other loss mitigation relief",Ocwen Financial Corporation,2026-07-15T18:42:16.000Z,CO,80923,Closed with explanation,Web
23883579,"I am writing to formally file a complaint regarding unauthorized accounts that persist on my credit report despite my repeated efforts to have them removed. These accounts are causing significant damage to my financial reputation and overall well-being. It is evident that the inclusion of these fraudulent items violates XXXX XXXX XXXX regarding permissible purposes, as the credit bureaus have no legitimate reason to report them without my explicit consent. Please refer to the attached file detailing these items I am disputing. The Fair Credit Reporting Act ( XXXX XXXX Code XXXX ) says ( XXXX ) The banking system is dependent upon fair and accurate credit reporting. Inaccurate credit reports directly impair the efficiency of the banking system, and unfair credit reporting methods undermine the public confidence, which is essential to the continued functioning of the banking system. So whenever there is a violation under the FCRA, it impairs the efficiency of the banking system. This is a violation of my privacy with my consumer report, since I control what is listed and what is not. In the event that any accounts are reported without my written consent, that is considered identity theft.",Improper use of your report,Credit reporting or other personal consumer reports,Credit reporting,Reporting company used your report improperly,Experian Information Solutions Inc.,2026-07-05T19:04:20.000Z,TX,76119,Closed with non-monetary relief,Web
23922490,"Inquiry from XXXX on XXXX XXXX,2022 In the amount of {$4100.00}. I don't recognize this lender and I don't remember authorizing them to perform a hard inquiry on my credit report. By the provisions of the Fair Credit Reporting Act, I demand that these items be investigated and removed from my report. Please remove any information that the creditor can not verify. I understand that under 15 U.S.C. Sec. 1681i ( a ), you must complete this reinvestigation within 30 days of receipt of this letter. Thank you for your time and help in this matter.",Improper use of your report,Vehicle loan or lease,Loan,Credit inquiries on your report that you don't recognize,Stellantis Financial Services US Corp.,2026-07-07T00:56:55.000Z,SC,290XX,Closed with explanation,Web
24670352,"A fair resolution would be for Kia Motor Finance to conduct a complete investigation and verify the accuracy and consistency of all information being reported for account ending in XXXX. This account is being reported inconsistently between the credit bureaus, with different account statuses, balances, and reporting information. I request verification of the complete payment history, date of first delinquency, charge-off details, balance calculations, and the accuracy of the account status being furnished. If Kia Motor Finance can not verify that the information being reported is accurate, complete, and consistent across all consumer reporting agencies, I request that the inaccurate information be corrected or permanently deleted from my credit reports. If the information is verified, I request correction of any inaccurate or incomplete reporting to ensure compliance with the Fair Credit Reporting Act, including 15 U.S.C. 1681e ( b ) and 15 U.S.C. 1681i.",Attempts to collect debt not owed,Debt collection,Auto debt,Debt was result of identity theft,HYUNDAI CAPITAL AMERICA,2026-07-28T09:25:37.000Z,FL,33324,Closed with explanation,Web
24733939,"I sent information to the mortgage company ( Newrez ) regarding my husband 's VA XXXX status, which was updated with the Taxing authority in XX/XX/XXXX. I presented the information to the mortgage company shortly afterward. The mortgage company ( Newrez ) updated the status in their computer. The XXXX authority sent us refunds for the prior years XXXX and XXXX. The mortgage company continued to deduct taxes and add them to escrow for the entire XXXX year. In XXXX and XXXX of XXXX, they performed a new analysis. The first analysis said I had a negative escrow, and the 2nd analysis said they owed me a refund of XXXX. At this point, we were sent a refund check for the property taxes only. The MUD taxes were never returned to us. Although the tax authority returned the money to the mortgage company on XX/XX/XXXX. The first excuse for not sending the full amount was that the Tax Authority had not returned the money. But now the Tax Authority has returned the money to Newrez, it is just sitting in my escrow account. The mortgage company ( Newrez ) says that although I paid the full amount of taxes for XXXX, I am only due XXXX, which does not include the XXXX paid for MUD. The total amount of taxes paid into my escrow in XXXX was XXXX. They said that, per protocol, they are unable to return my money and can not conduct a new escrow analysis. The supervisor said that it may "" look like '' I am due a refund ; in actuality, I am not. They said a new analysis will be done in XXXX, and if there is any overage, they will know then. I have called each month, and then they send me a generic letter stating that they are looking into the matter and that it will take 30 days for a final decision. I have sent demand letters, and the supervisor said today that she can see them and that it will be 30 days for a response. I am not sure how it is legal for Newrez to keep the tax money I paid, and for Newrez to send it to the tax authority. The tax authority sent the money back to Newrez because I do not owe taxes. Newrez knows this and lowered my mortgage and stopped taking taxes out. My escrow account has never been negative, and I am not behind on my mortgage. I do not owe them any additional fees. My insurance has also been paid in full through my escrow by Newrez.",Trouble during payment process,Mortgage,FHA mortgage,"Escrow, taxes, or insurance","Shellpoint Partners, LLC",2026-07-29T17:37:21.000Z,TX,77545,Closed with explanation,Web
24506985,"PRIOR CFPB CASE NUMBER : COMPLAINT ID XXXX XXXX XXXX File Number : XXXX Original Creditor : XXXX XXXX XXXX. I am filing this follow-up complaint because Rausch Sturm provided a false and non-functional resolution to my previous CFPB case. The first installment of {$78.00} was attempted on XX/XX/XXXX, but their defective portal actively blocked the transaction. Following that initial case, Rausch Sturm restored my website portal access and sent me a formal letter explicitly stating I could resolve this debt by paying through their website. Acting in complete good faith, I logged in to make the payment. However, their website portal is entirely defective. When I input my information, the system flags my bank routing number as "" invalid. '' I have since double-checked and verified directly with my financial institution that this XXXX-digit routing number is XXXX % correct, active, and valid for electronic ACH transactions. I even copied and pasted it directly from my online banking profile. I uploaded screenshots of this system error directly into Rausch Sturm 's portal early last week and left multiple voicemails explaining the technical issue. They have completely ignored my outreach. Rausch Sturm authorized website payments to a federal agency, but their broken payment infrastructure is actively blocking me from paying. Meanwhile, they continue to threaten me with a process server. I request that the CFPB compel XXXX XXXX to manually process my payment over the phone with no extra fees, honor the date of my original XX/XX/XXXX attempt, and stop all legal escalation.",Took or threatened to take negative or legal action,Debt collection,Credit card debt,Threatened or suggested your credit would be damaged,Rausch Sturm LLP,2026-07-23T04:56:04.000Z,TX,75071,Closed with explanation,Web
24202086,"I sold my property XXXX XXXX XXXX XXXX Tx XXXX on XXXX. XXXX Texas title wired the payoff to New Rez XXXX. On XXXX XXXX New rez paid the insurance premium that was already canceled because the automated service when you call is telling me to provide proof of insurance. So XXXX had already informed them of the cancelation of course because the property sold. So they knew this and still mailed a check to XXXX ( XXXX confirms the policy is canceled and have NOT received any insurance payment from New Rez on the old policy ) XXXX XXXX title was on conference call with me and New Rez. They informed New Rez what they are doing is illegal. They explained to them I no longer own the property as of XXXX, and that they wired them the payoff on XXXX. They must stop payment on the insurance premium place it back in escrow and post the payoff, and any remaining balance is due back to me. They proceeded to say if I don't pay they will send back the wired payoff. Said they can request the stop payment but most likely won't be approved due to the check sent for payment of the insurance was a bulk check which included other borrowers insurance payment. XXXX XXXX XXXX from XXXX Texas Title has forwarded the case to their attorneys.",Trouble during payment process,Mortgage,FHA mortgage,Paying off the loan,"Shellpoint Partners, LLC",2026-07-14T23:48:06.000Z,TX,75604,Closed with explanation,Web
24516600,"I dispute Credit Control, LLCs response because it avoids the substance of my complaint and fails to address the serious accuracy and documentation issues raised. Credit Control did not provide a verification of the alleged debt. It did not provide account records, a balance breakdown, documentation of ownership or authority to collect, or any explanation reconciling the conflicting information identified in my complaint. Instead, Credit Control issued a procedural response claiming it could not respond because additional identifying information was needed. I am willing to provide reasonable identity verification information through the CFPB complaint process. However, identity verification does not eliminate Credit Controls obligation to investigate the specific allegations raised once the account is associated with me. My complaint identified material inconsistencies that Credit Control has still failed to address : The account identifier used by Credit Control does not match the XXXX account identifier appearing on my credit reports. Credit Control claims a balance of {$1400.00}, while the credit reporting agencies reflect a materially different balance. Credit Control has not explained the source, date, or authorization for the additional {$250.00} in charges or fees. Credit Control has not explained the nature of the {$160.00} payment or credit applied to the alleged account. The account is being reported inconsistently across XXXX XXXX, and XXXX, including differences in account status, balance, dates, and collection history. Credit Control has not explained whether this is the same alleged XXXX obligation previously associated with XXXX XXXX XXXX, whose collection tradeline was deleted from the consumer reporting agencies. A debt collector can not resolve a disputed collection account by simply stating that it needs more information and refusing to address the accuracy of its records. The central issue is whether Credit Control possesses competent documentation proving it is collecting the correct account, from the correct consumer, for the correct amount. I request that Credit Control provide a substantive response supported by account-level documentation, including : XXXX. Documentation establishing the identity of the alleged account. XXXX. A complete itemized account ledger. XXXX. Documentation supporting all charges, fees, payments, and adjustments. XXXX. Documentation establishing Credit Controls authority to collect. XXXX. A reconciliation between Credit Controls records and the information furnished to XXXX XXXX, and XXXX. XXXX. An explanation of the connection between Credit Controls account identifier and the previously reported XXXX account associated with XXXX XXXX XXXX. Until Credit Control provides competent documentation resolving these discrepancies, I continue to dispute this alleged debt in its entirety. The companys response should not be considered a resolution because it failed to investigate or answer the actual allegations presented in my complaint.",Attempts to collect debt not owed,Debt collection,Telecommunications debt,Debt is not yours,"Credit Control, LLC",2026-07-23T13:48:31.000Z,FL,33312,Closed with explanation,Web
24236165,"I have several accounts that are reporting late payments, but I made the payments on time. I have attached supporting documentation for each account to prove they were not late. I have already disputed these inaccuracies with the credit bureaus and contacted the creditors directly, but the accounts have not been corrected.",Improper use of your report,Credit reporting or other personal consumer reports,Credit reporting,Reporting company used your report improperly,"TRANSUNION INTERMEDIATE HOLDINGS, INC.",2026-07-15T20:07:46.000Z,IL,601XX,Closed with non-monetary relief,Web
24192926,"You have reported inaccurate and unauthorized accounts on my credit report, which is a violation of the Fair CreditC Reporting Act ( 15 U.S. Code 1681i ) requiring a proper reinvestigation of disputed items, and 1681e ( b ), which mandates maximum possible accuracy. These false entries are damaging and unjust, especially since Ive never opened or authorized these accounts. If you fail to investigate and correct this, I may pursue legal action under the FCRA and FDCPA ( 15 U.S. Code 1692e ) for deceptive and misleading reporting.",Improper use of your report,Credit reporting or other personal consumer reports,Credit reporting,Reporting company used your report improperly,"TRANSUNION INTERMEDIATE HOLDINGS, INC.",2026-07-14T20:16:33.000Z,TN,38104,Closed with explanation,Web
24378088,"RADIUS GLOBAL SOLUTIONS, LLC is reporting a collection account with a balance of {$270.00}. The account shows a date opened of XX/XX/XXXX, and the balance was updated on XX/XX/XXXX. I dispute the accuracy and validity of this alleged debt and requested proper validation and verification. I have not received sufficient documentation establishing the original creditor, the basis for the amount claimed, the date of default, or the companys authority to collect and report the account. I am requesting a complete investigation and correction or deletion of any information that can not be properly verified.",False statements or representation,Debt collection,I do not know,Attempted to collect wrong amount,Radius Global Solutions LLC,2026-07-20T14:27:27.000Z,TX,77077,Closed with non-monetary relief,Web
24029832,"A foreclosure sale of my property at XXXX XXXX XXXX, XXXX, TN XXXX is scheduled for XX/XX/year>. The sale is the direct result of PennyMac Loan Services mishandling the short sale that PennyMac itself instructed me to pursue. This loan is in my name. After marketing the property for about two years without a sale, I called PennyMac to ask about a short sale. A PennyMac customer service representative told me the account needed to be three to four months delinquent before a short sale could be considered. Relying on that instruction, I stopped payments and the account became delinquent in XX/XX/year>. That call should be in PennyMacs records. In XX/XX/year>, PennyMac assigned a short sale representative, XXXX XXXX XXXX I had a ready, willing, and able buyer under contract at {$390000.00}, waiting to close as soon as PennyMac approved. PennyMac knew the buyer was waiting and that timing was critical. PennyMac held the file for about two months, demanded piecemeal re-submissions, and never provided a completeness determination, an approval, or a closing date. XXXX XXXX repeatedly said XXXX XXXX review takes about six weeks but could never confirm the status of the file. On XX/XX/year>, the full package was submitted, incorporating every revision she specified. Then on XX/XX/year>, at the last minute, PennyMac demanded for the first time my husbands signature on all transaction documents, a requirement never mentioned in any prior request. The documents had to be redone, and the delay caused the buyer to terminate the contract. PennyMac never told me there was any deadline to find a new buyer or that foreclosure would proceed. Instead it scheduled the XX/XX/year> foreclosure sale and placed the property up for auction. My real estate agent is now blocked from relisting the property because of the pending auction, so PennyMacs own actions prevent the remarketing that would produce a better outcome for everyone, including the investor. XXXX XXXX Loan Lookup confirms XXXX XXXX owns this loan. On XX/XX/year>, I sent PennyMac a Notice of Error under 12 CFR 1024.35 and a Request for Information under 12 CFR 1024.36 by certified mail, and I escalated to XXXX XXXX. Given the sale date, I am asking the CFPB to expedite this complaint.",Struggling to pay mortgage,Mortgage,Conventional home mortgage,Foreclosure,"PENNYMAC LOAN SERVICES, LLC.",2026-07-09T16:05:07.000Z,TN,38017,Closed with explanation,Web
24488707,"I purchased a security system through XXXX, and it was financed with XXXX, which is part of Atlanticis XXXX Corporation. I used XXXX online system to set up auto pay, and put two accounts on file. It has been pulled from the primary account for two years with no issues. I recently had to close that account and assumed it would pull from the backup account, which it did not. Causing me to have a late payment, XXXX acknowledged the issue and refunded the late payment, and I went ahead and paid off the balance. However they did not remove the late payment remark and it has impacted my credit. I am in the middle of acquiring a mortgage and this dropped my credit score XXXX points. My mortgage company needs a letter of deletion for my mortgage to go forward.",Incorrect information on your report,Credit card,General-purpose credit card or charge card,Account status incorrect,Atlanticus Services Corporation,2026-07-22T20:04:08.000Z,TX,79705,Closed with non-monetary relief,Web
24685129,I have no idea what this is. I didn't even know XXXX was still around. I have have had XXXX for over a XXXX. I don't know who this is and why they are sending me to collections. Please removed or I will be forced to sue the company for wrongfully debt collecting.,Attempts to collect debt not owed,Debt collection,Telecommunications debt,Debt is not yours,"I.C. System, Inc.",2026-07-28T17:15:17.000Z,AZ,85747,Closed with explanation,Web
24604778,"I received a text message from Allied Interstate LLC multiple notifications regarding reference number XXXX. The message named XXXX different entities Allied Interstate, XXXX XXXX XXXX, XXXX, and XXXX XXXX XXXX without identifying which XXXX actually owns this debt. This account was a secured credit card. I funded it with a {$600.00} security deposit. Allied Interstate is claiming a balance of {$310.00}. No one has ever accounted for what happened to my {$600.00} deposit. If it had been applied to the balance as the security agreement required, there would be no balance to collect. I sent Allied Interstate a written dispute and demand for validation. I asked for the date and amount of the security deposit, whether it was applied, and where those funds are now. I also asked for the chain of assignment and proof of their XXXX surety bond. Allied Interstates published state licensing disclosures list eleven states and do not include XXXX. They have not produced validation, an itemization, or any accounting of the deposit. Fair resolution : A full itemized accounting showing the disposition of my {$600.00} security deposit, documentation of who owns this debt, proof of XXXX bonding, and deletion of the account from my credit reports if they can not document the balance.",Written notification about debt,Debt collection,Credit card debt,Didn't receive enough information to verify debt,IQOR US INC,2026-07-25T17:42:26.000Z,TX,787XX,Closed with explanation,Web
24483272,"b'SECTION I: OVERCOMING AUTOMATED ""DUPLICATE"" FILTERS\nCRITICAL PRELIMINARY NOTICE TO CFPB INTAKE ANALYST\nNOT A DUPLICATE: This is a newly matured, distinct complaint addressing willful administrative evasion, federal regulatory non-compliance, and the bad-faith manipulation of the CFPB Consumer Response Portal committed by XXXX XXXX on July 17, 2026, which has transpired since the closure of Complaint ID 260707-35149543.\nTHE COMPLIANCE EVASION SCHEME: On July 17, 2026, XXXX XXXX Customer Advocacy Coordinator (Theresa A. Connors) filed a response in Complaint ID 260707-35149543 asserting an ""inability to address the consumer\'s issue"" due to ""no third-party authorization on file permitting us to discuss the account with this individual.""\nDEMONSTRATED DECEPTION: This is a fraudulent administrative stall designed to freeze the CFPB\'s strict 15-day response clock. I, XXXX XXXX XXXX, am the primary, sole borrower, deeded property owner, and direct account holder on Loan No. 0105054175. I filed the complaint under my own name, from my registered email XXXX), with my verified SSN, DOB, and Fairburn, GA mailing address.\nXXXX XXXX\'s claim that the direct, primary borrower is an ""unauthorized third party"" is mathematically and legally impossible. It represents a deliberate, bad-faith attempt to evade federal regulatory oversight and block the primary borrower from disputing a catastrophic escrow over-collection on his residential property.\n\nSECTION II: CHRONOLOGY OF ACTIVE ESCROW MISMANAGEMENT & SUB-SERVICER DEFAULT\nVETERAN STATUS & AD VALOREM EXEMPTION: The primary borrower, XXXX XXXX XXXX, is an honorably discharged U.S. Army veteran rated by the Department of Veterans Affairs as 100% Permanently and Totally XXXX XXXX. Under Georgia law (O.C.G.A. 48-5-48), his primary residence located at XXXX XXXX XXXX XXXX, XXXX, Georgia, is legally exempt from ad valorem property taxation, reducing the property\'s annual tax liability to $0.00 (XXXX County Exemption Code: HF05-SME).\nTHE COMPLIANCE SYNCHRONIZATION FAILURE: Despite XXXX XXXX\'s systems successfully updating their baseline records on May 11, 2026, to acknowledge this $0.00 tax liability, XXXX\'s automated billing platform continues to issue periodic mortgage statements demanding escrow advances based on obsolete historical tax rates of $1,167.90.\nUNLAWFUL WITHHOLDING OF FUNDS: XXXX XXXXXXXX is currently holding $1,373.00 of the borrower\'s funds in an ""Unapplied Funds/Suspense"" account while concurrently declaring the escrow account delinquent and threatening foreclosure because the borrower refuses to pay the unauthorized escrow over-collections. XXXX is also withholding $550.07 in an active escrow account that should reflect a zero-balance reserve requirement.\nFORMAL MASTER SERVICER ESCALATION: Due to the sub-servicer\'s (XXXX XXXX persistent portal evasion, on July 22, 2026, the borrower formally served a Notice of Agent\'s Non-Compliance and Certified Enclosure Inventory directly upon the master note-holder and master loan servicer, Lakeview Loan Servicing, LLC, via XXXX Certified Mail (Return Receipt Requested) from the post office in XXXX, GA 30213:\nDispatch Track 1 (Texas Legal Compliance): XXXX Tracking No. 9589 0710 5270 2570 8273 50 (8950 XXXX XXXX XXXX XXXX, TX 75019).\nDispatch Track 2 (Florida Corporate HQ): USPS Tracking No. 9589 0710 5270 2570 8273 36 (XXXX XXXX XXXX XXXX XXXX, XXXX XXXX, FL 33146).\nBINDING FEDERAL LITIGATION PRECEDENT: Under the direct precedent of XXXX XXXX XXXX, XXXX. v. Lakeview Loan Servicing, LLC and XXXX XXXX, Case No. 3:25-cv-00361-NJR, the federal court affirmed that Lakeview (as XXXX XXXX) retains ultimate, non-delegable liability for the statutory RESPA and Regulation X escrow violations committed by its sub-servicing agent XXXX XXXX). Both entities are now on certified notice of their joint liability.\n\nSECTION III: SPECIFIC STATUTORY & REGULATORY VIOLATIONS\nVIOLATION OF RESPA SECTION 6 (12 C.F.R. 1024.35): Failure to perform a reasonable investigation, correct the escrow ledger, and return the account to good standing within the 30-day statutory response window following multiple Qualified Written Requests (QWR) / Notices of Error (NOE).\nVIOLATION OF REGULATION X (12 C.F.R. 1024.17): Performing a fraudulent escrow analysis using obsolete, historical property tax data, resulting in the unauthorized over-collection of escrow advances on a property with an active $0.00 county tax digest.\nVIOLATION OF THE FAIR DEBT COLLECTION PRACTICES ACT (15 U.S.C. 1692e(2)(A) & 1692f(1)): Because XXXX Bank acquired the servicing rights post-default, it operates as a ""debt collector"" under 15 U.S.C. 1692a(6). Utilizing monthly statements containing deceptive, non-mandatory, and coercive demands for non-existent property taxes constitutes a strict-liability violation of federal collection laws under Eleventh Circuit precedent XXXX XXXX XXXX XXXX XXXX XXXX 34 F.4th 1260).\nGEORGIA VULNERABLE CONSUMER EXPOSURE (O.C.G.A. 10-1-850): The servicer\'s deliberate, bad-faith strategy of portal evasion, automated ledger locks, and false ""unauthorized third-party"" filings directly targets a 100% XXXX XXXX veteran with documented clinical findings of spatial disorientation, exposing the institutions to enhanced state civil penalties of up to $100,000.00 for deceptive trade practices.'",Trouble during payment process,Mortgage,Conventional home mortgage,"Escrow, taxes, or insurance","LAKEVIEW LOAN SERVICING, LLC",2026-07-22T18:18:16.000Z,GA,30213,Closed with explanation,Web
24396490,"b'I am filing a formal consumer complaint against Credit Control Services Inc for willful non-compliance with the Fair Debt Collection Practices Act (FDCPA), 15 U.S.C. 1692g, and CFPB Regulation F (12 CFR 1006.34).On XXXX XXXX XXXX I submitted a timely written Debt Validation Request via USPS Certified Mail (Tracking Number: XXXX XXXX XXXX XXXX XXXX XXXX regarding an alleged account balance of XXXX (Account Number: XXXX. I possess an official United States Postal Service electronic delivery receipt confirming this dispute package was physically delivered and signed for by an authorized agent at Credit Control Services Inc on XXXX XXXX XXXX, at XXXX XXXXCredit Control Services Inc completely ignored my federal validation request and has failed to provide any verification documentation over the last seven months. Pursuant to 15 U.S.C. 1692g(b), a collection agency must completely cease all debt collection activityincluding the ongoing furnishing, updating, and verifying of account metrics to the credit bureausuntil verification is obtained and mailed to the consumer. By completely bypassing this statutory collection block and continuing to furnish this entirely unvalidated tradeline on my personal consumer credit reports without a reasonable basis to verify its accuracy, Credit Control Services Inc is operating in direct violation of 15 U.S.C. 1692e(2)(A). I demand that the CFPB compel Credit Control Services Inc to immediately cease all collection activity and permanently delete this non-compliant, unverified account from all nationwide consumer reporting agencies.'",Written notification about debt,Debt collection,Other debt,Didn't receive enough information to verify debt,"CCS Financial Services, Inc.",2026-07-20T20:48:44.000Z,PA,186XX,Closed with explanation,Web
24001709,"I am submitting a complaint regarding servicing of my FHA mortgage ( Loan # XXXX, property XXXX XXXX XXXX XXXX, XXXX, OH XXXX ) by Carrington Mortgage Services. Contradictory information about my forbearance plan. On XX/XX/year>, a representative confirmed my plan was active and told me to advise after XX/XX/XXXX whether I could pay three months or proceed to loss mitigation. On XX/XX/year>, during a single phone call, two representatives gave conflicting cancellation dates one said the plan was cancelled that day, the other said about a month earlier. These contradictions within one call show their records are unreliable. Cancellation without notice. I received no written or verbal notice that my plan was cancelled. I only learned of it on XX/XX/year>. Online account contradicts them. As of XX/XX/year>, my account shows the plan as active with a notation that an interview is required, and provides no functional payment option so I could not have paid through their platform even if required. Written notice vs. website conflict. A document Carrington sent states that if the payment is {$0.00}, no action is required. Their website simultaneously said action was required. No representative disclosed this conflict. No substantive responses. The only written communication I receive is generic "" we are ready to help '' letters ( copies attached ). None of my specific questions plan status, cancellation date and basis, application of my payments have been answered in writing. Because Carrington 's representatives gave me contradictory and unreliable information including conflicting cancellation dates within a single call, an online account still showing the plan as active, and no written answers to my questions I could not rely on anything I was told verbally. Even though I had agreed to a new review and possible loan modification, I had no way to trust that my account would be protected while that review was pending. To protect myself against their conflicting statements, I paid {$3700.00} in full to cure the arrears, rather than risk further harm based on information the company itself could not keep straight.",Struggling to pay mortgage,Mortgage,FHA mortgage,"An existing modification, forbearance plan, short sale, or other loss mitigation relief","CARRINGTON MORTGAGE SERVICES, LLC",2026-07-08T21:47:32.000Z,OH,435XX,Closed with explanation,Web
24522820,This account appeared on my credit report and has decreased my credit score causing me to not be able to purchase anything this appeared on my report in 2026. I have no idea who it is because they have no information on my report beside the name of credit company.,Took or threatened to take negative or legal action,Debt collection,I do not know,Threatened or suggested your credit would be damaged,"CCS Financial Services, Inc.",2026-07-23T15:59:31.000Z,LA,70607,Closed with explanation,Web
24432902,"In XX/XX/year> I had to cancel XXXX cruises on XXXX XXXX line. XXXX issued credits to my Barclays XXXX credit card. For the amounts they were refunding. OnXX/XX/XXXX the credits showed up on my account. Later in XXXX Barclays debited me for XXXX of the credit amounts, as follows : {$720.00}, {$580.00} and {$300.00} So, I called Barclays and they filed fraud claims for the XXXX amounts indicated above. In XX/XX/year>, they reversed the charges. So now I have the credits from XXXX back to the account. Now in XX/XX/year>, Barclays has debited my account again, for the same XXXX amounts above. So, I called them again and the cycle started over by filing fraud claims, when I called to check on the claims "" They told me they were not fraudulent that they were account balancing ''? So they then transferred me to the disputes department, who told me I can not file a dispute because I filed a fraud claim. So they can not correct this issue. So they transferred me to a supervisor to close the account- I told her I was going to pay they amount I truly owed them. I told them they could chase me until I die to get the money they are trying to steal from me!",Problem with a purchase shown on your statement,Credit card,General-purpose credit card or charge card,Card was charged for something you did not purchase with the card,BARCLAYS BANK DELAWARE,2026-07-21T16:47:31.000Z,FL,32738,Closed with explanation,Web
24680755,"1. Issue Summary ( CFPB What is the problem? field ) I am seeking assistance with an unresolved refund dispute on my XXXX XXXX Credit Card issued by Synchrony Financial ( account ending XXXX ). Despite submitting complete documentation and multiple disputes since XX/XX/XXXX, Synchrony has not refunded the remaining {$980.00} owed to me for merchandise returned to Lowes Store # XXXX. Synchrony issued provisional credits and later reversed them without explanation. The dispute has remained open for nearly five months despite repeated escalations and full documentation. 2. What Happened ( CFPB Describe what happened field ) Purchases were made at Lowes on XX/XX/XXXX and XX/XX/XXXX. All merchandise was returned to Lowes Store # XXXX. Lowes confirmed all refunds were processed on their end. Synchrony initially issued provisional credits, then reversed them without providing a clear reason. I submitted multiple disputes and a 108 page evidence packet showing proof of returns, Lowes confirmations, and reconciliation tables. Synchrony later charged {$260.00} ( two charges of {$130.00} ) corresponding to reimbursement from XXXX for two Lowes Protection Plans. I acknowledge this adjustment. The remaining $ XXXXthe portion of the original purchase amounts paid directly to Synchronyhas still not been refunded. Dispute IDs filed with Synchrony include : # XXXX, # XXXX, # XXXX, # XXXX, # XXXX, # XXXX, # XXXX, # XXXX, # XXXX The dispute has been active since XX/XX/XXXX with no final resolution. 3. Steps Taken to Resolve the Issue ( CFPB What have you tried? field ) Submitted multiple disputes through Synchronys dispute portal. Provided Lowes return confirmations and receipts. Submitted a detailed reconciliation worksheet showing the remaining balance owed. Sent a 108 page escalation packet with all evidence. Contacted Lowes XXXXXXXX XXXX XXXX, who confirmed all refunds were completed on their end. Sent certified mail to Synchronys XXXX XXXX XXXX XXXX at : XXXX XXXX XXXX XXXX, XXXXXXXX XXXX XXXXXXXX Also mailed supporting documents to Synchronys operations center at : XXXX XXXX XXXX XXXX, XXXXXXXX XXXX XXXXXXXX Despite these efforts, Synchrony has not resolved the remaining refund. 4. Impact ( CFPB How were you affected? field ) Due to Synchronys repeated delays and reversals, I incurred : Certified mail fees Printing and documentation preparation costs Postage for prior submissions Materials used to prepare the 108 page packet Significant time spent preparing evidence Time spent communicating with Lowes and Synchrony over several months This has resulted in financial loss and substantial time burden.",Problem with a purchase shown on your statement,Credit card,Store credit card,Credit card company isn't resolving a dispute about a purchase on your statement,SYNCHRONY FINANCIAL,2026-07-28T15:35:18.000Z,VA,23233,Closed with monetary relief,Web
24672294,"I am filing this complaint because Military Star failed to timely stop the allotment being deducted from my military retirement pay, even though my account had already been brought current. My Military Star account has a past due balance of {$0.00} and a minimum payment due of {$0.00}, yet {$320.00} was still withheld from my military retirement pay and applied to my account. The attached documentation shows : * My Military Star account is current with no past due balance. * A payment of {$320.00} was applied to my account. * My DFAS Retiree Account Statement shows a {$320.00} allotment was deducted from my military retirement pay. * DFAS records later show the allotment was changed from {$320.00} to {$0.00}, confirming the allotment was eventually removedbut only after my retirement pay had already been withheld. Military Star had an obligation to timely notify XXXX to stop the allotment once my account became current. Because they failed to do so, I was improperly deprived of {$320.00} from my military retirement pay. As a retired military service member, I should not have had money withheld from my retirement after my account was brought current. I expect Military Star to correct this error, reimburse the improperly withheld funds, and provide a full explanation of why this occurred.",Attempts to collect debt not owed,Debt collection,Credit card debt,Debt was paid,Army and Air Force Exchange Service,2026-07-28T08:40:00.000Z,FL,32211,Closed with explanation,Web
24030223,"I contracted a loan to be used towards a asthetics procedure. The clinic is called XXXX XXXX XXXX XXXX XXXX, and the loan was through Cherry Technologies. The clinic ended up closing and the service was never provided, I paid maybe 8 installments of the total loan. I tried connecting with Cherry Technologie, to see if I was able to cancel anything and retrieve my money considering the clinic was no longer operating and they told me to submit a dispute. I did, with them directly, and not only they denied my reinbursement, they also posted on my credit as a charge off. I send them a dispute / validation letter, through certified mail on XX/XX/XXXX, to which I have not received any response in writing, so I am sending a new letter for their fail to respond. I am also submitting a dispute to all the bureaus for the charge off to be investigated and removed altogether from my credit report, as well as submitting this complain for them to be investigated. They are not communicating with their consumers as they are required by law.",Problem with a company's investigation into an existing problem,"Payday loan, title loan, personal loan, or advance loan",Installment loan,Difficulty submitting a dispute or getting information about a dispute over the phone,CHERRY TECHNOLOGIES INC.,2026-07-09T16:09:23.000Z,IL,605XX,Closed with explanation,Web
24511969,"Product/Service : Checking AccountIssue : Account frozen / Funds held without explanationComplaint Text : On XX/XX/year>, Ally Bank XXXX XXXX transfer and XXXX capabilities without warning or explanation. On XX/XX/year>, a {$700.00} check deposit cleared into my account. Immediately after clearance, Ally Bank froze my entire account.I called the fraud department, spent over an hour on the phone, and successfully passed all identity verification questions. Despite passing, I was told my cleared money would be held for "" XXXX business days '' with no option for temporary access. The representative explicitly told me to reroute my paychecks because Ally would freeze those as well. Right after my access was cut, I received automated emails about a new debit card shipping and an outbound transfer taking place, which I can neither track nor verify due to the lockout.I work from home. My utility bills ( XXXX XXXX XXXX XXXX ) are on strict pay agreements due between tomorrow ( XX/XX/XXXX ) and Monday ( XX/XX/XXXX ). Ally Bank 's refusal to release cleared funds after successful verification is actively causing me severe financial injury and placing my employment in immediate jeopardy. I request immediate release of my funds and an investigation into their compliance practices regarding automated holds.",Managing an account,Checking or savings account,Savings account,Deposits and withdrawals,ALLY FINANCIAL INC.,2026-07-23T09:43:51.000Z,IN,46901,Closed with non-monetary relief,Web
24153502,"I reached an agreement to pay a debt of {$3800.00} up till XX/XX/year>. I am honoring the agreement reached by making payment within the payment window but to my surprise they changed payment portal without informing me about the change and I called to speak with a representative but to no avail. Also, I realized the outstanding amount owed is not reflected in the payment portal set by the debt collector. Furthermore, I reached out to them to express my concerns only for me to be hearing some funny statement that we have to reach another agreement which to me is inappropriate, inaccurate and fraudulent. The associate I spoke with XXXX XXXX at Moore Law. I am planning to expedite the balance of payment remaining ( {$2700.00} ) which is still within the deadline for my final payment of XX/XX/year> ). As at today that I am lodging this complaint, I called with the intention of paying {$1000.00} to reduce the outstanding balance to {$1700.00} but because the previous payment of {$1100.00} paid so far is not accurately captured. I am losing confidence in making further payment when I am not certain it is going to be adequately account for.",False statements or representation,Debt collection,Credit card debt,Attempted to collect wrong amount,"Burke Moore Law Group, LLP",2026-07-13T21:55:21.000Z,CO,80134,Closed with explanation,Web
24483655,"Summary : Citibank improperly denied a fraud and identity theft dispute regarding unauthorized chargesincluding an original {$4000.00} charge and a {$1200.00} change orderincorrectly labeling an active criminal signature forgery case as a "" manufacturer 's warranty issue. '' Details of Events : XXXX. Unauthorized Charges & Criminal Forgery : The Home Depot and subcontractor XXXX XXXX XXXX generated fraudulent completion documents and a {$1200.00} change order containing forged customer signatures for an incomplete flooring project. Totaling all unauthorized billings, the charges equal {$4000.00} plus additional fee adjustments. XXXX. Police Report & Evidence Filed : An active police report was filed with the XXXX XXXX XXXX ( Case # XXXX ) for felony signature forgery. I hold verified workplace video timestamps and location records proving physical impossibility of being present at the property to sign documents on XX/XX/year>. Furthermore, the submitted paperwork contains glaring fraud, including XXXX separate conflicting completion certificates signed under different names on the same date. XXXX. Improper Dispute Handling : I formally disputed these charges with Citibank and provided notice of the active criminal police investigation. On XX/XX/year>, Citibank issued a blanket denial letter falsely stating that the dispute was a "" manufacturer 's warranty issue '' and refusing to investigate the electronic signature forgery. XXXX. Requested Resolution : Citibank must immediately re-open the fraud investigation under their Identity Theft/Forgery department, credit all fraudulent charges ( including the {$4000.00} balance and the {$1200.00} change order ) back to the account, remove all associated fees/interest, and ensure no negative reporting is made to consumer credit bureaus while this criminal forgery case is resolved.",Problem with a purchase shown on your statement,Credit card,Store credit card,Credit card company isn't resolving a dispute about a purchase on your statement,"CITIBANK, N.A.",2026-07-22T18:28:16.000Z,IL,60586,Closed with explanation,Web
24029514,"XXXXDear CFPBXXXX, XXXX XXXX XXXX XXXX, AM DEMANDING RETROACTIVE AND PERMANENT REMOVAL OF XXXX INCORRECT AND ERRED DEROGATORY CREDIT REPORTING OF 120-DAYS DELINQUENT [XXXX XXXX XXXX XXXX], AS THE EDUCATIONAL STUDENT LOANS HAVE NEVER BEEN DELINQUENT, NOR LATE PRIOR TO XXXX XXXX XXXX. PLEASE KNOW: MY EDUCATIONAL STUDENT LOANS HAVE ALWAYS BEEN IN A PROTECTED STATUS, EITHER THROUGHXXXXANNUALLY RECERTIFIED INCOME-DRIVEN REPAYMENT PLAN, IDR, ACCURATELY CALCULATED AT ($0/MONTHLYXXXX XXXXOR IN A MANDATED PAYMENT PAUSE DURING THE XXXX XXXX ERA, XXXXOR IN AN APPROVED ADMINISTRATIVE FORBEARANCEXXXXNEVER DELINQUENT. XXXX DEFIANTLY REFUSES TO ACKNOWLEDGE AND HONOR THE XXXX XXXX XXXX APPROVED, INVOLUNTARILY IMPLEMENTED ADMINISTRATIVE FORBEARANCE. I AM DEMANDING THE ASSISTANCE OF THE CFPB, BY WAY OF FEDERAL STUDENT AID OMBUDSMAN, IN ASSISTANCE IN MAKING XXXX ACKNOWLEDGE AND HONOR THE INVOLUNTARILY PLACED ADMINISTRATIVE FORBEARANCE XXXX XXXX XXXX XXXX), AND MAKE XXXX RETROACTIVELY AND PERMANENTLY REMOVE THEIR FACTUALLY INACCURATE ADVERSE CREDIT REPORTING [OF 120-DAYS DELINQUENT], BECAUSE EDUCATIONAL STUDENT LOANS HAVE NEVER BEEN DELINQUENT. I ATTEST, AFFIRM, AND CERTIFY THE INFORMATION IS VERY ACCURATE AND VERY TRUTHFULXXXXVERY BLESSED,XXXX XXXX XXXX XXXX XXXX XXXX XXXX XXXX XXXX XXXX XXXX XXXX XXXX XXXX XXXX XXXX",Took or threatened to take negative or legal action,Debt collection,Federal student loan debt,Threatened or suggested your credit would be damaged,Servicer under contract with Federal Student Aid,2026-07-09T16:00:22.000Z,AL,XXXXX,Untimely response,Web
24670334,I have no knowledge of or affiliation with these accounts ; please delete them within 15 days pursuant to USC 1681g.,Incorrect information on your report,Credit reporting or other personal consumer reports,Credit reporting,Information belongs to someone else,"TRANSUNION INTERMEDIATE HOLDINGS, INC.",2026-07-28T03:52:35.000Z,TX,77489,Closed with non-monetary relief,Web
24685632,"My wife died on XX/XX/XXXX with will that showed our two daughters as beneficiaries to her half of our estate. Louisiana widowers have usufruct. I completed payments on the mortgage on our home in XXXX, XXXX, and the mortgage company sent a check to me and my deceased wife for the escrow balance. I sent the company the death certificate and asked them to send a check to me only. They said they needed the succession judgment. Later, I notified them it would not burden me if they split the escrow 50 % to me and 25 % to each of our 2 daughters. After a few days, they insisted they must have the succession. My lawyer sent it to them on XX/XX/XXXX. On XX/XX/XXXX, I called and they could not find the lawyer 's transmittal. I forwarded the succession judgement. Standard Mortgage received it but asked if our daughters had given their shares to me. Despite usufruct, I repeated that it would be alright to give them 25 % shares of the escrow and informed them our daughters ' mailing address. Standard responded, "" It will be reviewed '' -- nonsense to this widower. On XX/XX/XXXX, I wrote to them that I have lost faith in their diligence, want the escrow of {$670.00} and feel they should also pay interest of about {$80.00}. So far, they have not answered my message. If I am forced to get legal aid, I will list the additional charges to my succession lawyer. I assume that they are not concerned with the inconvenience, cost, and pain they have imposed on me on the occasion of the passing of my wife of 56 years. They are : STANDARD MORTGAGE CORPORATION XXXX XXXX XXXX XXXX XXXX XXXX XXXX XXXX, XXXX XXXX XXXX ( XXXX ) XXXX Thank you, CFPB, XXXX XXXX",Trouble during payment process,Mortgage,Conventional home mortgage,"Escrow, taxes, or insurance",STANDARD MORTGAGE CORPORATION,2026-07-28T16:24:35.000Z,LA,70808,Closed with explanation,Web
24691255,"Reported unauthorized transactions on XX/XX/year>. The unauthorized left my account negative and Wells Fargo charged various overdraft fees. I contacted them saying I understand you have 10 days to investigate, but these stolen funds have left me with a negative balance and I can not buy food or pay bills. I am requesting an expedited provisional credit due to severe financial hardship and a temporary fee suspension on my account this was on XX/XX/year>, I spoke to representative XXXX, employee ID : XXXX. Wells Fargo refused to comply or provide any support. Wells Fargo is actively penalizing a fraud victim by charging overdraft fees on unauthorized transactions and refusing hardship relief.",Managing an account,Checking or savings account,Checking account,Problem using a debit or ATM card,WELLS FARGO & COMPANY,2026-07-28T19:27:46.000Z,TX,77026,Closed with explanation,Web
24365309,I had no knowledge of these fraudulent inquiries nor did I authorize them. I had previously submitted the FTC report and it was overlooked by the following companies XXXX XX/XX/year> XXXX XXXX XXXX XXXX XXXX XXXX XXXX XXXXXX/XX/year>,Problem with a company's investigation into an existing problem,Credit reporting or other personal consumer reports,Credit reporting,Their investigation did not fix an error on your report,"TRANSUNION INTERMEDIATE HOLDINGS, INC.",2026-07-20T00:43:49.000Z,GA,303XX,Closed with non-monetary relief,Web
24736131,"There are collection accounts on my report that I believe contain inaccurate information. Under my rights pursuant to XXXX XXXX XXXX ( b ) and XXXX XXXX XXXX, I am entitled to an accurate credit report. I request a review of these entries, and if they can not be verified as accurate, I ask that they be removed.",Written notification about debt,Debt collection,Other debt,Notification didn't disclose it was an attempt to collect a debt,"TRANSUNION INTERMEDIATE HOLDINGS, INC.",2026-07-29T19:07:45.000Z,FL,34741,Closed with non-monetary relief,Web
24152971,"I am a victim of identity theft. Attached are my FTC Identity Theft Report, identity documents, and legal demand under FCRA 605B ( 15 U.S.C. 1681c-2 ). I demand the immediate deletion of all fraudulent accounts listed in my letter within 4 business days, as required by federal law. Failure to comply will result in me filing formal complaints with the CFPB, FTC, State Attorney General, and pursuing civil litigation for willful noncompliance under FCRA 616 & 617. You are legally obligated to block and permanently delete this information. Any refusal, failure, or delay will be treated as intentional violation of my consumer rights, exposing Transunion to statutory, actual, and punitive damages, including attorneys fees. I expect written confirmation once deletions are complete.",Problem with a company's investigation into an existing problem,Credit reporting or other personal consumer reports,Credit reporting,Investigation took more than 30 days,"TRANSUNION INTERMEDIATE HOLDINGS, INC.",2026-07-13T22:04:10.000Z,MS,39047,Closed with explanation,Web
